temperature,humidity,wind_speed,rainfall_7d,consecutive_dry_days,soil_moisture,land_type,month,risk_score,risk_level,fire_occurred
30.6,56.2,11.8,0.0,15,60.3,1,7,0.893,Critical,1
30.8,52.0,9.9,2.9,1,95.0,0,8,0.456,Medium,0
24.0,82.8,6.8,7.2,3,87.0,0,1,0.042,Low,1
25.9,93.3,0.9,3.9,3,88.0,0,3,0.106,Low,0
34.1,35.3,9.8,0.0,22,44.5,1,8,0.902,Critical,0
28.5,79.4,7.6,4.7,4,86.7,0,4,0.135,Low,0
24.7,79.1,12.7,22.1,4,84.9,1,12,0.089,Low,0
27.7,85.8,5.6,5.9,2,91.3,0,12,0.041,Low,0
24.9,77.4,16.3,22.1,2,90.0,0,3,0.07,Low,0
24.2,75.8,8.0,17.8,4,84.6,0,10,0.048,Low,0
30.2,84.6,10.4,1.7,16,57.6,0,11,0.495,Medium,0
25.5,75.1,13.9,15.6,0,95.0,1,11,0.032,Low,0
32.3,35.0,28.3,0.0,13,66.2,0,7,0.842,Critical,1
24.0,77.8,8.7,4.9,0,94.5,1,10,0.198,Low,0
27.7,77.9,14.3,4.1,4,86.3,1,5,0.063,Low,0
28.0,82.3,8.5,29.3,3,89.0,1,11,0.09,Low,1
25.9,86.8,11.4,16.9,0,95.0,0,3,0.0,Low,0
28.6,68.2,9.9,4.2,3,89.3,0,10,0.265,Low,0
28.9,34.2,12.2,3.1,2,92.0,1,7,0.66,High,0
32.7,41.4,27.1,0.0,5,86.4,0,8,0.674,High,1
29.7,72.1,3.5,10.7,4,87.3,0,4,0.155,Low,0
27.0,89.6,6.7,19.2,2,91.0,0,11,0.136,Low,0
27.0,79.5,12.9,45.9,4,86.0,0,1,0.013,Low,0
25.1,73.2,7.6,7.5,1,92.6,1,3,0.0,Low,1
27.1,68.9,10.9,18.2,4,86.1,0,2,0.078,Low,0
28.0,95.0,12.6,23.8,3,89.0,1,2,0.252,Low,1
27.3,71.2,8.1,5.1,1,93.7,1,2,0.048,Low,0
26.1,86.7,8.8,3.6,4,85.5,0,10,0.0,Low,0
30.3,72.1,7.7,20.4,1,95.0,0,4,0.176,Low,0
36.5,41.9,1.8,0.0,17,58.2,0,7,0.783,Critical,0
30.0,73.1,2.8,0.0,9,75.0,0,7,0.461,Medium,1
28.4,82.8,5.6,0.7,9,74.2,1,4,0.42,Medium,1
27.1,95.0,11.2,1.1,6,81.1,0,10,0.195,Low,0
28.2,86.3,3.3,25.8,3,89.1,0,11,0.11,Low,0
25.7,71.1,5.3,14.4,0,95.0,1,10,0.0,Low,0
25.8,75.2,16.1,19.9,4,85.4,1,10,0.118,Low,0
28.5,82.9,8.2,22.5,4,86.7,0,5,0.106,Low,0
31.0,53.1,8.4,0.0,23,40.5,0,7,0.747,High,1
31.0,61.8,9.0,0.0,20,48.0,0,9,0.613,High,1
28.4,53.2,11.2,6.0,4,86.7,0,9,0.344,Low,0
26.5,81.6,2.0,31.8,0,95.0,1,5,0.0,Low,0
31.5,37.8,14.9,0.0,17,55.7,0,6,0.796,Critical,1
31.9,60.1,18.0,0.0,21,45.9,0,9,0.502,Medium,0
29.3,76.7,10.3,1.2,19,49.6,1,5,0.503,Medium,0
36.6,67.2,4.6,0.2,10,75.8,0,6,0.527,Medium,1
28.6,67.2,5.2,6.7,3,89.3,1,10,0.317,Low,0
30.8,65.9,13.5,1.2,10,72.9,1,4,0.682,High,1
35.7,51.7,17.0,0.0,5,87.8,0,8,0.649,High,0
29.9,77.1,19.1,4.8,3,89.9,1,1,0.406,Medium,0
27.6,67.2,4.9,4.3,4,86.3,1,10,0.186,Low,0
24.8,50.2,6.7,5.5,0,94.9,0,12,0.251,Low,0
32.4,57.7,20.7,0.0,10,73.7,1,7,0.858,Critical,1
27.5,80.0,5.7,9.0,3,88.7,0,11,0.095,Low,0
27.5,77.9,14.6,9.2,1,93.7,1,10,0.0,Low,0
25.8,80.9,3.6,6.4,2,90.4,1,11,0.098,Low,0
27.0,71.5,5.2,1.9,13,63.5,0,3,0.139,Low,1
29.1,51.5,28.7,0.0,21,44.5,0,9,0.731,High,1
33.9,78.5,6.5,0.0,17,56.9,0,8,0.693,High,0
27.9,77.0,3.6,4.2,0,95.0,1,12,0.088,Low,0
28.8,40.7,6.3,0.0,8,76.9,0,6,0.485,Medium,0
37.4,68.3,12.3,0.0,13,68.7,0,6,0.691,High,1
28.7,78.2,9.2,1.6,10,71.8,0,11,0.309,Low,1
31.9,25.0,13.6,0.0,6,83.4,0,8,0.73,High,0
33.1,53.4,26.0,0.7,8,79.1,0,9,0.719,High,1
27.1,76.3,9.3,40.3,4,86.0,0,10,0.0,Low,0
31.0,33.2,9.9,0.0,9,75.5,0,7,0.696,High,1
25.0,82.6,7.1,50.3,4,85.0,1,3,0.004,Low,0
31.6,56.4,13.7,0.6,23,40.8,1,8,0.835,Critical,0
32.9,44.0,27.7,2.9,0,95.0,1,9,0.746,High,0
32.0,41.0,8.7,0.0,10,73.5,1,7,0.826,Critical,1
29.3,85.7,8.9,2.5,0,95.0,1,1,0.275,Low,0
27.8,81.8,10.7,25.8,3,88.9,0,2,0.003,Low,0
32.0,85.7,16.3,17.8,3,91.0,1,4,0.404,Medium,0
32.9,28.7,22.2,0.5,17,56.4,0,8,0.857,Critical,1
26.1,78.9,14.0,38.4,1,93.1,1,11,0.014,Low,1
31.5,46.0,5.7,0.0,5,85.8,1,8,0.952,Critical,1
33.3,40.4,13.4,0.4,24,39.2,0,9,0.819,Critical,1
28.3,79.3,14.4,36.6,0,95.0,0,2,0.17,Low,0
26.7,69.9,12.1,2.4,3,88.3,0,11,0.151,Low,0
29.7,66.2,6.4,0.0,21,44.9,0,7,0.628,High,1
24.8,89.1,0.3,7.7,2,89.9,0,3,0.064,Low,0
26.5,84.7,2.4,0.4,22,40.7,1,10,0.586,High,1
26.6,51.2,7.5,0.8,6,80.8,1,7,0.601,High,0
27.1,64.5,3.8,15.0,0,95.0,0,4,0.0,Low,0
30.5,68.1,4.1,13.4,3,90.3,1,5,0.434,Medium,0
25.7,79.7,7.7,2.3,1,92.8,0,5,0.099,Low,0
27.7,95.0,13.5,2.3,2,91.3,0,2,0.185,Low,0
29.3,77.9,20.5,7.8,1,94.7,1,5,0.285,Low,0
25.2,91.3,16.7,36.9,1,92.6,0,2,0.009,Low,0
35.6,45.8,9.7,0.0,15,62.8,0,6,0.817,Critical,1
25.2,77.0,12.5,2.2,0,95.0,0,3,0.068,Low,0
27.3,95.0,7.7,22.1,4,86.1,0,1,0.0,Low,0
27.5,31.3,6.0,3.6,1,93.8,0,8,0.349,Low,0
25.8,77.4,13.0,11.7,2,90.4,1,1,0.073,Low,0
34.7,66.3,16.9,0.1,20,49.9,1,6,1.0,Critical,0
24.4,71.4,13.0,8.2,4,84.7,0,5,0.031,Low,0
27.1,88.8,19.8,12.3,4,86.0,0,10,0.018,Low,0
29.6,88.7,10.6,16.3,4,87.3,1,12,0.163,Low,0
34.2,53.1,8.2,0.0,22,44.6,1,7,1.0,Critical,1
25.6,95.0,4.8,7.6,0,95.0,0,5,0.137,Low,1
32.4,37.9,3.2,0.0,5,86.2,1,8,0.927,Critical,0
26.4,85.9,7.0,9.4,4,85.7,1,5,0.0,Low,0
32.1,53.5,36.4,0.0,13,66.1,0,6,0.718,High,1
35.0,67.0,5.2,0.0,7,82.5,0,7,0.61,High,1
24.0,73.1,6.1,46.7,3,87.0,0,5,0.025,Low,0
26.6,64.0,2.6,19.3,1,93.3,0,2,0.095,Low,0
32.1,58.2,26.8,4.8,3,91.0,1,8,0.62,High,0
33.8,38.9,12.8,1.9,14,64.4,0,9,0.84,Critical,1
25.4,90.5,10.8,3.2,4,85.2,1,4,0.076,Low,0
27.2,74.9,4.7,8.5,1,93.6,0,12,0.03,Low,0
27.4,82.1,4.9,2.7,3,88.7,0,4,0.01,Low,0
28.9,73.3,27.8,13.5,3,89.5,0,11,0.278,Low,0
26.9,77.1,2.7,1.6,13,63.4,0,10,0.232,Low,0
29.0,72.2,14.0,30.4,3,89.5,0,2,0.152,Low,0
27.5,65.8,4.6,7.9,3,88.7,1,4,0.111,Low,0
33.6,61.4,6.3,0.6,21,46.8,0,8,0.692,High,1
29.0,38.7,10.6,2.9,0,95.0,0,7,0.532,Medium,1
35.8,49.5,2.1,0.0,6,85.4,1,9,0.978,Critical,1
24.0,70.5,15.6,45.8,0,94.5,0,2,0.094,Low,0
31.2,50.6,2.0,8.5,0,95.0,0,8,0.346,Low,1
26.1,86.6,13.1,0.6,16,55.5,0,1,0.331,Low,0
27.4,85.0,22.0,41.0,1,93.7,1,3,0.181,Low,0
31.2,76.4,31.4,9.8,0,95.0,0,11,0.359,Medium,0
24.9,73.8,13.0,12.2,1,92.5,1,2,0.101,Low,0
32.1,51.4,13.0,0.0,5,86.0,1,8,0.819,Critical,1
28.9,85.0,1.2,65.9,1,94.4,1,5,0.105,Low,0
26.8,75.0,22.4,16.0,2,90.9,0,4,0.152,Low,0
25.7,59.7,5.6,7.8,1,92.8,0,12,0.131,Low,0
30.2,48.3,3.8,0.0,11,70.1,0,7,0.643,High,1
28.7,62.9,17.1,0.0,16,56.8,0,6,0.515,Medium,0
26.7,86.0,5.1,2.4,4,85.8,0,11,0.002,Low,0
25.5,67.6,21.1,11.4,0,95.0,1,1,0.1,Low,0
27.3,86.7,5.4,2.0,9,73.7,1,12,0.227,Low,1
30.4,43.6,25.0,0.0,15,60.2,0,7,0.789,Critical,1
28.1,56.0,0.8,0.0,17,54.1,0,9,0.515,Medium,0
27.6,72.8,17.4,17.7,1,93.8,0,12,0.022,Low,1
28.9,80.5,5.8,17.5,0,95.0,1,2,0.153,Low,0
28.7,92.5,3.4,5.7,0,95.0,0,5,0.128,Low,0
31.3,43.9,10.4,1.7,6,83.2,1,9,0.711,High,0
26.4,85.6,16.4,14.9,1,93.2,0,3,0.0,Low,0
31.4,86.9,0.7,13.3,1,95.0,1,12,0.388,Medium,0
27.1,87.0,5.7,7.2,1,93.6,0,5,0.049,Low,0
29.8,82.5,12.8,0.3,15,59.9,0,4,0.473,Medium,0
27.3,81.0,2.7,3.2,4,86.1,1,12,0.051,Low,0
27.1,84.2,4.0,7.7,4,86.1,0,11,0.058,Low,0
25.9,82.1,16.1,37.5,3,88.0,0,11,0.0,Low,0
28.0,59.8,10.0,23.7,1,94.0,0,1,0.163,Low,0
26.4,84.0,14.1,25.9,3,88.2,1,10,0.01,Low,0
25.3,95.0,2.8,29.8,4,85.2,0,3,0.015,Low,1
28.9,95.0,5.2,10.3,1,94.5,0,3,0.032,Low,0
24.1,62.7,16.4,2.1,2,89.6,1,2,0.325,Low,0
30.1,60.4,18.0,0.0,10,72.6,0,7,0.616,High,1
28.0,85.7,9.7,13.5,2,91.5,0,1,0.0,Low,0
24.0,67.4,8.3,13.0,1,92.0,1,3,0.081,Low,0
31.2,35.7,19.3,0.0,12,68.1,1,9,0.985,Critical,0
29.3,46.2,18.9,0.3,11,69.6,1,7,0.937,Critical,1
28.4,85.7,4.2,41.5,0,95.0,0,12,0.033,Low,0
33.1,43.6,24.7,0.0,21,46.6,0,7,0.965,Critical,1
27.7,94.0,4.6,25.6,4,86.4,0,3,0.022,Low,0
27.1,77.9,17.5,29.7,3,88.5,1,3,0.069,Low,0
30.7,61.2,4.2,0.0,19,50.4,1,6,0.918,Critical,1
27.1,62.2,3.6,3.7,1,93.6,1,12,0.143,Low,0
24.3,80.2,7.8,14.5,0,94.7,0,3,0.0,Low,0
26.3,72.3,10.4,10.7,0,95.0,0,5,0.0,Low,0
28.9,81.4,15.4,15.9,2,92.0,0,4,0.164,Low,0
34.2,59.1,8.1,0.0,19,52.1,0,7,0.691,High,0
28.3,52.2,8.2,0.0,24,36.7,0,8,0.629,High,1
26.2,82.4,17.6,29.4,1,93.1,1,4,0.072,Low,0
32.7,41.2,7.1,0.0,12,68.9,0,9,0.631,High,1
25.1,60.7,10.9,32.1,4,85.1,1,2,0.062,Low,0
28.6,87.8,7.6,10.7,1,94.3,0,5,0.105,Low,0
28.4,87.3,5.7,16.2,1,94.2,0,4,0.078,Low,1
27.3,80.0,3.9,48.2,1,93.7,0,12,0.0,Low,0
27.1,80.1,22.6,16.0,2,91.1,0,11,0.095,Low,0
25.8,67.7,1.4,43.0,3,87.9,0,2,0.0,Low,0
24.3,85.3,10.5,37.7,1,92.2,1,1,0.013,Low,0
32.9,69.2,17.9,0.0,17,56.5,0,8,0.59,High,1
25.9,82.7,19.2,11.7,4,85.5,1,4,0.106,Low,0
36.5,57.5,10.6,0.0,14,65.8,0,6,0.695,High,0
26.6,71.2,5.1,19.8,2,90.8,0,12,0.029,Low,0
31.7,50.2,4.2,0.0,15,60.8,1,9,1.0,Critical,1
30.0,25.0,12.7,0.0,12,67.5,0,6,0.697,High,1
26.2,68.6,16.4,19.3,4,85.6,0,4,0.067,Low,0
27.0,72.7,23.6,5.8,2,91.0,0,4,0.198,Low,0
28.9,83.5,0.2,6.0,0,95.0,0,10,0.19,Low,0
28.2,83.6,3.7,15.2,3,89.1,1,11,0.203,Low,0
32.8,33.5,13.9,8.0,2,93.9,1,6,0.879,Critical,1
28.0,73.7,2.8,1.3,11,69.0,1,10,0.306,Low,0
34.3,59.3,10.8,3.2,3,92.1,0,8,0.345,Low,0
25.0,70.9,10.8,4.8,1,92.5,1,10,0.064,Low,0
30.7,49.8,9.0,0.0,19,50.3,0,9,0.643,High,0
29.3,75.0,12.3,58.3,4,87.2,1,4,0.258,Low,0
28.8,37.1,5.0,2.4,4,86.9,0,8,0.531,Medium,0
27.4,75.1,4.1,9.9,4,86.2,0,11,0.004,Low,0
30.9,74.1,25.8,0.0,12,67.9,0,9,0.548,Medium,0
25.7,71.6,5.6,11.0,4,85.4,1,3,0.0,Low,0
27.2,83.1,10.9,1.5,7,78.6,1,11,0.304,Low,0
26.0,87.7,0.7,8.7,2,90.5,0,4,0.0,Low,0
35.2,41.5,3.6,0.0,18,55.1,0,8,0.744,High,1
24.5,79.7,1.8,2.8,0,94.8,0,4,0.165,Low,1
32.7,59.1,7.1,0.0,13,66.4,1,8,0.767,Critical,1
27.5,77.6,18.2,32.0,2,91.3,0,1,0.142,Low,1
30.7,56.7,10.4,0.0,10,72.9,0,9,0.496,Medium,0
24.3,86.7,14.1,11.2,4,84.7,0,12,0.002,Low,1
25.9,74.7,4.7,15.8,0,95.0,1,1,0.0,Low,0
25.2,80.6,2.8,1.1,11,67.6,0,11,0.259,Low,0
26.0,84.2,20.7,5.5,4,85.5,0,1,0.171,Low,0
28.4,83.3,2.7,16.7,2,91.7,0,4,0.142,Low,0
30.6,34.1,6.9,0.0,21,45.3,0,6,0.749,High,0
28.1,85.1,16.6,11.4,2,91.5,1,10,0.298,Low,0
27.7,56.3,14.1,0.0,12,66.4,1,6,0.526,Medium,1
31.7,48.0,8.8,2.7,0,95.0,1,6,0.733,High,1
34.4,56.0,9.6,0.0,16,59.7,1,9,1.0,Critical,1
29.5,44.4,21.4,0.4,8,77.3,0,9,0.556,High,1
29.8,38.8,10.8,0.0,22,42.4,0,6,0.699,High,1
26.6,80.4,0.4,14.6,2,90.8,0,10,0.0,Low,0
26.6,78.1,17.5,10.8,2,90.8,0,1,0.001,Low,0
32.5,41.0,6.4,2.0,2,93.8,0,8,0.41,Medium,0
30.0,72.3,10.8,16.8,0,95.0,1,1,0.188,Low,0
28.4,81.4,6.1,24.2,3,89.2,0,10,0.129,Low,0
28.8,78.9,1.5,8.0,4,86.9,1,12,0.18,Low,0
27.1,95.0,6.5,20.3,4,86.1,0,11,0.0,Low,0
33.4,61.0,0.4,0.0,9,76.7,0,8,0.678,High,1
34.1,65.4,11.8,1.0,10,74.6,1,9,0.942,Critical,1
25.1,60.8,22.2,33.1,1,92.6,0,2,0.143,Low,1
25.0,89.9,6.8,33.1,0,95.0,1,12,0.0,Low,0
29.6,89.2,5.2,5.6,4,87.3,0,10,0.14,Low,0
31.9,53.4,4.1,0.0,7,81.0,1,8,0.921,Critical,1
24.0,66.4,4.0,2.1,1,92.0,0,11,0.128,Low,0
24.0,68.2,8.4,14.0,3,87.0,0,5,0.058,Low,0
29.0,51.7,25.3,1.7,14,62.0,1,6,0.937,Critical,1
26.7,74.2,1.0,2.2,2,90.8,0,10,0.137,Low,0
27.6,85.2,28.5,7.5,3,88.8,1,4,0.281,Low,0
32.6,55.6,17.5,0.4,21,46.3,1,6,0.95,Critical,1
27.8,77.8,17.9,7.1,2,91.4,0,10,0.077,Low,0
24.0,95.0,17.2,7.9,2,89.5,1,11,0.131,Low,0
34.9,47.5,7.5,7.8,1,95.0,0,7,0.55,High,0
27.2,86.6,21.3,6.1,2,91.1,0,11,0.185,Low,0
25.9,84.9,12.1,21.0,4,85.5,1,3,0.081,Low,0
27.7,86.6,8.2,7.9,2,91.4,0,1,0.006,Low,0
30.5,83.4,11.1,27.7,3,90.2,1,12,0.34,Low,1
29.0,87.9,11.4,5.2,2,92.0,0,2,0.133,Low,0
33.6,35.1,8.7,0.4,21,46.8,1,7,1.0,Critical,0
30.6,87.9,9.8,18.8,3,90.3,0,10,0.175,Low,0
27.8,73.9,8.2,2.2,1,93.9,1,4,0.062,Low,0
25.7,78.1,16.1,27.4,0,95.0,0,1,0.0,Low,0
26.5,71.8,14.0,23.3,2,90.7,0,12,0.006,Low,0
31.8,73.8,23.1,0.0,15,60.9,1,8,0.789,Critical,0
27.8,71.6,6.0,10.4,3,88.9,1,12,0.0,Low,0
26.9,73.9,7.4,8.1,4,85.9,0,3,0.0,Low,0
35.5,46.7,10.9,1.0,12,70.3,1,6,0.932,Critical,1
29.3,75.3,28.5,1.3,15,59.6,0,5,0.313,Low,0
27.2,79.4,8.9,20.0,0,95.0,1,5,0.046,Low,0
25.1,94.1,9.8,22.3,0,95.0,0,10,0.0,Low,0
27.4,88.0,4.1,15.4,3,88.7,0,5,0.049,Low,0
24.3,83.4,13.5,7.6,3,87.1,1,3,0.136,Low,0
27.3,72.4,8.1,42.9,4,86.1,0,12,0.065,Low,0
35.4,34.9,5.0,0.0,14,65.2,0,6,0.895,Critical,1
27.1,71.5,2.6,5.1,3,88.6,0,11,0.058,Low,0
26.2,69.3,7.4,11.3,4,85.6,1,2,0.08,Low,0
27.8,67.5,9.6,12.3,4,86.4,0,2,0.065,Low,0
28.4,81.6,11.0,48.5,3,89.2,1,11,0.152,Low,0
32.8,40.1,20.1,0.0,20,48.9,1,9,0.968,Critical,1
28.0,83.8,2.5,2.7,1,94.0,1,4,0.134,Low,1
27.0,85.2,0.8,0.7,14,61.0,0,5,0.323,Low,1
28.4,73.5,2.0,0.0,8,76.7,0,5,0.387,Medium,0
31.5,42.2,20.1,7.5,0,95.0,0,9,0.509,Medium,0
24.1,63.3,23.6,34.9,1,92.1,1,4,0.181,Low,0
29.6,55.3,3.9,0.0,15,59.8,0,9,0.359,Medium,0
25.5,85.0,7.4,7.7,3,87.7,1,12,0.081,Low,0
34.5,43.4,3.3,0.0,8,79.7,0,8,0.695,High,1
29.1,74.2,16.2,22.1,1,94.5,1,11,0.049,Low,1
29.5,74.0,7.8,21.8,0,95.0,0,4,0.091,Low,0
30.6,41.2,3.3,0.0,23,40.3,0,8,0.67,High,0
25.1,83.3,11.7,5.4,4,85.0,1,4,0.052,Low,0
27.9,83.6,4.4,2.4,2,91.5,0,11,0.107,Low,0
24.0,60.1,6.6,15.0,2,89.5,1,10,0.077,Low,0
25.1,77.6,11.6,3.0,2,90.0,1,4,0.129,Low,1
34.4,43.3,3.1,5.8,0,95.0,1,9,0.782,Critical,1
27.2,88.3,6.0,14.4,1,93.6,0,3,0.015,Low,0
30.8,78.1,33.6,5.5,4,87.9,1,11,0.621,High,0
25.0,75.8,3.0,16.8,4,85.0,0,3,0.0,Low,0
35.0,53.1,6.2,0.0,15,62.5,0,7,0.757,Critical,1
35.0,39.6,4.6,0.0,20,50.0,0,6,0.892,Critical,1
26.7,73.6,9.4,15.0,2,90.8,1,11,0.025,Low,0
25.1,70.3,10.8,11.0,0,95.0,0,4,0.0,Low,0
30.0,73.1,4.8,7.6,2,92.5,1,12,0.46,Medium,0
25.2,70.0,9.7,1.2,19,47.6,1,3,0.453,Medium,1
31.0,72.4,9.1,1.4,14,63.0,0,6,0.356,Medium,0
29.2,39.0,16.8,0.0,14,62.1,1,6,1.0,Critical,1
26.6,80.2,24.4,7.9,0,95.0,0,3,0.156,Low,0
33.4,49.3,17.9,11.3,0,95.0,0,9,0.463,Medium,0
27.5,75.0,7.5,8.5,0,95.0,0,2,0.041,Low,0
30.1,88.3,14.7,3.3,3,90.1,0,12,0.231,Low,0
31.4,58.4,2.2,0.0,20,48.2,0,9,0.581,High,0
24.0,77.6,5.6,4.4,2,89.5,0,3,0.116,Low,1
24.2,75.3,5.0,37.0,4,84.6,1,10,0.054,Low,0
29.0,76.1,17.2,11.5,2,92.0,1,5,0.217,Low,1
30.0,78.0,2.5,7.9,2,92.5,0,2,0.171,Low,0
26.0,89.5,2.6,2.6,4,85.5,1,1,0.191,Low,0
27.3,79.3,4.6,5.6,3,88.6,0,2,0.066,Low,0
28.6,34.1,11.8,9.2,3,89.3,1,9,0.552,High,1
26.5,71.2,9.5,29.4,1,93.3,1,10,0.149,Low,0
26.6,77.7,6.2,19.2,3,88.3,0,3,0.0,Low,0
28.2,81.3,21.8,11.7,0,95.0,0,1,0.178,Low,0
25.6,67.9,7.0,14.0,2,90.3,0,3,0.035,Low,0
34.6,75.1,1.7,3.6,0,95.0,0,8,0.256,Low,0
31.1,50.7,9.2,1.7,21,45.6,0,6,0.615,High,1
29.2,83.7,16.9,7.9,4,87.1,1,1,0.286,Low,0
27.7,82.6,17.1,31.1,0,95.0,0,12,0.071,Low,0
34.6,87.5,6.2,0.0,18,54.8,0,9,0.711,High,0
25.2,72.6,8.2,20.4,3,87.6,0,3,0.0,Low,0
29.4,74.1,1.1,6.5,2,92.2,1,2,0.256,Low,0
28.8,88.2,13.3,0.1,6,81.9,1,12,0.513,Medium,0
27.8,71.8,18.8,4.3,2,91.4,1,9,0.318,Low,0
26.1,74.2,10.4,21.3,2,90.6,0,11,0.023,Low,0
30.7,86.9,7.8,4.7,2,92.9,0,10,0.189,Low,0
28.7,76.7,2.2,17.9,3,89.4,0,2,0.102,Low,0
28.9,69.2,9.0,5.9,4,86.9,1,1,0.297,Low,0
24.0,82.9,17.1,21.5,3,87.0,1,11,0.072,Low,0
26.1,77.5,6.4,0.6,22,40.5,1,1,0.55,Medium,0
30.5,78.8,27.6,20.7,0,95.0,0,11,0.264,Low,1
28.5,82.9,3.3,6.7,2,91.8,0,11,0.138,Low,1
24.6,83.5,20.3,27.2,2,89.8,0,12,0.101,Low,0
27.5,86.4,9.3,8.8,1,93.7,0,5,0.001,Low,0
26.4,85.7,20.9,9.5,4,85.7,1,3,0.03,Low,0
28.4,77.5,13.3,6.8,1,94.2,0,1,0.18,Low,0
30.9,78.0,16.7,2.5,3,90.5,0,12,0.397,Medium,1
37.0,43.6,6.4,2.8,2,95.0,0,6,0.567,High,1
27.1,82.5,0.3,12.8,1,93.5,1,4,0.0,Low,0
32.5,40.0,6.1,2.9,2,93.7,0,8,0.559,High,0
33.6,40.3,4.9,2.9,0,95.0,0,8,0.524,Medium,0
26.6,83.8,10.5,12.0,1,93.3,0,1,0.0,Low,0
30.2,64.8,12.4,0.0,14,62.6,0,6,0.519,Medium,0
28.2,73.5,5.9,2.5,1,94.1,1,4,0.254,Low,0
30.0,77.1,3.1,2.9,0,95.0,0,5,0.244,Low,0
24.6,59.4,12.3,22.5,1,92.3,0,10,0.162,Low,0
35.8,54.3,28.9,3.2,0,95.0,1,7,0.815,Critical,1
29.7,61.1,8.5,2.1,4,87.3,0,9,0.361,Medium,1
31.6,51.1,9.5,0.0,7,80.8,0,7,0.622,High,1
30.9,50.8,11.5,0.0,7,80.5,1,6,0.885,Critical,1
28.5,82.2,3.5,3.7,1,94.2,0,5,0.225,Low,0
28.1,82.3,19.0,2.5,0,95.0,0,10,0.238,Low,0
25.1,72.8,4.4,9.5,0,95.0,1,11,0.043,Low,0
30.0,80.9,9.5,18.5,1,95.0,0,1,0.207,Low,0
26.7,68.4,7.2,1.0,24,35.8,1,9,0.561,High,1
28.4,73.4,10.6,4.9,3,89.2,0,12,0.127,Low,0
29.5,68.7,12.9,29.1,1,94.8,0,11,0.158,Low,1
30.1,72.4,2.7,48.9,2,92.6,1,1,0.385,Medium,1
29.2,80.7,12.3,5.0,1,94.6,0,12,0.204,Low,0
30.9,73.2,6.9,4.5,1,95.0,1,12,0.391,Medium,0
27.1,69.2,10.4,8.9,1,93.5,0,2,0.063,Low,0
28.5,70.4,25.5,32.4,3,89.2,1,3,0.248,Low,0
29.3,44.0,5.5,0.0,21,44.7,1,6,0.897,Critical,1
24.4,84.2,1.6,2.7,0,94.7,0,10,0.079,Low,0
31.7,56.5,9.7,0.0,7,80.8,0,7,0.533,Medium,1
27.2,77.0,9.0,9.4,2,91.1,1,11,0.076,Low,1
28.2,70.4,8.8,12.6,4,86.6,0,11,0.168,Low,1
26.3,62.7,3.9,0.8,16,55.6,0,10,0.346,Low,0
27.4,81.4,11.5,6.5,0,95.0,0,10,0.0,Low,0
24.9,55.8,11.7,0.0,7,77.5,0,8,0.273,Low,0
27.5,77.8,5.4,2.6,1,93.7,1,2,0.236,Low,1
28.0,80.1,3.7,16.3,0,95.0,1,12,0.037,Low,0
24.8,81.4,18.7,4.4,0,94.9,0,12,0.13,Low,0
30.3,76.7,4.7,2.6,3,90.1,1,5,0.428,Medium,0
25.9,65.9,10.6,19.7,0,95.0,0,2,0.0,Low,0
25.7,75.8,5.0,22.8,3,87.8,0,3,0.015,Low,1
33.9,47.2,18.3,0.9,22,44.4,0,8,0.784,Critical,0
32.9,47.3,7.8,0.0,21,46.5,1,6,0.944,Critical,1
30.2,47.1,19.7,0.0,15,60.1,0,6,0.711,High,1
24.3,67.7,12.6,11.9,0,94.6,0,11,0.065,Low,0
24.6,76.4,4.3,0.3,18,49.8,0,10,0.321,Low,0
26.6,75.0,5.5,39.1,1,93.3,1,5,0.0,Low,1
24.2,78.6,5.9,23.2,1,92.1,0,3,0.017,Low,0
26.9,95.0,19.9,2.1,3,88.4,0,11,0.192,Low,0
33.2,45.5,7.0,0.0,19,51.6,1,8,0.855,Critical,1
26.3,82.0,26.8,3.5,4,85.6,1,4,0.216,Low,0
26.7,70.1,6.9,26.3,4,85.8,0,4,0.0,Low,0
28.5,70.0,4.4,4.1,0,95.0,0,4,0.152,Low,1
32.3,40.6,20.2,0.0,6,83.6,0,7,0.682,High,1
24.0,82.8,17.8,30.2,2,89.5,1,10,0.027,Low,0
30.0,83.7,1.1,3.4,4,87.5,0,2,0.117,Low,1
31.0,58.0,4.5,0.3,15,60.5,1,7,0.87,Critical,1
27.9,83.5,8.0,16.2,1,94.0,0,10,0.0,Low,0
28.2,75.7,5.9,1.3,6,81.6,1,2,0.274,Low,0
29.9,60.3,5.3,50.4,4,87.4,1,2,0.181,Low,0
27.0,95.0,1.5,7.8,3,88.5,1,4,0.128,Low,0
24.0,85.0,11.0,4.4,4,84.5,0,4,0.105,Low,0
25.4,75.0,5.2,35.0,4,85.2,0,4,0.0,Low,0
26.9,84.4,8.3,5.1,2,90.9,0,12,0.004,Low,0
35.4,51.5,15.8,0.0,6,85.2,1,6,0.931,Critical,1
25.8,71.6,7.2,33.3,2,90.4,1,4,0.0,Low,0
24.8,68.8,18.0,15.0,2,89.9,1,4,0.189,Low,0
29.5,50.0,17.5,0.6,24,37.3,0,7,0.598,High,1
33.8,80.7,4.8,0.0,23,41.9,1,8,0.974,Critical,1
27.9,86.8,11.8,10.3,3,88.9,0,11,0.042,Low,0
27.5,72.4,18.3,11.3,4,86.2,0,11,0.019,Low,0
29.5,79.6,12.0,6.9,0,95.0,0,11,0.161,Low,0
25.0,76.9,20.3,2.7,2,90.0,1,10,0.197,Low,0
27.8,68.2,22.0,0.0,14,61.4,1,8,0.615,High,1
31.1,67.4,26.3,0.0,5,85.6,0,9,0.54,Medium,0
32.2,51.0,4.7,2.6,4,88.6,0,6,0.464,Medium,0
27.4,31.1,4.2,0.0,8,76.2,1,9,0.65,High,1
32.7,77.3,6.0,1.0,11,71.3,1,9,0.701,High,1
28.0,55.2,0.3,3.3,0,95.0,0,8,0.126,Low,0
35.2,41.9,6.0,1.4,22,45.1,0,6,0.688,High,1
28.6,74.6,11.8,3.3,3,89.3,0,1,0.163,Low,0
35.5,25.0,1.9,0.0,18,55.2,0,6,0.888,Critical,1
26.9,89.2,12.4,3.9,1,93.5,0,10,0.019,Low,0
26.6,82.4,2.0,28.9,4,85.8,0,12,0.054,Low,0
26.2,86.4,4.8,37.4,1,93.1,0,4,0.0,Low,0
24.0,73.5,2.9,41.5,0,94.5,0,5,0.113,Low,0
34.8,61.1,6.8,0.0,23,42.4,0,9,0.675,High,0
31.1,49.2,3.4,2.7,4,88.0,0,9,0.424,Medium,1
28.8,56.1,3.6,1.7,19,49.4,0,6,0.411,Medium,0
29.4,69.1,33.9,14.2,2,92.2,0,3,0.241,Low,0
25.5,89.2,4.3,47.3,2,90.2,0,12,0.002,Low,0
33.3,25.0,3.5,0.0,12,69.1,0,6,0.931,Critical,1
35.4,36.0,0.3,0.0,19,52.7,0,6,0.874,Critical,1
29.3,41.4,7.2,1.2,17,54.7,0,7,0.417,Medium,1
31.3,79.3,6.0,0.0,13,65.7,0,8,0.469,Medium,1
27.4,49.6,13.2,0.0,23,38.7,1,9,0.801,Critical,1
34.4,50.6,9.9,0.0,23,42.2,1,8,1.0,Critical,1
32.4,59.9,5.2,0.0,6,83.7,0,6,0.46,Medium,0
30.8,68.2,8.8,5.0,3,90.4,0,5,0.235,Low,0
29.7,87.5,7.7,16.3,1,94.8,1,4,0.2,Low,1
26.2,75.5,2.1,2.2,2,90.6,0,10,0.154,Low,0
31.1,78.0,14.5,5.6,3,90.5,0,4,0.24,Low,0
31.5,41.1,15.3,0.0,24,38.2,0,7,0.716,High,1
26.9,81.9,20.9,2.4,2,90.9,1,2,0.296,Low,0
28.6,78.4,11.7,5.9,2,91.8,1,3,0.247,Low,0
31.5,50.7,9.4,0.3,20,48.3,1,6,1.0,Critical,0
33.0,56.6,11.5,1.2,21,46.5,1,7,0.859,Critical,1
26.2,76.6,4.0,4.0,2,90.6,1,3,0.07,Low,0
34.6,60.5,2.9,0.0,12,69.8,1,6,1.0,Critical,0
33.3,61.7,2.7,0.0,21,46.7,0,6,0.785,Critical,1
25.8,80.5,11.8,6.8,0,95.0,0,3,0.097,Low,0
28.9,76.2,17.3,4.3,4,86.9,0,2,0.253,Low,0
27.8,78.3,2.1,11.0,4,86.4,0,4,0.0,Low,0
31.5,48.7,16.6,0.0,7,80.8,1,9,1.0,Critical,0
26.2,72.5,18.9,28.0,4,85.6,1,1,0.145,Low,0
30.0,81.8,13.7,4.2,2,92.5,0,9,0.424,Medium,0
28.5,70.1,3.2,20.4,0,95.0,1,1,0.11,Low,0
28.5,71.5,14.5,9.0,0,95.0,0,4,0.059,Low,0
27.6,81.4,7.7,0.6,11,68.8,0,10,0.302,Low,0
34.3,41.5,6.9,0.0,18,54.6,1,8,1.0,Critical,1
28.3,73.6,16.6,5.5,0,95.0,0,10,0.155,Low,0
32.6,34.1,4.8,7.1,4,88.8,1,7,0.667,High,1
24.9,69.5,3.7,2.0,23,37.4,0,1,0.275,Low,1
28.0,74.3,4.1,4.3,4,86.5,0,2,0.054,Low,0
32.0,46.1,7.3,0.0,18,53.5,1,6,1.0,Critical,1
36.1,59.0,6.9,1.6,5,88.1,0,7,0.382,Medium,0
30.4,58.0,4.7,3.6,2,92.7,1,6,0.409,Medium,1
32.1,65.5,5.8,3.0,4,88.5,0,7,0.467,Medium,0
33.8,56.5,11.8,0.0,24,39.4,1,7,1.0,Critical,1
33.3,61.1,1.8,3.2,2,94.2,1,7,0.616,High,1
36.0,51.9,3.8,0.0,8,80.5,0,9,0.731,High,1
29.2,63.8,9.3,0.0,17,54.6,0,9,0.471,Medium,1
27.0,76.3,6.2,2.6,1,93.5,1,1,0.114,Low,0
30.9,47.4,10.9,0.0,21,45.5,0,7,0.73,High,0
28.9,79.9,1.8,37.7,0,95.0,1,4,0.14,Low,0
25.8,54.8,13.7,21.5,0,95.0,0,1,0.167,Low,0
26.2,86.0,21.0,28.0,0,95.0,0,1,0.106,Low,0
24.9,95.0,6.1,3.7,1,92.5,0,10,0.168,Low,0
26.8,75.6,8.8,14.2,3,88.4,0,10,0.0,Low,0
31.5,83.5,18.1,8.4,1,95.0,0,12,0.332,Low,0
29.5,46.2,13.3,0.0,12,67.2,1,7,0.892,Critical,0
29.5,67.3,6.3,13.6,2,92.2,0,3,0.111,Low,0
28.7,75.0,9.0,3.0,2,91.9,0,3,0.143,Low,0
27.3,63.3,13.5,39.6,4,86.2,0,5,0.105,Low,0
27.1,84.2,5.0,11.4,3,88.5,0,10,0.018,Low,0
29.9,66.0,8.8,3.2,2,92.5,0,2,0.206,Low,1
33.3,69.0,10.0,24.5,3,91.7,0,12,0.246,Low,0
33.9,57.4,6.8,5.4,4,89.4,0,6,0.443,Medium,1
30.5,52.0,18.5,0.0,11,70.3,0,7,0.66,High,1
31.3,69.5,13.9,1.9,6,83.1,0,8,0.403,Medium,0
34.9,47.4,5.4,0.0,22,45.0,0,7,0.721,High,0
34.2,53.3,5.5,2.5,0,95.0,1,8,0.754,Critical,1
27.9,84.9,3.7,2.8,3,89.0,1,4,0.118,Low,1
32.5,34.8,3.2,0.0,16,58.7,1,8,0.965,Critical,1
29.7,64.9,9.9,12.9,3,89.9,1,2,0.198,Low,0
28.2,71.1,3.7,9.7,3,89.1,1,5,0.093,Low,0
26.7,91.0,12.5,5.9,4,85.8,0,4,0.014,Low,0
33.0,55.2,1.9,0.0,9,76.5,1,8,0.705,High,1
31.4,34.1,20.6,0.0,5,85.7,0,8,0.717,High,1
28.3,84.5,7.3,5.4,3,89.1,1,5,0.194,Low,1
26.9,79.9,6.6,3.0,2,90.9,0,4,0.168,Low,0
25.8,89.3,3.1,3.9,3,87.9,0,2,0.156,Low,0
26.1,69.7,5.0,32.4,1,93.0,0,1,0.043,Low,0
31.5,45.2,1.8,0.0,19,50.7,0,6,0.727,High,0
29.3,78.4,0.7,19.0,2,92.2,0,3,0.074,Low,0
30.2,76.8,14.6,8.3,3,90.1,0,12,0.251,Low,0
28.1,74.2,4.8,10.8,0,95.0,0,12,0.104,Low,0
27.1,67.5,7.1,0.1,14,61.1,0,2,0.316,Low,1
30.6,75.3,10.3,3.1,4,87.8,0,10,0.225,Low,1
26.8,69.1,2.4,23.0,0,95.0,0,10,0.147,Low,0
24.0,95.0,15.5,6.1,4,84.5,1,11,0.107,Low,1
32.2,42.4,6.5,0.0,23,41.1,0,7,0.726,High,0
26.2,87.5,24.7,1.0,24,35.6,0,3,0.401,Medium,1
30.6,76.1,2.0,23.7,4,87.8,1,5,0.268,Low,0
36.9,64.9,8.5,0.7,22,45.9,0,7,0.678,High,1
26.8,76.8,6.5,16.5,1,93.4,0,1,0.0,Low,0
26.9,76.6,21.5,18.3,4,85.9,0,3,0.073,Low,0
24.0,82.7,8.8,2.3,4,84.5,0,11,0.124,Low,0
25.5,76.1,3.8,51.0,2,90.2,0,2,0.098,Low,0
32.4,43.5,4.3,0.0,8,78.7,1,9,0.921,Critical,1
25.8,69.9,5.1,55.3,1,92.9,1,10,0.186,Low,0
32.9,63.9,16.3,0.0,6,83.9,0,7,0.605,High,1
28.2,85.7,12.6,5.6,2,91.6,0,12,0.152,Low,0
29.2,38.1,15.9,0.0,17,54.6,0,8,0.745,High,0
26.9,63.4,5.4,6.7,3,88.4,0,3,0.111,Low,1
31.1,36.5,17.9,0.0,24,38.0,0,6,0.841,Critical,1
26.6,73.2,15.6,19.5,3,88.3,1,11,0.102,Low,0
38.0,55.1,23.0,0.0,9,79.0,0,9,0.63,High,1
28.1,72.8,8.5,10.2,1,94.0,1,4,0.167,Low,1
29.9,28.4,11.8,0.0,18,52.4,1,9,1.0,Critical,1
28.4,78.0,5.2,4.6,1,94.2,0,12,0.155,Low,1
26.4,81.2,1.3,17.6,1,93.2,0,3,0.01,Low,0
25.2,59.0,29.7,15.7,4,85.1,0,2,0.189,Low,0
29.6,75.7,2.0,2.1,4,87.3,1,11,0.356,Medium,0
27.7,70.8,16.1,6.3,3,88.9,0,3,0.103,Low,0
35.3,63.0,16.0,11.1,2,95.0,0,6,0.418,Medium,0
27.7,77.0,15.1,6.7,1,93.9,0,3,0.14,Low,0
27.7,84.2,8.0,5.6,4,86.3,0,2,0.047,Low,0
27.5,87.0,19.5,4.7,4,86.2,0,10,0.104,Low,0
27.2,78.0,11.0,20.0,1,93.6,0,4,0.059,Low,0
31.3,73.2,5.0,0.0,24,38.2,0,8,0.631,High,1
35.3,52.4,6.4,0.0,24,40.1,0,9,0.829,Critical,1
31.7,51.1,5.1,0.0,13,65.8,0,6,0.568,High,0
31.0,60.1,18.3,0.0,18,53.0,0,8,0.701,High,1
29.7,80.6,19.7,22.8,1,94.9,1,10,0.284,Low,0
34.6,60.8,2.3,0.1,13,67.3,0,8,0.608,High,1
28.1,77.8,4.9,38.1,3,89.1,0,12,0.133,Low,0
30.1,62.3,5.7,7.9,4,87.5,1,9,0.398,Medium,0
29.4,48.1,19.3,0.7,20,47.2,1,7,0.998,Critical,0
28.0,56.6,26.2,25.6,3,89.0,0,12,0.141,Low,0
25.2,80.8,3.8,1.5,8,75.1,0,3,0.119,Low,0
26.0,93.8,11.3,14.9,4,85.5,0,2,0.049,Low,0
31.7,27.8,3.8,0.0,18,53.4,1,9,1.0,Critical,1
25.7,80.3,10.6,10.1,3,87.9,0,3,0.019,Low,0
28.2,75.0,12.9,2.7,0,95.0,0,4,0.302,Low,0
24.1,84.6,9.4,0.1,10,69.6,0,12,0.337,Low,0
29.9,67.4,8.4,10.0,0,95.0,0,8,0.136,Low,0
30.8,45.1,6.9,0.0,8,77.9,0,9,0.572,High,1
34.1,65.2,15.4,0.0,17,57.0,1,9,1.0,Critical,1
26.1,88.4,4.5,2.1,2,90.5,1,11,0.217,Low,0
26.8,85.0,6.8,18.8,2,90.9,1,11,0.0,Low,1
26.5,75.2,11.9,20.0,3,88.2,1,12,0.031,Low,0
25.3,73.5,11.3,0.3,23,37.6,0,11,0.349,Low,0
26.8,75.1,12.8,7.2,3,88.4,0,3,0.043,Low,0
26.8,82.8,6.0,8.9,2,90.9,1,5,0.003,Low,0
30.8,84.5,9.2,9.0,1,95.0,0,1,0.13,Low,0
26.9,76.0,13.1,11.4,2,91.0,1,10,0.04,Low,0
34.3,39.1,30.7,0.0,19,52.2,0,9,0.984,Critical,0
31.8,57.8,1.6,0.6,9,75.9,1,7,0.741,High,0
24.0,84.9,10.1,6.0,4,84.5,0,12,0.059,Low,0
24.0,72.6,4.4,7.9,1,92.0,1,10,0.035,Low,0
26.5,85.6,12.2,2.6,0,95.0,0,3,0.146,Low,0
29.8,58.0,12.6,1.6,16,57.4,0,6,0.455,Medium,1
33.4,26.3,17.5,0.0,18,54.2,0,6,0.966,Critical,1
27.2,81.0,7.5,18.8,4,86.1,0,5,0.002,Low,0
37.0,61.8,5.3,0.7,20,51.0,0,6,0.701,High,1
33.4,53.5,3.8,0.0,12,69.2,1,6,1.0,Critical,1
24.8,70.9,3.3,49.5,3,87.4,0,2,0.0,Low,0
27.6,80.3,12.8,4.8,0,95.0,1,11,0.097,Low,0
29.5,76.4,3.3,18.1,4,87.2,0,5,0.168,Low,0
32.1,33.5,2.3,0.0,11,71.0,0,9,0.722,High,1
34.7,29.7,3.5,0.0,10,74.8,1,8,0.895,Critical,1
26.7,75.3,9.9,2.8,0,95.0,0,10,0.124,Low,0
24.0,86.3,2.7,4.9,0,94.5,0,12,0.098,Low,1
25.2,77.5,6.3,6.2,0,95.0,1,5,0.083,Low,0
34.0,53.7,6.8,1.2,14,64.5,0,9,0.571,High,1
32.3,58.2,7.1,0.0,13,66.1,1,8,0.806,Critical,1
27.3,86.8,6.1,13.9,2,91.1,0,3,0.0,Low,0
24.1,73.2,3.4,15.3,1,92.1,0,2,0.006,Low,0
29.4,73.5,11.8,10.0,2,92.2,1,2,0.176,Low,0
29.6,41.9,11.3,0.0,16,57.3,0,7,0.627,High,1
32.8,52.3,8.1,0.0,5,86.4,0,8,0.508,Medium,1
28.5,81.1,18.0,0.0,6,81.7,1,6,0.607,High,1
35.1,72.3,6.9,1.5,10,75.1,1,12,0.684,High,1
27.8,79.0,12.0,33.7,2,91.4,1,1,0.0,Low,0
29.0,58.5,10.7,0.0,8,77.0,1,8,0.578,High,1
27.8,81.0,5.8,3.2,3,88.9,0,10,0.04,Low,0
30.5,51.4,15.2,0.0,24,37.8,0,6,0.679,High,1
27.4,70.0,10.5,0.5,14,61.2,0,7,0.356,Medium,0
25.3,77.6,6.8,14.5,4,85.1,1,11,0.097,Low,0
24.0,78.0,19.1,1.5,12,64.5,1,2,0.414,Medium,0
27.9,82.6,19.9,28.4,4,86.4,0,1,0.109,Low,0
34.4,39.8,8.8,10.0,4,89.7,1,8,0.771,Critical,1
34.6,49.0,8.2,0.0,7,82.3,1,8,0.95,Critical,1
26.8,64.8,1.5,2.0,20,45.9,0,8,0.246,Low,0
25.9,76.2,8.8,10.7,0,95.0,0,10,0.0,Low,0
26.9,39.5,0.5,0.0,15,58.5,0,9,0.523,Medium,1
28.0,44.9,5.7,0.0,7,79.0,1,8,0.802,Critical,1
33.2,69.2,14.0,0.0,11,71.6,1,7,1.0,Critical,1
33.2,55.7,6.0,0.0,22,44.1,0,7,0.648,High,1
26.1,79.6,14.1,14.0,2,90.6,0,4,0.061,Low,0
30.3,79.9,15.6,0.4,7,80.1,1,10,0.723,High,0
36.4,56.0,1.5,0.0,5,88.2,1,7,0.721,High,1
27.0,91.9,0.8,13.1,0,95.0,1,10,0.0,Low,0
32.1,40.6,13.4,0.0,19,51.0,0,9,0.635,High,0
24.5,72.8,15.0,2.2,1,92.3,0,2,0.071,Low,0
31.5,49.5,22.3,0.9,16,58.2,0,8,0.847,Critical,1
29.2,78.7,3.2,0.3,24,37.1,0,10,0.498,Medium,0
37.8,29.5,5.2,0.0,21,48.9,0,8,1.0,Critical,1
27.0,83.9,3.1,17.6,0,95.0,1,3,0.095,Low,0
26.8,83.6,18.6,15.6,2,90.9,0,11,0.133,Low,0
33.8,37.1,8.9,0.0,23,41.9,0,8,0.897,Critical,1
24.0,75.8,7.5,4.1,0,94.5,1,1,0.059,Low,1
25.1,72.8,12.9,9.6,2,90.1,0,10,0.0,Low,0
34.4,57.4,7.0,0.1,15,62.2,0,7,0.679,High,0
30.9,44.7,5.2,0.6,17,55.4,1,9,1.0,Critical,1
34.3,52.3,18.7,0.0,11,72.1,1,8,1.0,Critical,1
29.2,68.2,11.3,51.3,3,89.6,0,2,0.093,Low,0
28.5,80.2,0.8,0.1,22,41.8,0,11,0.472,Medium,1
24.0,70.1,5.2,2.5,3,87.0,1,4,0.166,Low,0
25.4,77.0,8.4,32.0,4,85.2,1,10,0.033,Low,0
26.6,80.0,4.9,9.5,0,95.0,0,3,0.0,Low,0
24.4,86.2,6.3,4.8,3,87.2,0,3,0.057,Low,0
33.9,25.0,30.0,6.9,3,92.0,0,9,0.718,High,1
33.3,54.3,29.3,0.0,19,51.6,0,6,0.871,Critical,1
32.8,58.4,14.0,0.0,10,73.9,1,6,0.885,Critical,1
28.0,84.0,8.9,1.1,13,64.0,1,4,0.41,Medium,0
32.4,56.2,2.2,0.0,15,61.2,0,6,0.591,High,1
27.8,61.7,2.2,13.2,2,91.4,0,2,0.009,Low,0
26.2,87.1,5.4,23.8,4,85.6,1,2,0.06,Low,0
25.4,85.0,10.7,26.6,4,85.2,1,1,0.053,Low,1
32.2,35.6,13.7,0.0,9,76.1,0,6,0.65,High,0
25.4,83.4,3.1,12.4,1,92.7,1,3,0.056,Low,0
30.7,41.8,20.9,0.0,21,45.3,1,8,0.955,Critical,1
25.4,54.8,7.8,2.1,0,95.0,0,4,0.199,Low,0
28.6,89.2,10.9,12.0,1,94.3,1,1,0.074,Low,0
31.4,55.4,3.6,0.0,6,83.2,0,8,0.536,Medium,0
33.7,52.4,8.3,0.0,19,51.8,1,7,0.971,Critical,1
32.8,64.7,7.2,1.0,21,46.4,0,7,0.467,Medium,0
27.3,75.2,14.4,30.6,3,88.7,0,10,0.08,Low,0
25.2,69.6,10.1,12.1,3,87.6,0,2,0.118,Low,0
26.0,88.2,9.7,7.6,0,95.0,1,1,0.031,Low,0
25.3,92.9,18.3,11.5,0,95.0,1,11,0.013,Low,0
25.4,86.4,12.6,0.8,8,75.2,1,5,0.442,Medium,0
28.5,71.4,14.4,10.9,3,89.2,1,10,0.233,Low,0
26.1,74.8,3.3,2.6,3,88.0,0,12,0.18,Low,0
33.7,61.4,5.6,0.0,10,74.3,0,9,0.605,High,1
27.3,66.6,21.2,30.9,1,93.6,0,11,0.152,Low,0
25.2,82.3,8.9,1.3,6,80.1,1,2,0.158,Low,0
31.3,63.9,9.1,0.3,21,45.6,0,8,0.446,Medium,0
28.6,82.0,13.3,1.8,12,66.8,0,2,0.291,Low,0
24.0,80.8,16.4,21.7,0,94.5,0,3,0.005,Low,0
29.4,72.4,3.6,7.2,2,92.2,0,12,0.141,Low,0
27.4,74.5,9.1,15.7,4,86.2,1,12,0.019,Low,0
28.8,62.2,6.7,10.3,4,86.9,1,10,0.244,Low,1
28.7,73.7,11.1,32.1,1,94.3,0,1,0.15,Low,0
26.8,87.5,17.0,11.4,0,95.0,1,11,0.132,Low,0
30.2,72.4,16.7,0.0,24,37.6,1,7,0.907,Critical,1
27.1,86.4,7.8,24.5,4,86.1,1,2,0.0,Low,1
25.4,92.4,15.2,6.4,0,95.0,0,4,0.102,Low,0
31.0,31.0,2.9,0.0,24,38.0,0,9,0.877,Critical,1
34.0,47.2,10.7,0.0,23,42.0,1,9,0.992,Critical,1
32.0,69.6,6.3,5.0,3,91.0,1,4,0.505,Medium,0
26.7,82.8,1.8,0.3,22,40.9,1,12,0.598,High,1
25.5,76.7,3.1,5.4,2,90.3,0,1,0.0,Low,0
26.9,70.3,0.5,5.0,4,86.0,0,1,0.029,Low,0
27.2,78.3,14.7,0.3,18,51.1,0,11,0.313,Low,0
27.0,91.1,11.1,21.7,4,86.0,0,1,0.059,Low,0
35.9,49.9,9.7,0.0,16,60.4,0,9,0.846,Critical,1
30.8,32.7,13.6,0.0,14,62.9,0,7,0.768,Critical,1
26.6,85.2,8.6,1.0,14,60.8,1,5,0.314,Low,0
31.0,47.2,16.3,0.0,21,45.5,0,6,0.757,Critical,0
30.3,38.7,11.8,6.0,0,95.0,1,8,0.793,Critical,1
28.5,72.1,15.3,19.1,4,86.7,0,5,0.182,Low,0
24.4,75.4,12.4,11.0,3,87.2,0,5,0.018,Low,0
32.3,74.6,2.9,0.0,18,53.7,0,7,0.545,Medium,0
24.0,73.8,17.9,49.0,1,92.0,0,3,0.0,Low,0
27.0,72.2,13.9,13.5,0,95.0,0,11,0.047,Low,0
26.6,67.4,8.5,11.7,0,95.0,0,2,0.0,Low,0
26.5,76.0,11.9,8.7,2,90.7,0,10,0.0,Low,0
35.6,54.7,11.9,0.0,21,47.8,1,8,0.973,Critical,1
31.1,57.5,5.9,0.0,22,43.0,0,6,0.63,High,1
31.2,61.7,10.4,0.0,18,53.1,1,9,0.904,Critical,1
29.4,49.6,4.6,0.0,8,77.2,1,6,0.739,High,0
27.8,66.4,4.9,61.1,4,86.4,0,10,0.012,Low,0
30.5,44.6,2.7,0.0,9,75.2,0,6,0.56,High,0
30.8,88.3,28.3,2.3,0,95.0,0,1,0.414,Medium,0
27.5,74.9,9.7,10.2,1,93.8,1,1,0.0,Low,0
24.5,82.1,18.6,7.0,0,94.8,0,2,0.168,Low,1
25.6,62.8,10.1,1.0,20,45.3,1,10,0.481,Medium,1
26.8,66.1,24.2,25.2,1,93.4,1,1,0.163,Low,0
31.5,50.4,2.9,0.0,21,45.7,0,9,0.684,High,1
24.0,80.4,22.0,0.2,20,44.5,0,11,0.446,Medium,0
25.7,80.4,6.9,9.1,3,87.9,0,10,0.031,Low,0
29.9,34.5,10.6,3.0,2,92.5,0,9,0.348,Low,0
25.2,84.6,3.0,10.5,1,92.6,1,4,0.093,Low,0
29.5,73.2,1.5,0.4,18,52.2,0,11,0.438,Medium,1
26.8,85.4,2.0,9.5,4,85.9,0,11,0.0,Low,0
38.0,32.5,27.1,0.0,23,44.0,0,9,0.907,Critical,1
27.8,80.2,3.8,3.1,3,88.9,0,12,0.0,Low,0
26.0,70.2,13.7,8.5,2,90.5,0,3,0.022,Low,0
27.4,75.9,22.3,46.7,2,91.2,1,1,0.073,Low,0
28.0,77.2,16.3,10.3,4,86.5,1,5,0.121,Low,0
30.3,74.3,9.1,12.2,0,95.0,1,3,0.326,Low,0
28.7,58.0,10.5,16.5,1,94.4,0,5,0.151,Low,1
26.9,79.4,9.8,32.3,4,85.9,0,1,0.054,Low,1
32.5,63.3,8.4,0.0,8,78.8,1,7,0.782,Critical,1
32.2,51.9,16.5,0.0,17,56.1,0,6,0.743,High,0
25.2,90.9,10.6,5.9,1,92.6,0,4,0.134,Low,0
27.9,70.3,16.1,8.4,4,86.4,0,3,0.03,Low,0
24.0,73.2,18.4,7.5,0,94.5,1,5,0.158,Low,0
35.6,31.1,6.8,0.3,22,45.3,0,6,0.878,Critical,1
37.1,50.4,2.2,4.0,2,95.0,1,9,0.684,High,1
25.1,83.5,0.7,20.6,3,87.5,0,11,0.023,Low,0
27.5,78.8,3.3,8.1,1,93.7,1,3,0.0,Low,0
31.2,82.3,10.5,69.4,4,88.1,0,5,0.238,Low,0
25.3,80.5,2.6,5.8,0,95.0,1,3,0.096,Low,0
27.6,83.1,6.3,9.6,3,88.8,1,11,0.0,Low,0
27.5,95.0,9.7,8.7,1,93.8,0,1,0.0,Low,0
27.2,79.3,3.2,54.9,0,95.0,0,3,0.0,Low,0
30.7,49.5,3.2,0.1,15,60.4,1,7,1.0,Critical,1
34.0,45.7,9.1,2.1,0,95.0,1,9,0.81,Critical,1
34.9,71.2,42.4,10.0,4,90.0,0,8,0.473,Medium,0
37.3,40.7,5.4,2.5,3,93.6,1,7,0.854,Critical,0
28.2,64.4,7.5,0.0,17,54.1,1,9,0.787,Critical,1
29.6,73.2,17.7,9.8,0,95.0,0,4,0.065,Low,0
25.7,81.5,4.2,15.3,2,90.3,0,5,0.02,Low,0
32.6,58.4,7.6,0.0,8,78.8,1,7,0.672,High,0
24.7,73.3,9.9,2.7,1,92.4,1,5,0.12,Low,1
26.9,70.4,11.6,2.1,3,88.4,0,10,0.194,Low,0
28.4,77.1,9.3,1.4,15,59.2,1,2,0.509,Medium,1
35.7,55.2,16.6,0.0,5,87.9,0,7,0.615,High,0
29.7,74.1,8.0,0.2,12,67.3,0,10,0.454,Medium,0
26.4,88.6,32.3,8.4,2,90.7,1,5,0.128,Low,0
31.1,40.7,3.9,0.0,13,65.5,1,9,0.925,Critical,0
24.0,74.5,13.2,3.8,0,94.5,1,12,0.0,Low,0
24.4,79.1,15.3,7.2,1,92.2,0,11,0.067,Low,0
24.4,67.3,6.0,2.6,0,94.7,0,4,0.027,Low,0
25.4,81.1,4.2,3.9,1,92.7,0,3,0.099,Low,0
28.3,79.7,3.2,16.2,2,91.7,0,11,0.072,Low,0
29.3,66.5,12.0,0.0,21,44.6,0,7,0.603,High,1
28.2,67.1,1.3,1.5,7,79.1,0,4,0.275,Low,0
28.1,69.3,6.5,24.3,3,89.1,1,5,0.273,Low,0
26.9,82.2,6.4,3.7,4,86.0,0,12,0.046,Low,0
31.5,47.8,16.8,0.0,13,65.7,1,7,0.882,Critical,1
25.4,80.3,11.5,5.7,0,95.0,0,11,0.047,Low,0
25.5,80.0,10.2,56.9,0,95.0,0,11,0.0,Low,0
36.9,60.1,5.7,14.4,1,95.0,1,6,0.506,Medium,1
29.0,83.5,14.6,4.5,3,89.5,1,4,0.231,Low,0
34.3,47.8,2.7,3.9,4,89.6,0,7,0.503,Medium,0
31.6,26.6,15.8,0.4,16,58.3,1,8,0.976,Critical,1
25.3,72.6,15.4,19.1,1,92.6,0,2,0.025,Low,0
27.1,61.7,4.1,0.0,18,51.1,0,8,0.443,Medium,0
24.0,82.4,16.0,19.3,1,92.0,0,3,0.0,Low,0
24.7,95.0,4.1,22.5,2,89.8,0,4,0.035,Low,0
27.7,80.2,11.3,25.1,2,91.3,1,10,0.026,Low,0
25.1,77.1,7.4,17.7,4,85.1,1,10,0.0,Low,0
31.7,31.0,30.4,0.6,9,75.9,0,8,0.841,Critical,1
30.5,26.4,1.4,3.5,0,95.0,0,7,0.595,High,1
26.5,59.6,4.1,1.7,20,45.8,0,10,0.279,Low,0
37.2,33.4,8.5,0.0,5,88.6,0,7,0.772,Critical,1
26.0,77.0,11.5,10.2,1,93.0,1,12,0.063,Low,0
25.1,91.8,16.3,2.8,0,95.0,1,10,0.149,Low,0
27.7,71.5,6.2,14.1,4,86.3,0,5,0.025,Low,0
31.6,42.3,8.6,0.0,14,63.3,0,6,0.677,High,1
25.7,80.8,16.7,4.1,1,92.9,1,1,0.085,Low,0
32.0,72.6,14.0,0.0,21,46.0,0,8,0.671,High,1
35.8,64.6,4.9,12.1,0,95.0,1,7,0.489,Medium,1
31.0,58.7,2.1,0.0,10,73.0,0,9,0.506,Medium,1
24.0,70.0,2.8,1.0,10,69.5,0,10,0.25,Low,0
30.0,68.9,5.2,5.5,1,95.0,1,5,0.431,Medium,0
27.6,82.0,4.1,57.7,4,86.3,1,5,0.0,Low,0
30.8,42.0,3.4,4.3,2,92.9,0,6,0.376,Medium,1
24.0,80.4,7.4,36.0,3,87.0,0,5,0.0,Low,1
24.0,70.6,3.0,36.7,3,87.0,1,2,0.033,Low,0
25.7,71.9,6.9,3.5,2,90.3,1,2,0.065,Low,1
28.8,64.7,5.7,1.0,18,51.9,0,12,0.622,High,1
29.5,55.4,2.8,0.0,23,39.7,0,9,0.52,Medium,0
28.4,80.4,0.9,1.5,9,74.2,1,11,0.289,Low,0
27.1,79.1,27.9,2.0,5,83.6,0,3,0.056,Low,0
28.5,83.2,8.7,29.5,2,91.7,0,3,0.101,Low,0
30.7,37.4,26.1,3.7,4,87.8,1,7,0.918,Critical,1
29.4,47.6,1.0,0.0,21,44.7,0,6,0.665,High,0
28.2,81.1,7.4,26.9,1,94.1,0,11,0.055,Low,0
33.9,46.4,21.7,6.0,2,94.5,0,6,0.615,High,1
33.3,68.6,2.9,0.0,12,69.1,0,9,0.631,High,1
34.3,55.1,8.0,0.0,16,59.6,0,8,0.615,High,1
27.3,62.2,15.1,0.0,17,53.7,1,6,0.614,High,1
26.5,87.0,10.6,21.5,1,93.3,0,4,0.019,Low,0
29.9,73.9,0.6,35.8,2,92.5,1,3,0.196,Low,1
24.9,56.4,7.7,6.1,2,89.9,1,1,0.155,Low,1
26.6,68.1,6.4,12.5,0,95.0,1,12,0.038,Low,0
32.8,40.4,13.1,0.0,17,56.4,1,7,1.0,Critical,0
25.7,84.9,0.2,0.2,5,82.9,0,5,0.213,Low,0
33.2,65.8,19.7,0.0,17,56.6,0,6,0.682,High,1
25.5,78.2,3.8,3.0,3,87.7,1,5,0.13,Low,0
33.8,35.0,9.8,0.0,19,51.9,1,8,1.0,Critical,1
33.4,47.1,11.7,3.7,1,95.0,0,6,0.486,Medium,0
24.8,87.5,7.4,8.3,4,84.9,1,3,0.0,Low,0
25.0,83.5,17.3,36.0,4,85.0,0,11,0.106,Low,0
24.0,86.4,7.8,16.8,2,89.5,0,12,0.052,Low,0
30.7,40.3,7.0,0.0,21,45.3,0,7,0.784,Critical,1
25.2,82.9,12.1,34.2,4,85.1,1,4,0.012,Low,1
28.9,77.0,15.8,7.5,3,89.4,0,4,0.136,Low,0
29.0,48.9,7.3,0.8,21,44.5,1,9,0.919,Critical,1
26.0,84.6,7.1,11.7,4,85.5,0,3,0.0,Low,1
24.0,83.7,11.4,9.0,2,89.5,0,5,0.044,Low,0
27.6,91.7,1.2,7.5,3,88.8,1,5,0.186,Low,0
27.4,78.1,2.3,0.3,6,81.2,1,12,0.312,Low,0
30.0,36.8,13.6,0.0,18,52.5,1,6,1.0,Critical,1
27.2,87.3,11.0,4.8,4,86.1,0,11,0.0,Low,0
26.9,70.7,13.7,8.0,3,88.5,0,1,0.073,Low,0
25.1,74.2,6.0,8.5,2,90.0,0,4,0.149,Low,0
31.7,55.8,3.3,0.0,14,63.4,0,6,0.524,Medium,1
27.1,69.3,10.4,35.2,4,86.1,1,10,0.094,Low,0
24.6,92.5,3.3,14.0,0,94.8,0,12,0.0,Low,1
28.7,69.0,0.5,14.8,0,95.0,1,10,0.244,Low,0
32.6,51.8,6.6,0.0,20,48.8,0,6,0.797,Critical,0
32.6,56.4,16.1,8.6,3,91.3,1,9,0.353,Medium,0
26.1,68.9,6.8,10.7,3,88.0,0,12,0.048,Low,1
32.5,29.7,5.1,0.0,19,51.3,0,8,0.851,Critical,1
34.1,84.1,8.1,20.7,0,95.0,0,3,0.264,Low,0
29.2,61.4,8.7,4.7,4,87.1,0,7,0.245,Low,0
27.2,61.1,20.3,2.0,1,93.6,0,11,0.266,Low,0
25.5,70.7,5.5,9.0,4,85.2,0,4,0.0,Low,0
26.9,95.0,9.5,5.9,1,93.4,0,1,0.0,Low,0
26.9,76.9,15.4,21.9,1,93.4,0,12,0.054,Low,0
30.9,61.6,19.9,0.0,20,48.0,0,7,0.718,High,1
30.1,55.0,1.2,2.6,2,92.6,0,6,0.284,Low,0
32.3,78.8,17.8,31.3,3,91.2,1,2,0.357,Medium,0
27.1,72.3,2.8,8.7,4,86.0,0,2,0.0,Low,0
28.1,46.7,11.7,5.4,2,91.5,0,9,0.327,Low,0
26.4,72.6,2.6,8.8,0,95.0,1,2,0.0,Low,0
29.2,85.5,3.2,4.8,1,94.6,0,12,0.206,Low,0
28.6,63.8,13.9,21.1,2,91.8,0,12,0.168,Low,0
28.7,46.2,22.2,5.5,0,95.0,1,8,0.588,High,1
26.2,85.9,7.2,1.7,10,70.6,1,1,0.179,Low,0
32.4,45.0,20.0,0.0,18,53.7,1,8,0.966,Critical,1
33.4,44.0,8.5,0.0,6,84.2,0,7,0.714,High,1
27.1,74.6,4.9,3.2,2,91.1,0,4,0.0,Low,1
33.7,57.2,2.3,0.0,8,79.3,0,9,0.607,High,1
28.0,70.9,20.6,4.6,0,95.0,1,4,0.383,Medium,0
24.0,89.0,15.1,10.8,2,89.5,0,11,0.055,Low,0
24.0,76.3,2.5,1.7,9,72.0,0,4,0.153,Low,0
31.0,70.1,2.5,10.3,0,95.0,0,1,0.149,Low,0
33.6,53.0,9.3,0.0,7,81.8,1,9,0.989,Critical,1
27.2,70.0,20.9,2.0,1,93.6,0,3,0.222,Low,0
26.7,88.0,5.2,20.0,1,93.3,1,3,0.016,Low,0
26.0,77.6,20.3,10.9,1,93.0,0,5,0.0,Low,0
33.8,28.7,4.5,5.7,3,91.9,1,6,0.865,Critical,1
32.1,29.8,10.5,0.0,11,71.0,1,6,1.0,Critical,1
25.8,69.2,0.9,6.0,4,85.4,1,1,0.132,Low,0
28.1,67.3,4.4,18.2,4,86.5,1,12,0.219,Low,0
27.2,88.9,9.2,2.0,10,71.1,0,11,0.228,Low,0
26.4,55.5,15.7,4.1,0,95.0,1,1,0.143,Low,0
31.2,74.6,6.9,8.1,2,93.1,1,12,0.343,Low,0
28.6,71.2,1.4,12.1,1,94.3,0,1,0.108,Low,0
24.2,91.6,25.4,6.6,0,94.6,0,11,0.154,Low,0
31.5,87.4,8.3,0.0,14,63.2,0,7,0.444,Medium,1
28.6,76.4,19.4,48.3,4,86.8,0,12,0.202,Low,0
29.7,38.0,13.6,0.0,9,74.8,1,8,0.923,Critical,1
26.2,74.7,5.7,3.9,0,95.0,1,3,0.174,Low,0
27.9,81.2,10.0,17.0,0,95.0,0,4,0.0,Low,0
25.8,95.0,28.8,13.1,4,85.4,0,4,0.101,Low,0
29.5,91.7,5.5,23.4,3,89.8,0,3,0.005,Low,0
28.7,73.5,8.9,8.9,2,91.9,1,1,0.0,Low,0
25.5,83.8,11.0,2.0,3,87.7,0,3,0.048,Low,0
24.7,78.3,6.5,4.7,0,94.9,1,3,0.0,Low,0
29.9,37.3,4.5,0.0,12,67.5,0,7,0.706,High,1
29.0,89.5,3.2,5.1,1,94.5,1,11,0.176,Low,0
32.1,51.5,8.6,8.2,0,95.0,1,7,0.574,High,1
31.5,73.4,36.6,16.6,4,88.2,1,12,0.395,Medium,0
26.5,74.3,18.8,20.7,1,93.2,0,12,0.069,Low,0
28.8,40.2,20.1,0.0,15,59.4,1,7,0.882,Critical,1
24.4,72.1,8.2,9.3,0,94.7,1,11,0.121,Low,0
29.1,73.6,17.0,18.9,0,95.0,0,2,0.168,Low,0
31.0,74.4,18.8,0.9,15,60.5,1,12,0.862,Critical,0
34.3,54.7,6.5,0.0,13,67.2,1,9,0.96,Critical,1
30.0,57.2,9.1,0.0,23,40.0,1,8,0.85,Critical,1
27.8,88.9,4.9,31.0,1,93.9,0,5,0.029,Low,0
26.2,83.6,1.1,31.4,2,90.6,1,11,0.059,Low,0
28.6,70.7,8.2,0.3,14,61.8,0,5,0.388,Medium,0
26.4,73.5,9.2,18.1,3,88.2,1,1,0.0,Low,0
26.0,81.2,12.2,62.2,0,95.0,1,3,0.0,Low,0
25.6,78.7,10.8,16.3,0,95.0,0,12,0.0,Low,0
25.4,82.3,6.8,9.7,3,87.7,1,4,0.0,Low,0
27.8,74.3,6.3,6.6,4,86.4,0,5,0.08,Low,0
27.4,73.4,1.0,4.5,2,91.2,1,5,0.0,Low,0
34.9,38.8,15.1,0.0,5,87.4,0,7,0.696,High,1
28.7,65.9,8.5,6.4,3,89.3,1,3,0.186,Low,0
37.7,41.7,8.6,0.0,18,56.3,1,7,1.0,Critical,1
26.1,71.7,5.4,15.4,1,93.1,0,5,0.03,Low,0
28.1,77.9,5.4,9.4,3,89.0,0,10,0.141,Low,0
30.9,43.2,24.0,0.0,23,40.4,0,9,0.82,Critical,1
24.0,74.9,8.1,1.8,7,77.0,0,12,0.124,Low,0
28.5,67.7,8.7,32.0,3,89.2,0,2,0.061,Low,0
29.5,85.8,8.1,10.1,1,94.8,1,5,0.138,Low,0
26.7,73.8,19.3,0.8,20,45.9,0,1,0.373,Medium,1
26.5,68.9,8.5,21.9,4,85.7,0,5,0.012,Low,0
24.0,72.8,8.1,4.2,4,84.5,1,2,0.0,Low,0
35.0,58.0,8.2,3.6,4,90.0,1,8,0.668,High,1
27.9,84.3,4.1,8.3,2,91.5,0,1,0.0,Low,0
29.7,80.2,6.0,27.8,1,94.9,0,3,0.038,Low,0
28.9,79.5,14.2,23.5,0,95.0,1,3,0.196,Low,0
29.7,52.0,22.2,0.0,5,84.9,0,7,0.48,Medium,0
25.5,84.3,6.8,40.0,4,85.3,0,10,0.0,Low,0
28.8,83.7,3.5,9.1,4,86.9,1,1,0.103,Low,0
30.7,61.5,8.9,0.4,18,52.9,1,2,0.806,Critical,1
31.1,80.5,4.3,21.9,1,95.0,0,3,0.238,Low,0
29.9,42.8,5.1,7.3,3,90.0,0,8,0.337,Low,0
27.0,38.2,26.9,0.0,10,71.0,0,9,0.561,High,0
25.9,86.0,15.6,50.8,0,95.0,0,10,0.024,Low,0
24.8,85.1,5.6,19.5,2,89.9,0,12,0.052,Low,1
24.2,87.5,2.6,15.4,0,94.6,1,4,0.066,Low,0
29.3,72.8,10.2,1.2,21,44.7,0,4,0.352,Medium,0
35.1,60.2,17.4,0.9,12,70.1,1,9,0.976,Critical,1
33.4,38.2,19.7,0.0,8,79.2,0,9,1.0,Critical,1
25.8,77.2,10.2,0.5,5,82.9,0,10,0.165,Low,0
27.0,73.5,13.7,5.9,2,91.0,1,2,0.14,Low,0
33.0,40.3,21.3,12.9,2,94.0,0,8,0.435,Medium,0
28.6,72.2,8.7,9.3,3,89.3,0,2,0.106,Low,0
26.8,87.0,9.6,6.8,1,93.4,0,10,0.099,Low,0
28.5,79.5,5.1,84.6,1,94.3,0,1,0.16,Low,0
28.2,82.3,9.8,0.7,13,64.1,1,12,0.564,High,1
31.9,63.2,3.6,0.0,13,65.9,1,7,0.803,Critical,0
30.6,40.0,1.4,0.0,17,55.3,0,7,0.806,Critical,1
27.9,91.8,24.0,41.3,2,91.4,1,11,0.009,Low,0
27.4,67.6,4.9,24.3,1,93.7,1,4,0.045,Low,0
24.1,81.0,11.3,9.6,3,87.1,0,10,0.031,Low,0
34.8,72.3,7.8,1.9,6,84.9,0,6,0.449,Medium,0
26.9,74.4,13.3,14.3,1,93.4,0,12,0.01,Low,0
26.6,75.4,7.9,31.1,4,85.8,1,2,0.0,Low,0
31.6,39.8,3.1,0.0,14,63.3,0,8,0.814,Critical,1
25.4,83.4,13.8,0.0,17,52.7,0,5,0.352,Medium,1
25.2,77.3,4.6,10.0,4,85.1,0,10,0.0,Low,0
32.7,57.0,6.7,0.0,19,51.4,0,7,0.503,Medium,0
30.6,33.9,5.6,0.0,9,75.3,1,6,1.0,Critical,1
26.7,81.6,10.4,39.4,2,90.8,0,4,0.0,Low,0
30.7,75.8,5.7,0.4,12,67.8,0,5,0.447,Medium,0
34.4,50.4,13.0,0.0,9,77.2,0,6,0.738,High,1
32.6,50.1,5.2,0.0,11,71.3,1,8,1.0,Critical,0
26.4,93.0,3.0,3.1,1,93.2,1,4,0.077,Low,0
27.2,74.1,5.3,17.1,4,86.1,1,2,0.0,Low,0
28.5,61.7,6.7,2.7,0,95.0,0,7,0.181,Low,0
35.8,59.4,22.1,0.0,24,40.4,0,6,0.746,High,1
26.2,87.1,23.5,2.8,3,88.1,1,11,0.287,Low,0
35.2,37.9,4.5,0.0,5,87.6,0,7,0.708,High,1
32.2,47.0,14.7,9.5,3,91.1,0,7,0.321,Low,0
29.8,73.4,7.2,0.0,16,57.4,0,7,0.443,Medium,1
26.1,79.5,3.0,30.3,4,85.5,1,4,0.0,Low,0
26.9,87.7,7.8,10.1,3,88.4,0,12,0.0,Low,0
31.2,85.8,5.2,8.1,0,95.0,0,3,0.195,Low,1
34.7,30.5,8.9,0.0,22,44.8,1,9,0.874,Critical,1
28.8,30.4,10.1,0.0,7,79.4,1,7,0.897,Critical,1
27.1,78.1,5.9,1.3,15,58.6,1,2,0.341,Low,0
29.6,37.0,2.8,0.0,15,59.8,1,8,0.967,Critical,1
30.5,71.8,6.3,35.5,4,87.8,1,1,0.322,Low,1
27.2,38.5,4.2,3.0,1,93.6,1,7,0.495,Medium,1
28.1,88.7,1.4,9.0,3,89.1,0,4,0.065,Low,0
29.3,67.0,4.1,6.2,2,92.1,0,11,0.233,Low,1
31.6,41.7,3.9,0.0,17,55.8,1,8,0.88,Critical,1
25.6,88.6,12.2,10.3,3,87.8,0,12,0.085,Low,0
27.8,91.0,6.6,71.4,4,86.4,0,12,0.006,Low,1
32.8,52.3,16.3,4.6,0,95.0,0,6,0.474,Medium,0
25.1,64.5,4.6,3.2,4,85.1,1,12,0.059,Low,0
32.3,79.8,2.3,46.7,0,95.0,1,1,0.271,Low,0
28.8,83.0,24.4,17.8,3,89.4,1,2,0.23,Low,0
28.2,65.2,7.3,0.8,12,66.6,0,6,0.584,High,0
26.2,76.6,23.2,14.6,1,93.1,1,11,0.129,Low,0
25.6,74.2,17.9,14.0,3,87.8,1,3,0.0,Low,0
27.5,67.4,8.2,25.2,3,88.7,0,11,0.07,Low,0
28.8,77.4,8.9,55.7,3,89.4,0,11,0.099,Low,0
24.0,72.9,8.8,10.6,0,94.5,1,5,0.0,Low,0
30.2,74.2,4.5,14.1,0,95.0,1,11,0.266,Low,0
33.9,52.9,2.3,0.0,8,79.4,0,8,0.689,High,1
24.3,82.4,11.6,27.4,1,92.2,0,5,0.032,Low,0
26.3,72.4,21.8,2.3,4,85.7,1,11,0.284,Low,0
33.1,39.2,3.9,0.1,22,44.0,1,8,1.0,Critical,1
26.3,64.9,6.7,0.3,13,63.1,0,10,0.33,Low,1
31.9,45.1,3.2,0.0,11,71.0,0,8,0.75,Critical,1
29.4,54.8,4.6,0.0,23,39.7,0,9,0.536,Medium,0
30.1,52.1,12.7,0.0,24,37.6,1,7,1.0,Critical,1
28.5,95.0,14.5,0.5,21,44.2,0,10,0.483,Medium,1
30.1,31.8,0.7,1.0,21,45.1,0,9,0.9,Critical,1
30.0,63.2,9.5,2.7,2,92.5,1,8,0.428,Medium,0
24.0,92.0,5.8,0.7,10,69.5,1,3,0.295,Low,0
25.4,72.9,6.7,9.8,3,87.7,1,5,0.043,Low,0
28.5,87.4,22.4,3.6,3,89.3,0,3,0.237,Low,1
29.8,48.1,6.9,5.7,4,87.4,1,7,0.538,Medium,0
35.1,43.0,4.8,0.0,18,55.0,1,6,0.957,Critical,1
30.5,81.0,2.4,0.0,21,45.3,0,8,0.571,High,1
26.4,67.9,25.6,29.5,2,90.7,0,4,0.178,Low,1
29.6,43.2,5.1,1.6,6,82.3,0,8,0.453,Medium,0
24.5,74.9,3.7,10.7,3,87.3,1,3,0.0,Low,0
31.5,52.1,3.6,0.0,21,45.7,1,7,0.927,Critical,1
27.3,86.6,2.9,17.7,2,91.1,1,5,0.0,Low,0
28.0,83.4,8.1,1.2,13,64.0,0,1,0.317,Low,0
31.9,54.0,10.5,0.0,24,38.5,0,7,0.613,High,0
27.6,86.0,15.9,18.7,2,91.3,0,10,0.001,Low,0
27.6,75.4,9.5,20.7,3,88.8,1,11,0.0,Low,0
33.1,47.1,4.0,1.1,14,64.0,0,9,0.682,High,0
30.6,49.7,12.1,0.0,8,77.8,0,8,0.639,High,1
25.3,74.3,10.1,5.7,0,95.0,1,2,0.114,Low,0
24.8,80.7,13.5,7.0,0,94.9,0,4,0.01,Low,0
29.8,80.8,5.9,9.9,2,92.4,0,12,0.0,Low,0
26.6,79.2,1.8,13.0,3,88.3,1,1,0.003,Low,0
24.4,87.1,30.5,2.5,1,92.2,0,10,0.161,Low,0
35.0,39.5,15.1,0.4,10,75.0,0,8,0.796,Critical,1
31.9,85.1,2.7,2.7,3,90.9,0,5,0.3,Low,0
28.2,89.2,2.9,4.0,2,91.6,1,11,0.282,Low,0
25.8,86.0,18.9,16.7,3,87.9,1,5,0.092,Low,0
25.5,75.9,5.5,22.5,1,92.8,1,11,0.0,Low,0
24.2,83.1,24.8,18.1,3,87.1,1,5,0.092,Low,0
29.4,50.7,28.0,5.7,4,87.2,1,9,0.603,High,0
33.4,61.3,9.6,0.0,6,84.2,0,9,0.605,High,1
35.6,53.2,17.5,0.2,22,45.3,0,6,0.742,High,1
30.9,53.0,6.6,1.2,21,45.5,0,6,0.575,High,1
33.3,42.8,7.2,0.0,16,59.2,1,8,0.956,Critical,1
28.7,72.4,7.1,13.8,2,91.8,1,3,0.145,Low,0
26.6,74.5,17.1,2.5,0,95.0,0,10,0.16,Low,0
29.1,87.0,23.7,9.6,4,87.1,1,4,0.198,Low,0
28.2,83.4,33.0,1.3,16,56.6,0,2,0.485,Medium,1
30.2,57.4,5.2,38.5,0,95.0,0,12,0.188,Low,0
30.6,51.5,5.0,0.0,17,55.3,1,7,0.936,Critical,1
29.2,83.7,6.8,6.5,3,89.6,0,1,0.134,Low,0
24.7,80.0,1.0,6.6,1,92.3,1,2,0.088,Low,0
26.0,87.6,15.0,41.6,3,88.0,0,1,0.0,Low,0
28.7,75.4,15.2,3.6,3,89.3,0,5,0.102,Low,0
27.9,86.4,10.8,30.7,2,91.5,1,3,0.021,Low,0
24.0,81.1,45.0,11.8,1,92.0,1,12,0.168,Low,0
28.6,81.9,6.3,9.4,4,86.8,1,4,0.176,Low,0
32.5,49.6,15.7,0.0,5,86.3,0,7,0.594,High,1
25.9,84.8,13.3,14.1,3,88.0,1,1,0.065,Low,0
35.6,49.3,13.6,0.0,19,52.8,0,8,0.868,Critical,1
28.6,86.7,12.2,1.4,10,71.8,1,5,0.38,Medium,1
25.0,72.2,14.2,8.8,3,87.5,0,2,0.112,Low,0
27.6,76.4,2.8,7.2,3,88.8,0,12,0.032,Low,0
27.5,77.2,6.7,5.7,3,88.7,0,1,0.043,Low,0
26.2,79.3,7.0,5.2,0,95.0,0,3,0.107,Low,0
26.8,86.1,9.6,11.3,4,85.9,0,12,0.0,Low,0
28.3,88.9,20.3,10.6,0,95.0,1,12,0.206,Low,0
29.0,38.5,0.8,1.4,10,72.0,1,6,0.784,Critical,1
25.6,61.1,5.9,28.9,4,85.3,0,1,0.028,Low,0
30.2,88.0,18.6,5.9,3,90.1,0,5,0.21,Low,0
27.0,77.4,2.0,27.8,3,88.5,1,1,0.004,Low,0
33.7,40.5,5.3,0.0,8,79.4,1,6,1.0,Critical,0
28.7,85.1,2.3,2.5,3,89.4,1,10,0.281,Low,0
25.8,72.4,16.5,14.6,4,85.4,1,11,0.064,Low,0
27.5,73.7,6.3,92.9,3,88.7,1,11,0.0,Low,0
27.2,83.7,7.6,8.4,1,93.6,1,11,0.0,Low,0
34.0,66.7,6.6,0.0,17,57.0,0,8,0.857,Critical,0
29.2,95.0,8.7,16.6,4,87.1,1,2,0.042,Low,0
31.1,54.7,8.9,0.0,11,70.5,0,6,0.691,High,1
26.5,79.5,19.9,4.3,3,88.2,1,3,0.127,Low,0
33.6,38.3,9.4,0.0,7,81.8,1,7,1.0,Critical,1
28.4,83.2,10.6,3.8,1,94.2,1,3,0.188,Low,0
27.1,49.3,15.7,0.9,13,63.6,1,6,0.681,High,1
24.0,70.0,9.2,0.8,14,59.5,1,4,0.524,Medium,0
32.8,25.0,14.6,4.5,0,95.0,1,8,0.812,Critical,1
25.2,66.3,11.4,43.6,1,92.6,1,1,0.096,Low,1
30.6,47.6,9.6,0.5,22,42.8,0,6,0.715,High,0
24.7,78.3,18.6,24.2,2,89.9,1,10,0.118,Low,0
26.5,77.3,11.6,0.3,19,48.3,1,1,0.52,Medium,1
26.3,67.3,4.7,8.2,0,95.0,0,11,0.087,Low,0
25.7,71.4,5.0,18.5,1,92.9,0,12,0.076,Low,0
26.1,71.0,19.9,13.7,1,93.1,0,3,0.094,Low,0
29.4,39.1,10.6,0.0,17,54.7,1,6,0.997,Critical,1
27.9,80.4,18.2,13.1,0,95.0,0,11,0.059,Low,1
29.6,42.7,10.1,0.0,7,79.8,1,9,0.843,Critical,1
27.6,88.2,9.1,1.6,8,76.3,1,11,0.184,Low,0
26.7,49.6,11.2,0.0,19,48.4,0,9,0.535,Medium,1
31.3,31.9,10.0,0.0,7,80.6,1,6,0.986,Critical,0
26.9,75.8,8.8,64.0,3,88.4,0,10,0.0,Low,0
24.0,76.5,7.6,6.2,1,92.0,1,1,0.018,Low,0
34.2,71.0,5.1,3.9,4,89.6,1,6,0.445,Medium,0
30.0,85.9,9.0,4.3,4,87.5,1,11,0.272,Low,0
29.2,79.9,21.7,0.8,5,84.6,0,5,0.463,Medium,0
26.2,68.7,19.6,27.5,0,95.0,0,4,0.239,Low,1
27.1,75.3,16.8,14.8,3,88.6,1,2,0.038,Low,0
28.3,71.0,21.2,4.4,0,95.0,0,2,0.189,Low,0
29.4,78.1,15.7,18.5,1,94.7,0,10,0.036,Low,0
26.3,78.6,13.4,3.0,0,95.0,1,5,0.243,Low,0
30.2,77.0,0.8,6.1,0,95.0,0,2,0.24,Low,0
29.1,78.0,7.2,21.1,1,94.6,0,10,0.059,Low,1
29.8,63.9,13.3,10.4,1,94.9,1,3,0.314,Low,0
29.7,84.9,6.0,11.3,4,87.4,1,4,0.087,Low,0
25.0,72.5,5.7,4.5,4,85.0,0,4,0.026,Low,0
29.4,79.9,10.0,6.7,1,94.7,1,5,0.269,Low,1
30.6,25.0,7.1,7.2,2,92.8,1,8,0.802,Critical,1
28.5,91.3,5.6,1.6,11,69.3,0,1,0.241,Low,0
29.0,72.1,9.3,33.1,1,94.5,0,3,0.092,Low,0
24.5,87.7,12.3,6.6,2,89.7,1,12,0.047,Low,0
24.0,83.3,33.4,2.7,1,92.0,0,11,0.158,Low,0
34.4,50.8,7.5,1.0,20,49.7,0,6,0.797,Critical,0
26.9,77.9,3.0,6.4,1,93.4,0,5,0.015,Low,0
27.3,71.5,24.5,7.7,1,93.7,1,2,0.138,Low,0
24.8,95.0,6.8,7.9,4,84.9,1,12,0.0,Low,0
33.1,42.1,3.4,0.0,8,79.0,0,7,0.696,High,0
28.5,74.6,11.2,0.7,20,46.8,1,1,0.752,Critical,1
30.9,66.6,8.6,2.1,4,88.0,0,9,0.363,Medium,0
32.6,33.9,14.1,0.0,21,46.3,0,9,0.817,Critical,1
27.6,81.4,15.1,12.4,3,88.8,1,5,0.019,Low,0
27.6,64.7,27.1,25.6,0,95.0,1,4,0.254,Low,0
30.1,69.2,7.9,2.9,4,87.6,1,11,0.542,Medium,1
25.8,86.3,4.1,12.3,1,92.9,0,4,0.059,Low,0
25.6,71.7,28.0,25.5,4,85.3,0,4,0.06,Low,0
30.0,66.7,7.0,2.3,1,95.0,1,7,0.576,High,1
33.0,50.4,7.3,12.1,2,94.0,1,8,0.646,High,0
28.9,78.8,9.3,12.5,2,92.0,1,10,0.165,Low,1
27.4,74.8,10.5,0.3,6,81.2,1,1,0.356,Medium,0
30.5,87.0,11.4,24.4,0,95.0,0,10,0.218,Low,1
25.6,75.7,5.8,12.3,1,92.8,0,4,0.0,Low,1
27.0,34.9,3.4,3.5,1,93.5,1,9,0.467,Medium,1
31.2,86.2,14.7,9.7,4,88.1,0,10,0.284,Low,0
26.5,80.7,10.9,1.6,8,75.7,0,5,0.133,Low,0
36.2,55.8,37.6,3.5,4,90.6,0,8,0.527,Medium,0
25.9,70.9,8.1,4.1,4,85.4,1,10,0.02,Low,1
26.1,74.4,15.8,18.3,1,93.1,0,12,0.026,Low,0
26.9,62.2,29.5,1.6,21,43.4,0,11,0.44,Medium,0
29.2,37.2,11.0,0.0,9,74.6,1,9,0.928,Critical,1
29.1,62.7,21.2,51.5,2,92.1,0,4,0.201,Low,0
33.9,61.6,9.0,0.3,12,69.4,1,9,1.0,Critical,1
26.6,73.7,13.0,4.6,0,95.0,0,3,0.062,Low,1
32.9,62.2,18.6,0.0,10,74.0,0,8,0.591,High,1
30.2,85.6,4.6,3.5,1,95.0,1,3,0.447,Medium,1
26.6,79.7,8.0,2.6,1,93.3,0,11,0.114,Low,0
28.0,66.8,5.6,12.8,4,86.5,0,11,0.139,Low,1
26.5,74.8,14.9,8.0,2,90.7,0,11,0.071,Low,0
26.9,93.3,4.8,13.2,0,95.0,0,2,0.043,Low,0
24.1,84.8,4.0,22.2,1,92.1,1,10,0.0,Low,0
27.9,71.4,6.4,1.8,6,81.4,0,10,0.173,Low,0
28.2,82.8,10.5,6.4,2,91.6,0,5,0.194,Low,0
30.6,56.7,7.0,3.3,1,95.0,1,7,0.396,Medium,0
30.1,64.7,4.5,0.0,7,80.1,0,6,0.439,Medium,0
31.5,95.0,6.1,0.2,21,45.7,1,5,0.79,Critical,0
36.4,43.0,13.1,0.0,19,53.2,0,7,0.811,Critical,1
24.9,84.0,4.9,7.1,4,85.0,0,3,0.023,Low,1
31.2,48.1,8.7,0.0,12,68.1,0,8,0.653,High,1
29.4,79.5,6.1,14.3,3,89.7,0,5,0.14,Low,0
31.9,45.4,10.4,0.0,17,56.0,1,8,1.0,Critical,1
32.8,53.1,8.4,1.8,22,43.9,0,7,0.627,High,1
36.8,38.8,7.8,0.0,20,50.9,0,9,0.905,Critical,1
25.3,72.9,5.4,1.0,15,57.7,1,12,0.316,Low,0
32.5,53.4,4.8,2.1,0,95.0,0,8,0.506,Medium,0
28.4,64.7,15.2,11.4,3,89.2,1,1,0.204,Low,0
28.4,73.3,19.6,6.8,1,94.2,1,4,0.269,Low,0
27.5,78.7,9.0,43.5,2,91.3,0,4,0.042,Low,0
29.6,84.1,14.3,1.3,7,79.8,1,12,0.505,Medium,0
24.4,81.9,6.5,13.7,2,89.7,1,10,0.0,Low,0
25.0,80.2,8.2,6.0,3,87.5,1,11,0.041,Low,1
26.5,49.2,11.6,0.0,12,65.7,1,7,0.668,High,1
31.3,51.2,8.5,1.3,5,85.7,0,7,0.523,Medium,1
32.0,61.7,5.9,0.2,5,86.0,0,9,0.478,Medium,0
29.3,57.1,8.7,0.0,10,72.1,1,6,0.594,High,0
29.1,40.3,2.9,0.0,6,82.1,1,9,0.683,High,0
25.2,68.3,10.0,30.4,3,87.6,1,5,0.122,Low,0
27.1,76.1,6.0,9.0,3,88.6,1,10,0.028,Low,0
26.9,73.2,11.0,13.2,0,95.0,0,10,0.013,Low,0
27.8,31.2,5.0,0.0,23,38.9,0,7,0.563,High,1
27.7,75.9,10.9,2.3,2,91.4,0,3,0.123,Low,0
33.9,54.4,9.5,0.0,10,74.4,1,9,1.0,Critical,1
25.0,69.3,12.3,8.3,0,95.0,0,11,0.079,Low,0
28.2,69.4,3.8,10.7,4,86.6,0,2,0.156,Low,0
27.0,89.6,7.1,12.6,1,93.5,0,2,0.0,Low,0
25.9,87.7,13.0,13.5,0,95.0,0,2,0.138,Low,0
29.1,81.2,6.4,11.8,0,95.0,0,11,0.029,Low,1
25.4,65.7,2.0,9.2,2,90.2,0,2,0.018,Low,0
26.7,79.5,0.9,1.5,24,35.8,1,5,0.403,Medium,0
31.1,70.2,17.9,16.5,1,95.0,0,12,0.21,Low,0
34.1,38.6,10.6,0.0,18,54.5,1,9,1.0,Critical,1
24.8,72.0,10.6,12.5,4,84.9,0,2,0.0,Low,0
29.6,60.4,13.1,0.0,9,74.8,1,8,0.64,High,1
34.0,25.0,16.3,1.0,23,42.0,1,8,0.929,Critical,1
29.2,83.3,13.7,34.6,0,95.0,0,5,0.145,Low,0
32.6,38.4,6.7,0.0,23,41.3,1,8,0.996,Critical,0
27.4,73.0,10.9,4.0,2,91.2,1,12,0.172,Low,0
26.8,95.0,7.1,24.3,0,95.0,0,10,0.0,Low,0
29.6,46.5,13.0,4.5,2,92.3,0,6,0.214,Low,1
34.2,62.3,8.4,0.0,13,67.1,1,8,0.991,Critical,1
29.3,40.6,13.6,2.0,2,92.2,0,9,0.368,Medium,1
25.2,83.6,15.1,20.6,1,92.6,1,11,0.075,Low,0
28.6,69.2,7.3,13.1,3,89.3,0,1,0.136,Low,0
24.0,78.3,23.0,8.6,2,89.5,0,1,0.035,Low,0
25.4,87.0,9.5,6.2,3,87.7,1,11,0.032,Low,0
29.9,59.8,15.8,0.0,19,49.9,0,8,0.573,High,0
28.0,70.5,27.4,10.9,0,95.0,1,11,0.225,Low,0
24.0,71.8,5.4,0.7,22,39.5,1,4,0.541,Medium,0
26.6,89.3,3.7,16.3,4,85.8,0,3,0.0,Low,0
27.1,72.5,2.9,0.5,7,78.5,1,3,0.395,Medium,1
24.0,83.1,4.7,2.8,2,89.5,1,1,0.095,Low,0
35.8,54.4,14.0,0.0,11,72.9,0,8,0.673,High,1
31.5,47.3,9.4,0.0,12,68.2,0,9,0.627,High,1
24.5,92.8,20.7,14.8,0,94.8,0,4,0.1,Low,0
28.5,90.0,5.8,8.2,1,94.3,1,11,0.093,Low,0
26.9,76.3,17.7,17.6,1,93.5,0,5,0.084,Low,0
26.6,95.0,13.0,7.2,3,88.3,0,5,0.042,Low,0
36.2,47.8,5.0,0.3,10,75.6,1,8,1.0,Critical,1
31.3,48.5,11.8,0.0,21,45.7,0,7,0.564,High,0
25.3,74.4,11.6,44.0,2,90.1,0,12,0.065,Low,0
24.1,80.3,9.3,11.1,0,94.6,0,12,0.003,Low,0
24.0,74.9,8.6,7.9,3,87.0,0,3,0.007,Low,0
33.5,43.0,5.1,0.0,23,41.8,0,6,0.913,Critical,0
29.4,43.8,25.8,1.4,16,57.2,0,8,0.645,High,1
28.1,93.9,13.3,12.1,3,89.1,1,4,0.157,Low,1
27.3,76.0,0.9,10.0,2,91.2,0,10,0.071,Low,0
24.0,69.8,3.1,2.4,0,94.5,1,12,0.196,Low,0
33.0,66.4,2.7,0.0,20,49.0,0,8,0.659,High,0
26.2,86.6,13.7,15.6,4,85.6,0,3,0.033,Low,0
28.4,69.7,13.6,2.4,2,91.7,1,7,0.327,Low,0
25.8,79.4,15.9,23.9,0,95.0,1,11,0.048,Low,0
33.3,60.7,2.4,0.0,16,59.2,0,9,0.716,High,1
27.7,73.2,18.6,56.3,4,86.4,0,10,0.193,Low,1
35.7,73.4,21.0,0.2,21,47.8,1,7,1.0,Critical,1
26.8,72.2,14.2,5.6,2,90.9,1,4,0.106,Low,0
27.0,80.3,28.1,25.1,1,93.5,0,3,0.16,Low,0
27.5,67.7,20.3,47.9,0,95.0,1,3,0.218,Low,0
32.9,49.3,17.0,2.4,2,93.9,0,6,0.492,Medium,1
27.7,72.2,7.3,5.9,0,95.0,1,2,0.0,Low,0
29.2,81.6,3.5,8.3,0,95.0,0,2,0.117,Low,0
27.1,79.0,14.4,2.3,2,91.0,0,10,0.102,Low,0
28.6,83.9,4.5,7.2,4,86.8,0,4,0.201,Low,0
27.2,79.1,12.0,15.9,3,88.6,0,2,0.018,Low,0
26.4,71.9,6.7,13.6,3,88.2,0,11,0.0,Low,0
32.6,39.0,1.1,1.4,14,63.8,1,8,0.969,Critical,1
26.2,83.6,38.4,11.7,2,90.6,1,1,0.172,Low,0
25.4,69.4,5.8,7.5,3,87.7,0,1,0.049,Low,0
28.1,85.2,3.4,6.5,2,91.5,1,2,0.185,Low,1
24.1,78.7,8.6,18.9,0,94.5,1,4,0.0,Low,0
34.3,47.9,7.4,0.0,20,49.6,0,6,0.763,Critical,1
28.3,89.4,29.5,26.9,4,86.7,1,10,0.336,Low,0
25.3,82.3,8.7,6.5,0,95.0,0,3,0.051,Low,0
28.6,27.7,1.3,0.0,10,71.8,0,6,0.569,High,1
27.9,72.6,17.0,5.5,1,94.0,0,2,0.0,Low,0
31.5,52.4,11.4,0.0,16,58.2,0,6,0.743,High,1
29.2,68.0,5.9,60.2,1,94.6,1,11,0.276,Low,1
30.8,32.7,5.1,0.0,6,82.9,0,8,0.716,High,0
28.0,79.6,14.4,49.2,0,95.0,0,11,0.0,Low,1
24.0,69.6,29.0,4.8,3,87.0,0,1,0.152,Low,0
25.1,72.5,5.8,0.6,24,35.0,0,11,0.337,Low,0
29.4,85.6,12.2,20.1,3,89.7,1,3,0.2,Low,0
25.1,73.9,23.1,11.6,3,87.5,0,2,0.107,Low,0
28.7,57.3,12.6,0.0,23,39.3,1,6,0.799,Critical,1
27.3,70.0,3.9,10.9,0,95.0,1,3,0.065,Low,0
28.6,78.6,8.5,9.2,4,86.8,1,4,0.188,Low,0
29.4,47.8,24.2,0.0,15,59.7,0,8,0.598,High,1
28.5,63.3,14.1,9.2,4,86.8,0,4,0.118,Low,0
26.5,82.0,4.8,24.9,3,88.3,0,1,0.0,Low,0
25.1,73.0,21.3,40.8,4,85.1,1,3,0.047,Low,1
29.2,58.7,11.4,0.0,17,54.6,0,9,0.567,High,1
27.6,84.1,19.0,23.1,0,95.0,1,4,0.194,Low,0
35.2,57.9,5.6,0.0,24,40.1,1,9,1.0,Critical,1
25.4,88.9,18.8,19.3,0,95.0,0,5,0.0,Low,0
30.5,68.8,14.2,0.0,16,57.7,0,7,0.555,High,1
31.3,59.3,9.3,0.7,9,75.6,0,7,0.523,Medium,1
26.6,93.1,3.0,4.9,2,90.8,1,11,0.026,Low,0
25.5,84.8,4.5,5.2,4,85.3,0,12,0.034,Low,0
24.0,77.4,5.3,3.5,0,94.5,1,11,0.144,Low,0
34.9,55.4,21.0,0.0,11,72.4,0,8,0.71,High,1
26.0,69.1,14.3,11.3,3,88.0,0,2,0.141,Low,0
24.0,82.5,6.2,1.4,8,74.5,0,11,0.047,Low,0
32.6,62.7,7.0,0.0,23,41.3,1,8,0.884,Critical,1
26.2,64.7,4.0,1.5,19,48.1,1,2,0.523,Medium,1
30.7,50.1,14.1,3.5,3,90.4,0,7,0.531,Medium,0
28.7,85.3,8.8,39.4,1,94.4,1,11,0.12,Low,1
29.4,86.3,7.3,8.2,0,95.0,0,3,0.08,Low,0
32.8,46.9,1.8,0.0,10,73.9,1,7,0.828,Critical,1
28.6,80.6,4.7,34.5,1,94.3,0,1,0.12,Low,0
28.0,80.4,24.5,7.6,0,95.0,0,2,0.289,Low,0
29.7,77.4,22.7,5.0,3,89.9,1,10,0.293,Low,0
28.7,80.4,21.6,6.7,3,89.3,1,3,0.31,Low,0
27.6,72.6,1.6,15.3,0,95.0,0,11,0.061,Low,0
28.3,71.7,9.7,5.5,2,91.6,0,1,0.198,Low,0
29.6,79.1,5.5,28.8,3,89.8,1,11,0.134,Low,0
34.5,69.2,22.1,7.0,3,92.3,1,8,0.603,High,0
25.3,72.2,4.6,10.2,3,87.6,1,10,0.015,Low,0
27.0,61.0,8.6,31.0,0,95.0,0,2,0.051,Low,0
30.4,81.5,1.8,3.7,4,87.7,0,4,0.2,Low,0
26.7,86.3,12.6,2.7,0,95.0,0,10,0.115,Low,0
25.1,80.4,5.3,9.9,0,95.0,1,12,0.008,Low,0
24.9,70.1,2.7,8.9,0,94.9,1,2,0.0,Low,0
26.0,51.1,5.3,21.2,2,90.5,1,10,0.279,Low,0
30.0,81.8,12.2,10.2,2,92.5,0,11,0.114,Low,0
30.6,42.9,21.5,0.0,21,45.3,1,9,1.0,Critical,1
32.1,34.6,2.2,0.3,18,53.6,1,6,0.979,Critical,1
26.3,80.8,6.1,16.0,0,95.0,1,10,0.032,Low,0
29.8,58.3,7.1,0.0,22,42.4,0,6,0.481,Medium,0
26.1,81.7,6.5,0.9,21,43.0,0,12,0.349,Low,0
26.1,77.9,4.1,33.6,2,90.5,1,5,0.076,Low,0
25.5,75.5,3.5,3.6,1,92.8,0,2,0.083,Low,0
28.1,82.7,10.3,4.6,1,94.0,1,1,0.178,Low,0
27.8,67.4,6.4,0.0,12,66.4,1,9,0.558,High,1
27.7,68.3,3.9,15.9,3,88.8,0,3,0.006,Low,0
24.7,79.0,42.3,8.5,2,89.9,1,12,0.19,Low,0
31.9,52.2,9.8,0.7,13,65.9,1,9,0.963,Critical,1
32.7,95.0,12.7,26.8,2,93.8,1,3,0.381,Medium,0
26.8,75.8,13.7,11.2,4,85.9,0,5,0.165,Low,0
25.2,70.2,3.2,16.4,4,85.1,1,10,0.0,Low,0
29.2,84.0,5.5,12.1,0,95.0,0,1,0.141,Low,0
28.5,73.3,17.5,7.1,1,94.3,0,10,0.199,Low,0
28.1,74.5,10.0,9.6,4,86.6,1,2,0.096,Low,0
26.8,84.2,5.1,3.1,4,85.9,0,5,0.029,Low,0
24.7,82.8,3.1,6.2,0,94.8,0,10,0.106,Low,0
29.7,67.7,7.6,28.5,2,92.4,0,11,0.167,Low,0
30.9,52.7,24.8,0.0,5,85.4,1,8,0.873,Critical,0
28.5,85.4,9.2,11.8,1,94.3,1,4,0.23,Low,0
27.8,67.9,6.9,4.5,1,93.9,1,3,0.141,Low,0
30.4,45.7,2.6,1.7,9,75.2,0,7,0.519,Medium,1
31.6,51.2,10.1,7.4,4,88.3,0,8,0.366,Medium,0
27.2,79.7,3.2,12.8,2,91.1,0,5,0.063,Low,0
25.9,84.5,2.8,6.4,0,95.0,0,2,0.019,Low,0
29.5,75.4,6.6,21.9,3,89.8,1,10,0.173,Low,0
27.8,69.7,5.1,36.3,0,95.0,0,2,0.039,Low,0
24.3,95.0,3.7,2.4,3,87.1,0,1,0.121,Low,0
31.2,57.4,7.0,0.0,16,58.1,1,8,0.835,Critical,1
32.9,38.1,3.5,0.0,12,69.0,1,8,1.0,Critical,1
25.8,73.6,23.9,0.3,5,82.9,0,3,0.255,Low,0
27.9,77.4,17.6,55.1,0,95.0,0,1,0.079,Low,0
25.0,69.3,4.6,4.3,2,90.0,0,2,0.149,Low,0
24.5,81.2,1.3,6.5,4,84.8,0,11,0.067,Low,0
24.7,89.8,2.4,19.6,1,92.3,0,1,0.067,Low,0
27.3,91.0,3.5,1.9,20,46.1,0,4,0.208,Low,0
27.2,60.4,10.7,0.0,20,46.1,1,8,0.692,High,1
28.6,77.5,9.9,27.5,2,91.8,1,10,0.133,Low,0
26.3,79.4,5.8,2.8,4,85.6,0,1,0.077,Low,0
26.3,76.7,6.7,5.7,0,95.0,0,5,0.0,Low,0
36.4,25.0,6.4,0.0,16,60.7,0,7,0.939,Critical,1
28.8,80.9,8.7,6.6,1,94.4,0,1,0.136,Low,0
28.9,74.2,4.8,18.1,3,89.5,1,3,0.163,Low,0
29.0,80.4,5.1,33.8,0,95.0,1,1,0.145,Low,0
32.5,52.0,9.2,0.0,7,81.2,0,7,0.694,High,1
25.7,77.5,18.3,25.5,3,87.9,0,10,0.063,Low,0
25.4,92.1,10.6,2.7,2,90.2,0,11,0.077,Low,0
26.9,68.9,5.4,3.1,2,91.0,1,12,0.197,Low,0
27.3,79.7,3.1,11.6,0,95.0,1,1,0.043,Low,1
33.3,36.2,5.7,0.0,5,86.7,0,7,0.844,Critical,1
32.0,47.8,3.4,0.0,20,48.5,0,6,0.674,High,1
25.9,80.1,19.7,19.3,2,90.4,1,12,0.113,Low,1
27.6,78.4,7.1,65.0,0,95.0,0,4,0.0,Low,0
25.2,87.8,14.9,32.9,2,90.1,1,11,0.056,Low,0
27.1,86.0,18.5,19.1,3,88.5,0,10,0.024,Low,0
31.2,42.4,14.6,0.0,23,40.6,1,6,1.0,Critical,0
34.8,43.5,4.5,1.6,9,77.4,1,6,0.907,Critical,0
30.2,76.1,21.8,3.1,2,92.6,0,2,0.28,Low,0
30.9,62.0,3.8,2.5,3,90.4,1,9,0.694,High,0
28.0,77.4,5.4,23.3,1,94.0,0,4,0.049,Low,1
26.6,80.0,3.8,0.9,20,45.8,1,12,0.542,Medium,1
32.2,45.1,4.6,0.6,16,58.6,1,9,1.0,Critical,1
25.9,88.6,3.8,16.0,0,95.0,1,2,0.0,Low,0
28.0,69.1,1.5,10.3,2,91.5,1,10,0.099,Low,0
26.9,91.8,1.9,0.7,12,66.0,1,5,0.48,Medium,0
31.3,58.7,18.1,0.0,7,80.6,0,6,0.528,Medium,1
25.6,74.0,7.5,64.6,0,95.0,0,2,0.0,Low,0
28.0,71.5,13.8,18.9,4,86.5,1,12,0.202,Low,0
33.2,49.0,7.3,9.6,2,94.1,1,7,0.72,High,1
26.1,86.0,6.3,2.5,4,85.5,1,2,0.101,Low,0
28.3,81.6,11.8,3.8,4,86.6,1,6,0.224,Low,0
25.6,66.9,12.8,5.9,4,85.3,1,1,0.184,Low,0
24.0,81.0,0.7,12.5,2,89.5,0,2,0.017,Low,0
26.0,64.8,29.5,1.8,14,60.5,1,10,0.442,Medium,1
29.2,74.3,21.3,42.6,3,89.6,1,2,0.215,Low,0
24.0,75.0,5.6,0.7,15,57.0,1,1,0.445,Medium,0
30.6,52.8,5.9,2.4,2,92.8,1,6,0.658,High,1
31.4,45.8,7.0,5.8,1,95.0,1,8,0.659,High,1
29.1,75.6,13.3,17.1,4,87.1,1,11,0.261,Low,0
24.7,51.6,6.1,0.0,19,47.4,0,9,0.542,Medium,1
36.0,45.1,14.6,0.1,6,85.5,0,7,0.727,High,1
30.7,79.8,2.0,17.9,4,87.8,1,5,0.359,Medium,1
34.8,28.3,5.4,0.0,10,74.9,0,8,0.777,Critical,0
26.0,77.7,9.6,0.6,19,48.0,1,3,0.513,Medium,0
30.7,48.7,2.9,1.1,8,77.9,1,7,0.805,Critical,1
26.3,69.2,11.0,4.7,3,88.2,0,3,0.121,Low,0
37.8,65.6,8.4,0.0,16,61.4,0,8,0.743,High,1
31.5,82.7,8.1,47.2,4,88.3,1,11,0.313,Low,1
29.7,65.3,16.0,1.7,7,79.9,1,10,0.441,Medium,0
28.0,70.7,6.2,32.8,1,94.0,0,5,0.002,Low,0
35.2,54.7,3.5,0.0,23,42.6,0,9,0.791,Critical,0
26.5,57.2,6.1,2.3,4,85.8,1,3,0.261,Low,0
34.3,36.0,8.8,2.1,4,89.7,0,7,0.624,High,1
26.8,86.8,19.4,4.6,0,95.0,0,5,0.123,Low,0
27.2,80.7,3.5,43.0,4,86.1,0,2,0.0,Low,1
26.1,63.0,4.5,11.7,4,85.6,0,5,0.129,Low,0
31.7,52.4,11.6,0.0,17,55.8,0,7,0.64,High,1
32.8,25.0,12.0,0.0,20,48.9,1,6,0.927,Critical,1
24.8,70.3,3.4,17.7,0,94.9,1,4,0.0,Low,0
24.6,85.1,23.9,40.0,2,89.8,0,2,0.035,Low,0
35.0,66.2,5.1,1.1,7,82.5,0,8,0.428,Medium,0
29.0,86.4,14.6,15.6,4,87.0,1,11,0.18,Low,0
28.2,64.6,11.0,0.7,22,41.6,1,1,0.713,High,1
28.7,45.9,1.3,2.8,3,89.4,0,7,0.284,Low,1
27.7,67.3,3.3,1.2,7,78.9,0,12,0.225,Low,1
24.0,78.5,4.3,0.1,10,69.5,0,12,0.24,Low,0
30.6,60.5,12.9,0.0,24,37.8,0,7,0.624,High,0
32.7,38.9,6.8,0.0,17,56.3,1,7,1.0,Critical,1
36.6,29.1,8.9,0.0,20,50.8,0,7,0.942,Critical,1
32.4,56.9,11.7,2.0,19,51.2,1,6,0.866,Critical,1
27.4,68.9,9.9,6.1,4,86.2,1,12,0.108,Low,0
26.2,78.6,20.1,6.1,2,90.6,1,12,0.152,Low,0
28.3,49.6,24.4,4.1,4,86.7,0,7,0.48,Medium,0
26.4,90.5,13.2,28.9,0,95.0,0,4,0.065,Low,0
29.9,73.5,3.2,17.2,3,89.9,1,1,0.175,Low,0
25.6,71.4,9.5,1.0,23,37.8,1,4,0.517,Medium,1
27.9,86.6,10.3,3.0,1,93.9,1,4,0.179,Low,1
29.2,39.0,2.6,0.0,15,59.6,0,8,0.683,High,0
31.5,53.5,17.4,0.0,7,80.8,0,7,0.575,High,1
29.3,83.7,31.1,0.8,7,79.7,0,1,0.412,Medium,0
29.2,76.8,6.6,3.2,1,94.6,1,11,0.184,Low,0
31.2,51.0,8.6,0.0,20,48.1,0,9,0.738,High,0
26.2,42.8,6.4,0.4,22,40.6,0,9,0.476,Medium,0
30.4,75.5,22.9,0.0,9,75.2,1,7,0.697,High,1
27.8,74.6,9.3,9.7,0,95.0,0,11,0.0,Low,0
24.0,66.6,10.5,29.9,1,92.0,0,2,0.041,Low,0
27.0,73.7,2.7,15.3,2,91.0,0,10,0.022,Low,0
34.4,49.9,7.7,1.6,15,62.2,0,7,0.666,High,0
24.9,83.8,4.7,15.6,4,84.9,0,2,0.0,Low,0
24.1,62.4,17.9,2.0,2,89.6,0,1,0.135,Low,1
26.4,85.8,21.0,39.1,1,93.2,0,4,0.066,Low,0
33.3,42.6,6.6,0.0,22,44.2,0,7,0.8,Critical,1
26.6,75.0,4.1,25.6,4,85.8,0,5,0.0,Low,0
25.3,60.6,8.0,4.3,2,90.2,0,6,0.031,Low,0
29.3,78.9,8.6,29.6,3,89.6,0,11,0.065,Low,0
29.1,74.2,13.9,1.6,7,79.5,0,12,0.29,Low,0
26.6,85.3,5.0,24.9,0,95.0,0,5,0.084,Low,0
24.2,78.6,13.7,22.9,2,89.6,1,3,0.109,Low,0
28.9,81.9,3.0,5.3,2,92.0,0,4,0.272,Low,1
28.0,77.1,7.6,14.6,1,94.0,1,10,0.159,Low,0
28.7,65.9,2.3,1.4,5,84.4,0,10,0.169,Low,0
33.3,60.4,3.1,0.7,19,51.6,0,9,0.76,Critical,0
25.8,67.4,5.0,40.2,1,92.9,0,4,0.061,Low,0
27.7,75.3,12.0,20.6,0,95.0,0,3,0.074,Low,0
31.1,84.0,4.6,13.2,0,95.0,0,1,0.199,Low,0
30.0,49.3,4.1,0.0,18,52.5,1,9,0.978,Critical,1
28.3,54.2,7.3,2.7,1,94.1,0,7,0.262,Low,0
32.3,76.8,17.8,7.7,4,88.7,0,1,0.246,Low,0
34.2,33.2,13.7,3.7,0,95.0,1,9,0.894,Critical,1
29.9,66.9,0.9,12.1,3,89.9,0,11,0.162,Low,0
36.9,53.8,3.3,0.0,5,88.4,0,9,0.668,High,0
24.7,69.1,10.9,5.5,2,89.8,0,11,0.18,Low,1
26.5,46.8,18.5,8.2,1,93.2,0,6,0.164,Low,1
26.2,83.6,9.9,19.3,0,95.0,0,4,0.003,Low,0
27.1,68.2,3.4,9.5,4,86.1,1,11,0.189,Low,1
24.0,81.1,8.3,9.7,0,94.5,0,11,0.015,Low,0
29.0,84.1,14.3,20.8,1,94.5,1,4,0.184,Low,0
25.4,78.9,11.0,32.1,3,87.7,0,1,0.107,Low,0
24.4,81.9,22.0,25.3,0,94.7,0,12,0.108,Low,0
32.0,73.8,9.9,0.0,12,68.5,0,8,0.433,Medium,1
28.9,76.6,16.0,15.6,3,89.4,0,5,0.141,Low,0
35.3,33.5,1.2,0.0,15,62.7,0,9,0.862,Critical,0
25.7,83.6,4.6,39.9,0,95.0,0,3,0.0,Low,0
25.8,81.8,30.5,8.1,4,85.4,0,5,0.205,Low,0
31.7,34.7,13.8,2.0,4,88.3,1,9,0.864,Critical,1
28.4,65.9,9.3,3.6,3,89.2,0,11,0.099,Low,0
32.4,52.3,16.9,0.0,6,83.7,1,6,0.943,Critical,1
25.1,67.6,5.7,1.8,8,75.1,0,12,0.16,Low,1
26.8,87.0,23.5,16.2,1,93.4,0,12,0.051,Low,0
25.6,73.3,3.0,13.5,4,85.3,0,11,0.092,Low,0
32.8,53.8,8.2,2.5,4,88.9,1,9,0.698,High,0
24.0,86.7,0.4,39.2,2,89.5,1,10,0.0,Low,0
26.2,68.4,3.8,12.5,2,90.6,1,3,0.16,Low,0
28.8,76.7,3.4,24.9,1,94.4,1,12,0.108,Low,0
30.2,59.2,3.7,0.8,17,55.1,0,9,0.643,High,1
35.7,38.8,9.6,0.2,23,42.9,0,8,0.966,Critical,1
24.0,81.9,13.5,3.4,2,89.5,0,1,0.059,Low,0
31.2,44.8,10.6,0.0,20,48.1,1,7,1.0,Critical,1
32.0,46.3,5.8,0.0,22,43.5,0,7,0.71,High,1
26.8,70.2,10.9,15.9,3,88.4,0,3,0.127,Low,0
25.0,84.1,9.0,4.7,3,87.5,1,10,0.126,Low,0
28.9,45.6,2.5,2.5,4,87.0,1,8,0.448,Medium,1
30.7,80.9,16.5,27.2,2,92.8,0,10,0.309,Low,1
36.6,34.6,10.0,3.2,2,95.0,0,9,0.604,High,1
34.0,46.1,19.2,0.0,16,59.5,1,6,1.0,Critical,1
27.2,77.0,6.8,4.0,4,86.1,0,4,0.084,Low,0
25.6,89.9,3.6,6.3,2,90.3,1,10,0.134,Low,0
33.4,43.6,5.9,0.4,9,76.7,1,9,0.975,Critical,1
28.2,76.2,3.5,6.5,2,91.6,0,9,0.142,Low,0
27.6,82.1,4.0,4.9,0,95.0,1,4,0.149,Low,0
32.6,46.7,10.8,0.0,8,78.8,1,6,0.963,Critical,1
28.6,69.3,10.3,9.9,2,91.8,0,1,0.191,Low,0
26.1,77.0,23.4,2.4,1,93.1,0,12,0.202,Low,0
25.5,70.2,7.5,10.2,1,92.7,0,2,0.059,Low,0
33.0,30.8,2.5,2.3,1,95.0,0,8,0.592,High,1
24.0,78.2,12.5,17.5,2,89.5,0,4,0.0,Low,0
27.0,73.5,10.2,7.6,1,93.5,0,5,0.104,Low,0
35.5,32.6,2.9,0.9,5,87.8,1,9,0.998,Critical,1
26.5,79.3,6.5,12.9,4,85.8,1,5,0.058,Low,0
26.5,77.7,6.0,0.6,16,55.7,0,5,0.393,Medium,1
26.2,77.3,3.0,31.5,2,90.6,0,1,0.0,Low,0
25.2,72.5,5.9,43.7,1,92.6,1,10,0.0,Low,0
25.9,91.4,5.2,21.9,0,95.0,0,2,0.0,Low,0
27.9,66.2,6.0,37.8,4,86.5,1,11,0.07,Low,0
28.7,80.9,10.4,6.0,4,86.9,1,1,0.265,Low,0
27.0,71.6,10.2,33.2,2,91.0,1,3,0.0,Low,0
26.0,77.8,4.5,7.2,0,95.0,1,4,0.073,Low,0
32.7,50.3,8.3,0.0,10,73.9,1,7,0.926,Critical,1
29.5,55.4,3.9,0.0,20,47.2,0,6,0.459,Medium,0
24.0,70.6,2.8,0.6,19,47.0,1,1,0.536,Medium,1
25.8,86.9,17.6,27.5,1,92.9,0,4,0.006,Low,1
33.5,52.1,13.3,0.0,16,59.2,1,9,0.928,Critical,0
28.4,61.8,3.1,6.8,3,89.2,0,12,0.29,Low,0
26.9,68.7,14.8,25.5,2,90.9,0,1,0.156,Low,0
25.8,48.3,18.4,0.0,12,65.4,0,9,0.515,Medium,1
26.3,61.8,6.4,6.2,3,88.2,1,5,0.094,Low,0
26.8,79.1,9.1,0.2,7,78.4,0,4,0.248,Low,0
30.3,95.0,3.8,15.8,0,95.0,1,4,0.333,Low,1
24.0,70.9,12.0,9.0,0,94.5,0,11,0.038,Low,0
33.3,50.5,6.2,0.5,23,41.6,0,8,0.78,Critical,1
27.4,66.9,23.6,8.2,0,95.0,1,10,0.255,Low,0
36.9,40.4,9.3,17.8,3,93.5,1,6,0.654,High,1
24.0,74.8,11.4,36.0,0,94.5,1,12,0.0,Low,0
33.7,53.5,9.8,0.0,15,61.8,1,9,1.0,Critical,1
34.5,36.5,9.6,0.0,12,69.8,0,8,0.847,Critical,1
27.0,69.5,8.9,12.8,0,95.0,0,4,0.06,Low,1
28.4,77.6,1.7,5.2,3,89.2,0,1,0.202,Low,0
29.2,83.2,8.1,28.8,4,87.1,0,10,0.106,Low,0
35.8,42.3,21.0,0.0,12,70.4,0,6,0.77,Critical,1
35.6,62.2,17.4,0.0,23,42.8,1,9,1.0,Critical,1
34.1,27.0,7.5,0.0,9,77.0,0,6,0.813,Critical,1
32.7,56.0,14.1,11.6,2,93.8,0,8,0.364,Medium,1
33.4,59.3,4.4,0.0,5,86.7,1,8,0.862,Critical,1
29.3,69.6,6.2,8.7,0,95.0,1,2,0.212,Low,0
25.5,73.1,8.9,13.5,3,87.8,1,3,0.0,Low,0
29.8,46.7,21.7,0.1,5,84.9,1,7,0.791,Critical,1
25.3,82.8,0.8,0.0,5,82.6,1,2,0.216,Low,0
29.9,37.7,9.5,0.0,21,44.9,0,7,0.727,High,1
26.5,85.9,5.9,4.5,3,88.3,0,10,0.097,Low,0
26.4,79.0,4.9,8.0,4,85.7,0,3,0.027,Low,0
26.2,74.7,1.9,9.2,4,85.6,0,5,0.0,Low,1
27.7,88.5,2.2,2.2,4,86.4,0,4,0.091,Low,0
28.7,84.0,6.0,6.8,0,95.0,1,4,0.282,Low,0
24.4,78.9,0.5,46.9,3,87.2,1,11,0.065,Low,0
24.6,72.0,7.3,4.2,0,94.8,0,1,0.156,Low,0
24.6,73.0,14.5,16.2,1,92.3,1,2,0.022,Low,0
26.6,73.3,10.3,26.3,3,88.3,1,10,0.056,Low,0
26.4,71.9,11.9,15.5,1,93.2,0,4,0.0,Low,0
27.2,65.7,3.1,31.2,3,88.6,0,5,0.079,Low,0
33.8,40.1,2.0,0.0,7,81.9,0,7,0.698,High,0
29.0,62.2,2.9,50.8,3,89.5,0,12,0.175,Low,0
32.3,48.2,3.8,0.0,18,53.7,0,9,0.676,High,0
24.0,65.9,5.9,13.5,1,92.0,0,5,0.055,Low,0
25.5,76.6,34.5,11.9,0,95.0,0,4,0.126,Low,0
30.6,55.7,7.7,0.0,18,52.8,0,7,0.527,Medium,1
29.1,75.6,8.6,9.6,3,89.5,0,1,0.179,Low,0
26.4,80.0,8.4,10.1,0,95.0,0,4,0.026,Low,0
27.5,82.2,31.7,14.8,2,91.2,1,10,0.09,Low,0
26.7,69.7,2.8,33.9,0,95.0,0,11,0.146,Low,0
27.1,82.1,2.3,9.4,2,91.0,0,10,0.0,Low,0
26.2,71.6,28.2,0.8,7,78.1,1,4,0.473,Medium,1
34.6,61.3,18.1,0.0,21,47.3,0,7,0.764,Critical,0
28.6,31.2,9.3,0.0,20,46.8,0,8,0.683,High,0
26.7,75.5,19.6,9.9,0,95.0,0,5,0.093,Low,0
36.1,42.3,2.6,1.6,5,88.0,0,9,0.566,High,0
32.7,48.9,2.5,0.0,16,58.9,0,7,0.673,High,0
30.2,83.6,11.9,0.0,7,80.1,0,8,0.481,Medium,0
33.2,43.1,5.7,3.8,3,91.6,0,8,0.532,Medium,0
35.5,54.5,6.1,3.8,3,92.8,0,6,0.46,Medium,0
25.0,70.3,18.2,2.9,2,90.0,1,1,0.245,Low,0
31.0,70.6,4.7,10.8,0,95.0,1,1,0.304,Low,0
27.7,84.9,8.2,39.3,3,88.8,0,11,0.0,Low,0
24.0,83.0,2.4,3.0,0,94.5,1,2,0.0,Low,0
27.2,84.0,2.4,37.3,4,86.1,1,12,0.029,Low,0
30.5,50.9,9.0,0.0,15,60.2,0,7,0.661,High,1
27.5,77.0,2.2,15.1,4,86.3,1,3,0.023,Low,0
30.2,66.8,9.2,0.0,22,42.6,1,6,0.806,Critical,1
29.2,88.5,15.3,7.3,2,92.1,1,11,0.183,Low,0
30.1,39.4,12.5,0.0,10,72.5,0,7,0.777,Critical,0
27.6,70.0,19.3,2.3,3,88.8,0,4,0.303,Low,1
27.4,80.5,10.0,8.7,0,95.0,0,4,0.033,Low,0
27.2,76.1,14.3,0.2,21,43.6,0,10,0.473,Medium,0
27.1,83.3,17.0,8.4,3,88.6,0,5,0.036,Low,0
25.1,79.7,10.4,3.6,2,90.0,0,4,0.04,Low,0
27.2,76.5,4.8,22.0,0,95.0,0,10,0.008,Low,0
32.2,43.5,14.9,0.0,6,83.6,0,7,0.631,High,0
34.5,57.8,3.0,0.0,15,62.3,0,7,0.632,High,0
24.8,90.2,11.5,5.0,1,92.4,0,12,0.078,Low,0
24.3,66.0,18.9,13.2,1,92.1,0,10,0.081,Low,0
26.0,86.4,7.8,25.8,4,85.5,1,2,0.023,Low,0
27.3,54.5,4.6,47.4,2,91.2,1,10,0.25,Low,0
25.5,93.8,8.9,4.0,2,90.3,0,10,0.024,Low,0
30.0,47.9,2.6,0.0,6,82.5,0,7,0.583,High,1
24.0,87.3,11.4,49.4,1,92.0,0,3,0.011,Low,0
27.1,77.5,18.4,1.2,9,73.6,1,1,0.369,Medium,0
34.1,63.4,3.2,2.7,2,94.6,0,7,0.481,Medium,0
28.9,60.6,7.9,29.6,3,89.5,0,11,0.097,Low,0
25.0,82.1,6.3,0.5,21,42.5,0,1,0.369,Medium,0
24.0,80.5,2.1,13.4,0,94.5,0,4,0.0,Low,0
24.9,75.6,19.6,57.2,1,92.4,1,4,0.171,Low,0
25.5,70.0,3.2,0.3,5,82.8,0,11,0.217,Low,0
27.8,87.9,9.5,26.8,4,86.4,0,10,0.015,Low,0
32.2,72.1,13.3,3.0,0,95.0,1,11,0.439,Medium,0
27.2,78.1,5.5,9.5,0,95.0,1,12,0.0,Low,0
32.2,50.4,7.2,0.0,24,38.6,0,9,0.719,High,0
27.7,75.2,3.4,37.2,0,95.0,1,12,0.072,Low,0
33.9,50.2,6.2,0.0,9,76.9,1,9,0.959,Critical,1
28.5,74.6,4.5,14.3,2,91.8,0,2,0.0,Low,0
26.8,71.9,7.2,11.8,2,90.9,0,3,0.0,Low,0
28.4,95.0,5.2,5.9,3,89.2,0,4,0.133,Low,1
34.6,51.0,12.8,3.8,2,94.8,1,7,0.788,Critical,0
25.1,87.6,15.3,7.0,2,90.0,0,12,0.048,Low,0
29.2,69.3,17.0,15.1,2,92.1,1,12,0.218,Low,0
32.9,43.8,1.6,0.0,10,74.0,0,6,0.652,High,1
28.1,83.1,12.0,15.4,3,89.1,0,3,0.082,Low,0
25.8,73.7,5.4,6.5,4,85.4,0,3,0.006,Low,0
26.6,73.9,5.8,14.9,0,95.0,0,2,0.084,Low,0
26.6,72.4,9.7,7.2,1,93.3,1,1,0.0,Low,0
26.3,84.4,8.8,53.4,2,90.7,0,12,0.006,Low,0
28.1,92.5,20.4,21.5,2,91.6,0,11,0.191,Low,0
36.2,44.7,2.4,0.0,11,73.1,1,9,1.0,Critical,1
28.9,71.0,8.7,0.0,15,59.5,1,7,0.57,High,0
29.8,86.8,12.5,1.0,24,37.4,1,11,0.589,High,0
24.4,67.5,4.5,10.9,4,84.7,1,1,0.055,Low,0
35.9,48.9,1.5,0.0,11,73.0,1,7,0.895,Critical,1
30.7,66.7,7.4,4.6,1,95.0,1,2,0.43,Medium,0
30.1,83.0,1.6,22.5,1,95.0,0,10,0.199,Low,0
30.6,71.7,11.5,14.7,4,87.8,0,3,0.27,Low,0
32.0,25.0,6.7,0.0,20,48.5,1,8,0.965,Critical,1
25.3,71.5,4.8,19.8,2,90.2,1,5,0.034,Low,0
29.4,71.6,5.3,0.0,18,52.2,0,9,0.339,Low,0
36.5,38.9,4.4,2.5,4,90.8,0,6,0.609,High,1
26.2,70.8,15.0,26.0,3,88.1,1,2,0.085,Low,0
30.5,39.4,6.0,0.0,14,62.8,0,6,0.712,High,0
33.8,41.6,14.1,6.3,3,91.9,0,7,0.472,Medium,0
31.9,62.3,14.8,4.5,0,95.0,0,8,0.28,Low,0
26.9,59.6,12.3,12.2,3,88.5,1,12,0.001,Low,0
28.4,76.4,8.0,0.4,16,56.7,0,12,0.464,Medium,1
30.2,57.8,5.5,8.7,0,95.0,1,10,0.357,Medium,1
26.5,60.3,2.3,0.1,24,35.8,0,4,0.385,Medium,0
25.7,85.7,2.2,6.7,0,95.0,0,5,0.165,Low,0
30.1,48.0,7.6,2.2,2,92.6,0,6,0.491,Medium,0
26.4,83.3,21.1,10.4,1,93.2,1,5,0.084,Low,0
27.4,47.5,4.3,0.0,8,76.2,0,9,0.261,Low,0
31.1,88.7,8.9,28.4,0,95.0,1,11,0.303,Low,0
37.0,53.0,14.4,0.0,22,46.0,0,8,0.796,Critical,1
26.8,76.4,8.9,17.8,3,88.4,0,12,0.025,Low,0
27.5,83.4,15.9,15.1,3,88.8,1,2,0.038,Low,0
33.2,49.8,9.6,2.0,0,95.0,0,6,0.623,High,1
24.8,80.7,9.6,6.6,1,92.4,1,2,0.16,Low,0
32.0,71.2,9.1,13.8,3,91.0,1,10,0.333,Low,0
28.3,79.1,5.2,1.2,22,41.7,0,4,0.35,Medium,0
36.4,55.4,13.6,0.5,11,73.2,0,9,0.613,High,0
28.7,81.6,5.3,3.0,4,86.8,1,10,0.19,Low,0
29.2,81.1,5.6,20.1,0,95.0,0,1,0.026,Low,1
26.8,49.5,25.4,5.3,2,90.9,1,8,0.477,Medium,0
32.3,60.7,3.2,1.8,20,48.7,1,7,0.59,High,1
31.3,48.3,3.1,0.0,18,53.2,1,7,1.0,Critical,1
24.0,79.7,6.0,79.0,4,84.5,0,5,0.0,Low,0
27.9,74.0,7.6,35.7,0,95.0,1,10,0.0,Low,0
32.9,55.3,5.1,0.0,21,46.4,1,9,0.909,Critical,1
25.0,79.8,4.5,10.6,2,90.0,0,11,0.041,Low,0
26.4,79.4,7.3,22.3,1,93.2,0,4,0.014,Low,0
35.3,56.7,18.4,0.4,14,65.2,0,6,0.712,High,1
27.9,81.4,4.8,11.5,3,89.0,0,5,0.0,Low,0
24.7,75.5,21.0,6.2,4,84.8,0,10,0.127,Low,0
24.7,72.1,7.4,7.7,4,84.9,0,1,0.024,Low,0
30.8,75.3,7.9,28.0,0,95.0,1,4,0.252,Low,0
28.9,83.0,1.5,1.9,21,44.4,0,12,0.421,Medium,1
24.1,86.9,12.0,13.6,3,87.1,1,4,0.077,Low,0
27.0,74.3,6.7,14.3,3,88.5,1,11,0.04,Low,1
28.0,81.1,0.8,6.5,2,91.5,0,2,0.111,Low,0
25.1,71.5,3.6,9.4,4,85.0,1,11,0.0,Low,0
26.7,76.5,10.5,2.9,1,93.3,0,5,0.028,Low,0
26.6,86.2,12.6,25.2,4,85.8,0,1,0.131,Low,0
30.3,43.3,13.4,0.0,7,80.2,1,9,0.938,Critical,1
33.1,25.0,3.4,0.0,19,51.6,0,7,0.789,Critical,1
34.3,47.7,1.6,0.0,20,49.7,1,6,0.956,Critical,0
31.8,63.7,5.4,0.2,7,80.9,0,9,0.458,Medium,0
34.4,38.9,2.0,0.0,9,77.2,1,7,1.0,Critical,1
37.4,46.9,9.3,0.0,14,66.2,0,6,0.682,High,1
32.9,51.8,3.3,0.0,6,83.9,1,8,0.918,Critical,0
26.7,73.5,14.3,8.4,4,85.8,0,3,0.028,Low,0
32.1,47.4,5.2,0.0,15,61.1,0,6,0.588,High,1
30.9,83.9,19.2,0.8,19,50.4,0,3,0.591,High,1
38.0,57.7,13.0,6.3,0,95.0,0,8,0.487,Medium,0
33.1,53.5,15.4,0.0,22,44.0,1,6,1.0,Critical,1
28.8,93.2,3.3,1.8,7,79.4,1,2,0.434,Medium,1
24.0,39.9,7.3,0.0,14,59.5,0,7,0.535,Medium,0
29.6,67.1,2.7,0.6,22,42.3,0,6,0.492,Medium,0
29.0,49.7,5.0,0.0,7,79.5,0,9,0.487,Medium,0
27.8,79.4,4.6,13.6,4,86.4,0,4,0.0,Low,0
26.3,82.9,12.4,3.0,2,90.6,1,12,0.185,Low,0
28.2,75.5,5.1,4.8,4,86.6,1,5,0.211,Low,0
32.7,64.3,17.3,0.0,6,83.8,0,7,0.605,High,0
34.9,49.3,45.0,1.3,23,42.4,0,6,0.778,Critical,1
31.4,42.6,9.3,0.0,12,68.2,0,8,0.692,High,0
32.7,33.0,4.1,0.0,22,43.8,1,6,1.0,Critical,1
28.6,83.3,19.2,18.0,3,89.3,1,5,0.222,Low,0
26.2,73.1,0.5,10.4,0,95.0,1,3,0.0,Low,0
26.5,83.4,5.2,59.5,3,88.3,0,3,0.068,Low,0
27.3,71.9,21.9,5.6,2,91.1,0,1,0.048,Low,1
24.0,79.0,7.3,19.3,0,94.5,0,11,0.0,Low,0
28.1,89.1,3.0,79.3,3,89.1,1,5,0.126,Low,0
24.0,66.2,8.9,32.2,2,89.5,0,1,0.105,Low,0
29.7,58.8,32.4,0.0,23,39.8,0,9,0.644,High,1
31.7,41.8,1.2,0.0,17,55.9,1,6,1.0,Critical,1
28.8,86.9,21.0,51.0,4,86.9,0,5,0.221,Low,0
24.8,83.1,26.1,25.6,0,94.9,0,4,0.037,Low,0
35.0,48.3,4.9,0.0,5,87.5,0,6,0.561,High,1
30.8,69.0,13.7,12.8,4,87.9,1,12,0.458,Medium,0
29.3,77.2,3.4,6.6,0,95.0,0,4,0.233,Low,0
28.1,78.8,1.9,24.1,0,95.0,0,5,0.112,Low,0
24.8,75.9,10.3,19.9,0,94.9,1,12,0.0,Low,0
25.8,72.6,6.5,5.3,0,95.0,1,12,0.009,Low,0
26.5,85.8,2.5,12.3,2,90.8,0,2,0.029,Low,0
26.9,88.1,7.5,2.3,3,88.4,0,11,0.123,Low,0
36.3,67.4,10.0,0.0,19,53.1,1,8,0.985,Critical,1
31.2,58.3,17.1,0.0,23,40.6,0,6,0.632,High,1
24.7,79.3,18.0,54.9,2,89.9,0,2,0.025,Low,0
34.0,55.7,16.5,0.5,23,42.0,0,8,0.737,High,1
29.7,92.6,3.6,19.5,3,89.9,0,10,0.148,Low,0
31.1,67.6,5.7,4.3,2,93.0,0,8,0.339,Low,0
24.9,82.2,10.6,1.3,24,34.9,1,1,0.375,Medium,0
35.8,47.2,7.2,5.0,0,95.0,1,8,0.809,Critical,1
32.0,57.4,17.2,0.0,23,41.0,1,9,0.895,Critical,1
32.9,32.8,20.2,0.0,17,56.4,0,9,0.911,Critical,1
34.4,66.0,16.0,0.7,19,52.2,1,7,1.0,Critical,1
29.8,50.5,12.5,2.2,4,87.4,0,7,0.281,Low,0
27.0,76.2,1.9,13.9,0,95.0,0,5,0.033,Low,0
30.6,80.1,8.6,0.9,24,37.8,1,12,0.776,Critical,1
24.1,71.8,9.5,8.8,0,94.5,1,4,0.028,Low,0
30.8,59.4,16.6,0.9,23,40.4,0,6,0.558,High,1
24.1,74.0,11.5,10.6,0,94.6,1,2,0.075,Low,0
31.4,56.6,3.4,0.0,19,50.7,0,7,0.533,Medium,0
31.4,50.9,6.2,0.2,7,80.7,0,6,0.58,High,1
31.1,75.3,16.6,4.6,2,93.1,1,12,0.44,Medium,0
30.6,65.5,13.4,1.4,24,37.8,0,6,0.547,Medium,0
28.0,73.2,15.8,1.8,16,56.5,1,2,0.571,High,1
29.0,41.1,8.6,10.3,2,92.0,1,6,0.406,Medium,1
27.8,92.6,32.6,7.9,4,86.4,0,1,0.147,Low,0
29.9,89.5,4.1,4.0,0,95.0,1,4,0.218,Low,0
29.4,83.0,6.6,3.2,2,92.2,1,1,0.126,Low,0
30.7,54.2,11.0,0.0,22,42.8,1,7,1.0,Critical,1
28.1,79.5,7.7,0.7,9,74.1,0,2,0.187,Low,0
31.2,64.7,11.2,4.2,3,90.6,1,1,0.408,Medium,0
32.8,55.0,11.1,0.0,6,83.9,0,9,0.478,Medium,1
29.8,50.2,1.3,3.8,1,94.9,0,6,0.267,Low,0
32.9,29.1,7.4,0.0,15,61.4,0,6,0.727,High,1
30.5,26.7,12.3,0.0,22,42.7,1,7,0.954,Critical,1
24.5,77.7,0.4,0.1,19,47.3,0,4,0.428,Medium,0
27.9,89.1,5.6,10.2,2,91.4,1,5,0.0,Low,0
27.8,82.6,8.2,1.8,12,66.4,0,11,0.161,Low,0
31.3,60.5,16.5,0.0,7,80.7,1,6,0.901,Critical,1
27.5,77.6,21.2,26.7,3,88.7,0,10,0.007,Low,0
30.5,62.1,15.8,0.0,23,40.2,1,6,0.972,Critical,0
29.9,76.9,12.9,2.0,20,47.4,0,3,0.32,Low,0
27.5,75.3,13.4,4.9,2,91.3,0,5,0.131,Low,0
28.3,71.8,9.9,1.7,24,36.6,0,3,0.397,Medium,0
25.2,86.2,18.1,9.4,0,95.0,0,3,0.109,Low,0
29.9,51.4,18.4,0.9,13,65.0,0,6,0.612,High,0
26.0,80.4,26.3,4.3,4,85.5,1,1,0.219,Low,0
31.5,52.7,14.1,1.2,20,48.3,1,7,0.937,Critical,1
30.0,82.1,4.8,12.1,2,92.5,1,4,0.378,Medium,1
32.3,45.1,1.8,4.6,0,95.0,1,9,0.655,High,0
25.8,76.5,19.4,1.4,22,40.4,0,4,0.346,Low,0
32.8,73.7,2.2,10.3,1,95.0,0,8,0.17,Low,0
25.5,75.9,18.9,4.4,1,92.7,1,3,0.141,Low,0
29.8,81.5,9.1,1.1,15,59.9,0,10,0.241,Low,0
31.3,44.8,1.4,2.9,0,95.0,0,9,0.44,Medium,0
26.8,63.9,10.3,11.7,0,95.0,0,12,0.027,Low,0
30.5,73.5,15.1,3.0,4,87.7,0,7,0.377,Medium,0
25.2,60.6,3.7,2.6,2,90.1,0,10,0.153,Low,1
28.3,81.6,4.8,4.0,2,91.7,0,2,0.13,Low,0
26.9,77.5,22.9,2.6,1,93.4,1,1,0.23,Low,1
31.4,46.9,13.9,0.6,9,75.7,1,7,0.927,Critical,1
27.3,28.6,18.9,0.0,11,68.6,1,7,0.925,Critical,1
31.1,77.7,6.6,22.7,1,95.0,0,1,0.295,Low,0
25.3,88.9,16.8,6.6,4,85.2,0,11,0.067,Low,0
30.6,46.6,9.1,0.0,14,62.8,1,7,0.988,Critical,1
31.3,50.0,14.9,0.0,11,70.6,1,7,1.0,Critical,0
27.9,72.9,10.3,42.7,3,89.0,1,3,0.027,Low,0
29.1,47.2,1.7,0.0,6,82.0,1,7,0.815,Critical,1
26.4,70.3,10.9,3.2,4,85.7,0,5,0.059,Low,0
24.1,76.5,9.1,4.7,2,89.5,0,3,0.0,Low,0
34.4,36.4,4.2,0.8,17,57.2,0,7,0.857,Critical,1
26.9,87.5,8.9,3.9,3,88.5,1,5,0.058,Low,0
29.1,75.4,22.9,17.2,2,92.1,1,2,0.215,Low,1
29.9,74.3,35.7,2.7,4,87.4,1,5,0.446,Medium,0
26.8,82.0,2.6,0.0,19,48.4,0,3,0.339,Low,0
33.4,35.0,4.9,9.8,3,91.7,0,7,0.493,Medium,1
27.0,64.4,4.0,0.1,22,41.0,1,5,0.604,High,0
25.9,86.3,11.1,8.9,3,88.0,0,3,0.0,Low,0
26.6,73.1,10.2,10.0,1,93.3,0,2,0.079,Low,0
27.1,83.9,7.2,18.3,3,88.5,0,2,0.0,Low,0
27.2,86.5,2.6,6.0,3,88.6,1,4,0.091,Low,0
24.7,79.4,8.0,3.9,3,87.4,1,11,0.048,Low,0
30.0,87.0,4.0,10.4,3,90.0,0,2,0.135,Low,0
27.3,63.1,6.4,36.5,1,93.7,1,11,0.121,Low,0
24.0,82.8,27.1,3.1,1,92.0,1,10,0.334,Low,0
29.0,75.4,5.3,4.6,2,92.0,0,10,0.132,Low,0
30.8,33.5,11.7,0.0,8,77.9,1,6,1.0,Critical,1
27.3,76.3,10.7,3.1,4,86.1,0,4,0.054,Low,0
26.7,76.0,15.1,14.1,2,90.8,1,11,0.0,Low,0
27.6,91.3,11.5,15.6,4,86.3,1,5,0.0,Low,0
25.0,90.5,11.3,29.0,3,87.5,1,4,0.03,Low,1
31.7,34.5,14.0,0.0,13,65.9,0,8,0.774,Critical,1
34.3,50.1,2.5,0.0,20,49.7,0,9,0.772,Critical,1
24.9,86.8,6.1,23.6,0,95.0,0,12,0.11,Low,0
28.3,79.3,30.8,5.9,4,86.6,1,10,0.291,Low,0
29.8,61.5,7.3,0.0,7,79.9,0,6,0.386,Medium,0
26.5,68.2,5.2,4.0,2,90.7,0,4,0.073,Low,0
24.2,61.2,2.1,5.1,3,87.1,1,5,0.234,Low,0
35.1,65.7,6.4,0.8,13,67.5,1,9,1.0,Critical,0
27.9,79.8,4.6,4.6,4,86.5,0,5,0.0,Low,0
30.4,27.5,12.1,2.7,4,87.7,0,6,0.6,High,1
35.5,49.9,9.4,0.0,11,72.7,0,6,0.681,High,0
34.2,47.6,6.0,2.7,0,95.0,1,9,0.938,Critical,1
27.3,87.2,2.9,5.0,1,93.7,1,1,0.059,Low,1
26.2,81.3,4.4,37.9,4,85.6,0,4,0.037,Low,1
33.7,29.9,1.7,5.0,2,94.3,0,7,0.57,High,0
24.0,76.2,0.5,20.9,4,84.5,1,4,0.012,Low,0
29.4,64.1,14.9,5.0,0,95.0,0,7,0.209,Low,0
28.9,32.4,8.3,4.5,0,95.0,1,9,0.69,High,1
28.6,62.8,8.4,11.5,1,94.3,1,2,0.191,Low,0
33.4,38.3,8.8,0.0,18,54.2,1,9,1.0,Critical,1
24.0,70.9,11.7,6.0,2,89.5,0,1,0.059,Low,0
27.1,86.2,2.8,4.0,3,88.5,0,1,0.064,Low,0
29.3,73.8,6.8,17.2,0,95.0,1,11,0.155,Low,0
26.5,72.7,14.1,28.7,0,95.0,1,3,0.092,Low,0
24.0,64.8,6.1,1.2,12,64.5,1,3,0.331,Low,0
26.2,84.9,10.7,4.0,1,93.1,0,10,0.007,Low,0
24.0,78.6,5.2,4.2,1,92.0,0,12,0.098,Low,0
24.0,69.0,0.7,5.7,1,92.0,0,3,0.08,Low,0
25.4,72.4,2.7,7.9,0,95.0,1,4,0.097,Low,0
27.7,95.0,14.3,0.9,24,36.4,0,12,0.417,Medium,0
26.5,68.6,7.5,0.0,15,58.2,1,3,0.477,Medium,1
31.1,44.0,24.7,5.8,4,88.0,0,7,0.442,Medium,0
25.4,87.7,4.0,3.1,0,95.0,0,3,0.034,Low,0
26.2,79.8,5.5,28.1,3,88.1,1,2,0.127,Low,0
25.5,78.9,2.8,10.1,0,95.0,1,11,0.0,Low,0
29.6,63.9,18.8,2.5,2,92.3,0,8,0.278,Low,0
36.1,43.9,3.4,0.0,20,50.6,0,9,0.832,Critical,1
30.0,70.4,5.1,0.3,12,67.5,0,11,0.506,Medium,0
24.2,74.7,7.4,5.2,2,89.6,0,12,0.0,Low,0
36.1,55.7,0.6,0.0,6,85.6,0,8,0.533,Medium,1
25.7,75.5,6.5,34.6,3,87.9,1,2,0.045,Low,0
25.8,92.0,1.8,0.6,14,60.4,1,1,0.516,Medium,0
24.3,66.4,8.0,13.4,0,94.6,0,12,0.126,Low,0
27.8,84.6,16.6,8.4,1,93.9,0,2,0.114,Low,0
27.5,75.8,7.3,0.4,7,78.8,1,12,0.475,Medium,0
36.0,42.0,12.6,0.0,22,45.5,1,7,0.942,Critical,1
28.0,94.1,2.8,26.5,4,86.5,0,10,0.0,Low,0
27.5,77.8,5.8,10.4,1,93.8,0,2,0.078,Low,0
25.2,64.2,6.0,2.8,3,87.6,1,5,0.267,Low,0
24.8,48.6,8.3,3.7,0,94.9,0,9,0.076,Low,0
29.0,77.1,13.0,53.1,0,95.0,1,12,0.21,Low,0
27.2,73.1,8.0,11.1,2,91.1,0,2,0.014,Low,0
25.0,68.4,2.4,21.5,1,92.5,0,2,0.0,Low,0
30.9,57.2,24.8,1.8,19,50.4,0,8,0.611,High,0
27.8,71.7,3.7,0.0,20,46.4,0,6,0.363,Medium,0
28.8,66.2,5.2,20.6,0,95.0,0,3,0.119,Low,0
29.0,74.5,5.6,1.2,22,42.0,0,4,0.351,Medium,1
34.7,41.5,7.1,0.0,12,69.8,1,8,1.0,Critical,1
30.2,69.1,1.7,19.2,2,92.6,0,12,0.259,Low,0
25.5,65.4,18.9,9.6,4,85.2,1,11,0.206,Low,0
24.2,73.3,8.7,23.8,2,89.6,0,11,0.0,Low,0
29.0,85.3,4.0,15.9,1,94.5,1,12,0.218,Low,1
29.1,55.2,7.5,0.3,6,82.1,1,9,0.693,High,1
28.4,73.7,3.0,0.7,18,51.7,0,2,0.404,Medium,0
32.0,37.2,13.7,0.0,11,71.0,0,9,0.705,High,1
24.0,69.5,5.5,60.1,4,84.5,1,10,0.051,Low,0
27.0,70.8,2.6,14.8,0,95.0,0,1,0.0,Low,0
30.2,64.7,6.9,36.9,4,87.6,1,3,0.421,Medium,1
28.7,73.1,10.4,11.1,1,94.3,0,2,0.132,Low,0
26.5,88.1,1.3,9.9,3,88.2,0,3,0.015,Low,0
30.1,90.4,11.5,10.5,4,87.6,1,11,0.316,Low,1
32.5,45.5,14.4,0.0,22,43.8,1,6,0.929,Critical,1
28.0,80.9,7.6,9.5,3,89.0,1,5,0.107,Low,0
26.8,82.9,19.8,3.2,2,90.9,0,4,0.065,Low,0
30.4,50.4,5.8,0.0,21,45.2,1,6,1.0,Critical,1
30.9,32.7,3.0,10.7,1,95.0,0,8,0.386,Medium,0
30.1,46.2,5.7,0.0,12,67.5,1,7,0.975,Critical,1
24.9,79.4,14.8,14.0,3,87.5,0,2,0.079,Low,0
27.0,70.5,5.7,33.2,2,91.0,1,2,0.041,Low,1
28.1,86.8,13.0,5.7,3,89.1,1,4,0.225,Low,0
28.1,91.6,9.3,32.0,2,91.6,0,5,0.053,Low,0
26.4,68.6,5.9,10.6,4,85.7,1,10,0.144,Low,0
29.8,32.9,13.3,0.0,10,72.4,0,8,0.635,High,1
28.2,79.0,7.5,14.8,1,94.1,1,10,0.134,Low,0
25.9,94.6,27.7,13.3,2,90.4,1,4,0.15,Low,0
27.4,78.7,8.7,3.1,4,86.2,0,10,0.076,Low,0
28.9,63.1,6.0,0.0,9,74.5,1,8,0.591,High,1
28.9,81.5,9.9,1.9,23,39.5,1,4,0.491,Medium,1
32.8,49.1,8.1,7.3,2,93.9,1,8,0.607,High,1
26.3,64.3,7.1,67.3,4,85.7,0,5,0.118,Low,0
30.2,91.9,9.0,8.1,3,90.1,1,2,0.345,Low,0
27.6,62.6,10.1,11.3,3,88.8,1,10,0.061,Low,0
34.7,46.8,4.4,2.3,2,94.9,0,8,0.589,High,1
34.3,41.5,16.2,0.0,24,39.7,0,8,0.914,Critical,1
26.1,86.5,6.2,56.1,3,88.1,0,10,0.078,Low,0
33.3,62.8,2.0,0.0,16,59.1,0,6,0.68,High,1
28.0,83.0,5.5,23.6,1,94.0,1,1,0.192,Low,0
29.4,51.0,3.3,3.0,4,87.2,0,8,0.264,Low,0
29.8,65.1,14.3,14.8,1,94.9,0,5,0.262,Low,0
24.0,74.7,18.8,89.0,1,92.0,0,3,0.052,Low,0
28.9,74.4,10.1,3.7,3,89.4,1,11,0.262,Low,0
28.0,82.8,8.9,5.9,4,86.5,1,4,0.143,Low,0
27.6,78.1,6.2,8.9,0,95.0,1,12,0.117,Low,0
29.5,46.2,14.8,0.0,5,84.8,1,7,0.705,High,1
30.8,78.2,2.2,6.6,0,95.0,1,4,0.368,Medium,1
34.2,64.5,7.8,1.5,5,87.1,1,7,0.675,High,0
26.3,79.5,2.7,0.1,14,60.6,1,10,0.468,Medium,1
28.4,79.3,7.5,8.3,4,86.7,0,1,0.157,Low,0
27.8,73.7,8.5,7.1,2,91.4,0,5,0.087,Low,0
25.8,62.0,26.5,9.5,1,92.9,1,5,0.258,Low,0
28.0,69.5,5.7,19.7,3,89.0,0,4,0.093,Low,0
25.0,76.7,18.3,20.0,1,92.5,0,12,0.056,Low,0
27.8,28.3,9.3,0.0,18,51.4,1,8,0.939,Critical,1
31.0,54.0,5.2,0.0,18,53.0,1,8,0.892,Critical,1
27.6,90.2,26.2,9.4,0,95.0,0,10,0.042,Low,0
32.9,63.0,1.8,0.0,8,78.9,0,8,0.542,Medium,1
34.4,35.5,13.5,0.0,15,62.2,1,8,0.946,Critical,1
27.2,79.9,17.2,2.4,3,88.6,0,2,0.205,Low,0
29.3,50.8,5.2,0.0,9,74.6,0,6,0.491,Medium,0
26.4,70.1,7.1,8.6,0,95.0,0,5,0.0,Low,0
25.7,86.2,6.8,7.2,3,87.8,0,10,0.122,Low,0
27.5,80.1,5.9,9.0,3,88.7,1,12,0.016,Low,0
27.0,72.1,24.7,3.1,3,88.5,0,1,0.091,Low,0
29.3,91.0,1.5,52.1,2,92.1,1,12,0.109,Low,0
33.7,56.6,1.6,0.0,6,84.3,0,9,0.599,High,1
29.9,85.1,6.4,6.8,1,94.9,1,12,0.256,Low,1
30.0,83.0,8.9,1.6,24,37.5,0,8,0.321,Low,0
35.6,52.4,19.8,0.0,24,40.3,0,7,0.965,Critical,1
28.2,79.1,20.1,10.3,3,89.1,1,3,0.28,Low,0
24.7,72.6,16.6,7.0,0,94.9,0,3,0.074,Low,0
31.9,63.7,5.1,0.0,9,76.0,0,7,0.513,Medium,1
33.0,37.3,9.9,0.0,23,41.5,0,8,0.927,Critical,1
27.0,59.7,10.0,1.9,17,53.5,0,5,0.338,Low,0
29.8,42.0,7.1,0.0,19,49.9,1,7,0.865,Critical,1
30.3,78.2,3.4,12.2,3,90.1,0,11,0.155,Low,0
31.5,47.2,15.8,0.0,24,38.3,1,6,1.0,Critical,1
26.9,68.9,4.7,11.6,1,93.5,0,5,0.024,Low,0
37.5,41.4,4.6,0.0,14,66.3,1,6,0.99,Critical,1
25.2,75.4,5.6,7.7,3,87.6,1,1,0.07,Low,0
29.5,95.0,15.8,6.1,3,89.8,1,5,0.244,Low,0
25.1,90.0,15.9,14.8,0,95.0,1,12,0.0,Low,1
31.3,68.0,15.9,0.0,11,70.6,0,6,0.584,High,1
31.6,26.6,7.7,1.0,14,63.3,0,8,0.65,High,1
29.9,57.9,2.5,12.2,3,89.9,0,12,0.159,Low,0
25.5,89.6,1.2,0.2,9,72.7,0,4,0.26,Low,0
25.1,73.4,4.4,12.3,0,95.0,1,3,0.0,Low,0
27.5,68.6,1.3,9.5,2,91.3,0,2,0.113,Low,0
24.0,95.0,2.3,7.8,1,92.0,1,1,0.133,Low,0
24.0,83.7,7.1,11.8,4,84.5,0,1,0.042,Low,0
26.4,79.8,6.7,13.3,2,90.7,1,12,0.023,Low,0
28.0,93.7,3.5,25.2,4,86.5,0,2,0.083,Low,0
29.7,77.2,30.6,6.8,1,94.9,1,2,0.287,Low,0
28.7,87.3,6.4,9.4,1,94.3,1,12,0.125,Low,0
32.6,50.2,3.5,0.0,6,83.8,0,8,0.633,High,1
25.9,83.0,1.9,14.2,2,90.4,1,5,0.009,Low,0
24.0,88.7,10.8,8.9,3,87.0,1,4,0.036,Low,0
31.3,79.2,4.4,0.2,9,75.6,1,4,0.68,High,1
29.0,66.3,8.4,0.6,8,77.0,0,12,0.48,Medium,0
33.2,61.5,4.1,0.0,17,56.6,0,6,0.66,High,0
31.0,41.3,10.5,0.0,16,58.0,0,9,0.712,High,0
25.1,78.1,0.9,47.4,4,85.0,1,11,0.021,Low,0
24.9,65.0,1.1,43.4,0,95.0,0,12,0.033,Low,0
27.7,80.9,6.4,61.3,2,91.4,0,2,0.016,Low,0
35.0,60.3,5.3,13.3,3,92.5,0,6,0.32,Low,0
26.7,80.9,15.5,43.8,0,95.0,1,2,0.024,Low,0
30.0,76.1,3.1,12.4,4,87.5,0,10,0.088,Low,1
33.0,43.7,9.6,0.0,18,54.0,1,7,1.0,Critical,1
26.9,74.0,10.4,9.1,3,88.5,0,12,0.0,Low,0
32.6,33.8,2.7,0.0,21,46.3,0,8,0.884,Critical,1
31.3,40.4,15.5,4.5,3,90.6,1,6,0.588,High,1
30.1,59.4,13.2,6.1,1,95.0,0,7,0.414,Medium,0
28.3,52.4,2.1,0.0,16,56.6,0,7,0.723,High,0
31.1,47.5,11.4,3.0,1,95.0,0,7,0.446,Medium,1
28.2,88.2,13.2,42.0,0,95.0,0,4,0.064,Low,0
30.2,51.5,3.1,0.0,21,45.1,0,8,0.712,High,0
28.4,71.4,10.4,9.2,2,91.7,0,3,0.0,Low,0
31.1,89.7,14.7,3.6,1,95.0,0,11,0.236,Low,1
25.9,71.2,3.4,24.0,0,95.0,0,5,0.016,Low,0
24.0,77.1,1.9,7.3,2,89.5,0,3,0.016,Low,0
29.4,77.4,19.5,33.8,1,94.7,0,4,0.15,Low,0
27.1,66.9,25.6,10.3,0,95.0,1,1,0.205,Low,0
31.8,44.2,12.5,0.0,13,65.9,0,7,0.731,High,1
30.7,34.5,1.3,0.0,13,65.3,1,7,1.0,Critical,1
31.0,45.7,3.3,0.0,6,83.0,1,9,0.811,Critical,1
27.5,76.0,7.4,2.6,3,88.7,0,4,0.084,Low,0
25.5,85.2,14.0,2.2,2,90.2,1,11,0.204,Low,1
26.1,75.4,3.8,0.6,5,83.0,1,2,0.18,Low,0
36.0,28.9,15.6,0.0,13,68.0,0,8,0.91,Critical,0
26.2,83.9,13.1,4.3,0,95.0,0,4,0.102,Low,0
24.4,86.7,7.9,32.1,1,92.2,0,5,0.0,Low,0
25.7,73.8,11.9,9.3,2,90.3,0,11,0.026,Low,0
26.6,65.8,15.2,10.9,1,93.3,0,11,0.0,Low,0
28.5,83.3,34.0,10.5,2,91.8,0,2,0.189,Low,0
26.7,95.0,11.9,15.8,0,95.0,0,4,0.0,Low,0
25.8,73.0,16.2,28.0,4,85.4,1,10,0.0,Low,0
30.0,47.5,3.1,1.0,23,40.0,0,8,0.539,Medium,0
29.0,38.2,10.9,0.0,8,77.0,0,7,0.573,High,0
26.9,85.0,13.0,21.8,1,93.5,1,4,0.091,Low,0
27.3,77.5,3.1,25.4,4,86.2,1,4,0.118,Low,0
29.1,55.6,10.7,0.0,13,64.5,0,7,0.44,Medium,1
30.4,63.1,4.9,0.2,20,47.7,1,8,0.798,Critical,1
24.7,71.6,12.8,2.4,4,84.9,0,10,0.203,Low,1
24.0,83.2,2.5,6.2,3,87.0,1,10,0.027,Low,0
26.2,72.7,17.2,37.0,0,95.0,1,12,0.033,Low,0
27.8,89.5,11.4,12.8,2,91.4,0,4,0.035,Low,0
25.1,76.6,8.5,0.3,17,52.6,0,2,0.38,Medium,0
36.3,52.8,8.8,5.8,3,93.2,1,7,0.705,High,1
26.4,83.4,15.7,6.7,0,95.0,0,5,0.125,Low,0
31.0,43.8,4.4,0.0,24,38.0,0,6,0.693,High,1
34.7,53.7,10.2,0.0,15,62.4,1,9,1.0,Critical,1
26.2,81.0,15.7,49.3,2,90.6,1,12,0.054,Low,1
34.0,25.0,5.0,1.3,7,82.0,1,9,0.961,Critical,1
26.6,81.5,8.3,4.3,0,95.0,0,2,0.101,Low,0
25.4,87.9,10.9,6.7,2,90.2,0,12,0.061,Low,0
24.2,76.1,10.0,41.4,3,87.1,0,10,0.0,Low,0
27.6,72.1,13.9,20.1,3,88.8,0,11,0.075,Low,0
25.5,74.9,5.4,17.6,2,90.2,0,10,0.037,Low,0
26.3,81.0,20.0,3.3,2,90.6,1,11,0.097,Low,0
26.6,76.8,4.2,28.5,2,90.8,1,5,0.007,Low,0
26.3,75.1,9.2,9.4,0,95.0,0,12,0.055,Low,0
27.6,80.2,9.8,10.6,0,95.0,0,12,0.008,Low,0
25.1,83.7,10.2,16.8,2,90.0,0,5,0.0,Low,0
29.2,77.4,5.7,14.1,3,89.6,1,1,0.158,Low,0
29.1,55.5,3.2,3.1,3,89.6,1,8,0.309,Low,0
34.6,75.6,14.2,11.2,3,92.3,0,8,0.345,Low,0
26.3,79.5,20.6,7.6,4,85.7,1,11,0.178,Low,1
27.7,81.3,3.1,0.2,7,78.8,0,5,0.182,Low,0
32.6,63.8,2.9,2.2,1,95.0,1,6,0.549,Medium,0
36.5,65.3,10.5,0.6,10,75.8,1,6,0.905,Critical,0
24.0,77.9,5.9,15.6,0,94.5,0,1,0.011,Low,0
30.4,55.8,3.5,0.0,5,85.2,1,8,0.652,High,0
36.6,53.7,13.8,0.0,5,88.3,0,9,0.633,High,1
29.5,79.1,14.6,5.1,1,94.8,0,4,0.107,Low,0
27.7,73.5,5.5,4.5,4,86.3,0,4,0.102,Low,0
25.4,75.7,5.2,21.5,3,87.7,0,1,0.006,Low,0
25.6,90.4,11.6,3.0,4,85.3,0,5,0.048,Low,0
26.4,92.1,16.0,5.1,3,88.2,0,3,0.161,Low,0
33.2,49.7,1.1,0.8,13,66.6,0,6,0.86,Critical,1
29.2,60.7,5.5,4.5,0,95.0,0,5,0.112,Low,0
29.2,55.4,4.3,4.6,0,95.0,0,9,0.146,Low,0
36.8,47.0,2.4,0.0,17,58.4,0,8,0.871,Critical,0
25.8,84.1,26.0,3.9,0,95.0,1,2,0.349,Low,0
29.2,78.7,15.6,21.8,0,95.0,0,1,0.099,Low,0
25.6,91.4,2.2,32.7,0,95.0,0,5,0.097,Low,1
29.6,70.8,20.3,7.8,3,89.8,0,4,0.139,Low,0
28.9,81.5,4.7,4.0,0,95.0,0,12,0.201,Low,0
24.6,69.2,4.2,10.1,4,84.8,1,4,0.158,Low,0
28.0,81.2,26.2,11.3,4,86.5,0,11,0.157,Low,0
33.2,53.4,11.4,0.0,15,61.6,0,8,0.716,High,1
32.1,59.5,8.4,0.0,16,58.5,0,9,0.614,High,0
25.2,77.4,4.0,23.4,3,87.6,1,4,0.0,Low,0
25.0,80.9,28.1,29.8,4,85.0,1,11,0.11,Low,1
27.7,63.7,5.4,0.0,13,63.8,0,7,0.369,Medium,0
33.6,49.1,5.2,0.0,21,46.8,0,7,0.774,Critical,1
27.3,75.7,24.3,20.8,4,86.1,1,3,0.083,Low,0
31.6,51.3,5.3,1.9,10,73.3,0,7,0.476,Medium,0
31.8,77.2,1.7,4.8,4,88.4,0,3,0.193,Low,1
28.3,76.4,5.1,16.6,0,95.0,1,2,0.142,Low,0
32.4,35.3,10.3,0.4,10,73.7,1,8,1.0,Critical,0
29.1,72.5,5.9,2.0,3,89.5,0,9,0.117,Low,0
26.6,84.1,25.6,7.2,3,88.3,0,11,0.121,Low,0
29.2,84.9,5.1,0.1,9,74.6,1,12,0.589,High,0
31.4,74.9,9.3,59.2,0,95.0,0,5,0.243,Low,0
31.9,67.1,12.5,2.6,2,93.5,0,9,0.381,Medium,0
28.8,43.0,7.8,0.0,21,44.4,1,6,0.962,Critical,1
25.6,76.6,10.9,2.0,3,87.8,0,1,0.103,Low,0
31.6,75.6,14.0,0.0,11,70.8,0,8,0.492,Medium,1
37.3,36.3,0.7,0.0,22,46.1,0,9,0.871,Critical,1
28.6,74.6,6.1,8.9,2,91.8,1,4,0.19,Low,0
33.4,77.9,2.9,0.0,5,86.7,0,7,0.461,Medium,0
31.8,51.7,16.4,4.8,3,90.9,0,7,0.419,Medium,0
24.6,76.9,14.9,14.1,4,84.8,0,11,0.009,Low,0
28.6,77.2,8.3,25.3,0,95.0,1,12,0.193,Low,1
29.0,52.5,6.7,0.0,18,52.0,0,9,0.534,Medium,0
28.5,74.8,3.4,19.2,4,86.8,0,3,0.088,Low,0
31.8,52.3,14.3,0.0,17,55.9,1,7,0.921,Critical,0
24.0,80.2,6.5,14.7,0,94.5,0,1,0.0,Low,0
24.8,75.6,1.1,3.8,0,94.9,0,10,0.068,Low,0
26.2,76.9,7.3,9.8,0,95.0,1,2,0.009,Low,0
28.9,29.1,14.5,0.0,17,54.4,0,9,0.724,High,1
30.0,53.9,22.9,0.0,9,75.0,0,9,0.6,High,1
26.0,79.5,1.9,11.1,4,85.5,0,10,0.0,Low,0
28.1,80.8,15.5,4.4,0,95.0,0,4,0.227,Low,0
35.0,41.9,6.3,0.0,19,52.5,1,9,1.0,Critical,1
34.1,53.4,11.5,3.7,4,89.5,0,7,0.478,Medium,0
24.0,88.1,4.4,1.4,16,54.5,0,11,0.227,Low,0
24.0,68.7,10.4,18.1,0,94.5,1,12,0.061,Low,0
29.6,80.8,13.0,23.5,0,95.0,0,11,0.197,Low,0
24.0,84.6,5.8,25.2,3,87.0,1,3,0.0,Low,0
29.1,80.6,7.1,20.0,2,92.0,1,4,0.104,Low,0
33.6,33.7,2.9,0.0,15,61.8,0,8,0.828,Critical,1
29.5,71.9,14.1,14.6,2,92.3,0,5,0.105,Low,0
30.4,73.8,7.1,18.9,3,90.2,0,11,0.3,Low,0
29.3,75.4,2.7,58.7,1,94.6,0,11,0.194,Low,1
30.2,33.4,1.7,0.9,15,60.1,0,8,0.797,Critical,1
25.4,74.1,10.4,2.1,2,90.2,0,10,0.0,Low,0
30.4,84.3,18.1,13.9,0,95.0,1,1,0.377,Medium,0
27.1,82.2,6.3,9.2,0,95.0,1,2,0.0,Low,0
26.1,49.7,21.6,10.2,2,90.5,0,12,0.202,Low,0
30.9,31.2,9.9,0.0,23,40.5,1,9,1.0,Critical,1
27.0,82.7,9.0,75.7,0,95.0,0,1,0.0,Low,0
25.1,72.3,10.1,0.8,22,40.1,1,12,0.533,Medium,0
27.9,74.8,8.4,0.8,12,66.5,0,10,0.386,Medium,0
24.0,83.8,4.0,4.0,0,94.5,1,5,0.044,Low,0
24.0,67.6,1.8,1.4,13,62.0,0,3,0.227,Low,0
25.5,87.8,2.3,21.5,4,85.3,1,4,0.103,Low,0
31.5,49.4,4.5,3.4,2,93.2,1,9,0.606,High,0
27.5,79.3,10.1,4.4,3,88.8,0,3,0.085,Low,0
27.8,80.5,5.7,4.4,4,86.4,1,4,0.042,Low,0
29.9,86.4,8.0,23.1,3,90.0,1,10,0.102,Low,0
31.7,45.6,6.0,0.0,18,53.4,1,7,1.0,Critical,0
25.9,39.8,18.8,0.0,19,47.9,0,7,0.682,High,1
32.3,34.5,15.7,0.0,23,41.2,1,9,1.0,Critical,1
24.0,70.2,29.1,25.6,3,87.0,1,3,0.172,Low,0
30.5,95.0,6.6,23.6,2,92.8,1,12,0.401,Medium,1
28.1,88.0,3.3,10.9,2,91.5,0,3,0.062,Low,0
29.3,68.3,18.7,3.9,4,87.1,0,1,0.27,Low,0
32.4,56.9,14.7,0.0,9,76.2,0,8,0.484,Medium,0
24.0,67.3,11.2,18.6,1,92.0,1,10,0.0,Low,0
35.2,35.4,15.2,0.8,20,50.1,1,8,1.0,Critical,1
25.8,74.9,9.5,25.4,0,95.0,0,12,0.038,Low,0
24.9,83.4,2.9,0.9,14,59.9,1,5,0.411,Medium,1
24.5,72.7,3.3,9.2,4,84.7,0,3,0.0,Low,0
32.5,55.9,10.6,0.0,6,83.8,1,6,0.749,High,1
36.3,25.0,7.4,4.5,3,93.2,0,8,0.64,High,0
30.9,48.8,15.8,0.0,17,55.5,0,7,0.738,High,1
29.5,48.7,5.3,0.0,5,84.8,1,7,0.646,High,1
29.7,75.9,6.2,10.5,2,92.3,1,12,0.143,Low,0
31.4,41.2,8.5,0.5,14,63.2,0,6,0.616,High,1
34.6,48.8,3.0,0.0,8,79.8,1,7,1.0,Critical,1
30.9,54.6,14.8,2.8,4,87.9,0,7,0.456,Medium,0
25.7,95.0,9.1,45.5,0,95.0,1,3,0.017,Low,0
32.5,62.6,18.3,0.0,19,51.2,0,8,0.589,High,1
24.0,78.0,5.8,5.7,4,84.5,0,5,0.09,Low,0
29.0,58.3,4.4,8.2,3,89.5,1,10,0.25,Low,0
27.4,84.0,11.2,3.2,2,91.2,0,1,0.054,Low,0
29.8,83.0,9.5,11.7,3,89.9,0,3,0.084,Low,0
26.3,94.8,5.6,2.3,0,95.0,0,5,0.084,Low,0
32.1,62.6,10.9,4.6,4,88.6,0,9,0.23,Low,0
31.6,63.7,11.6,0.0,12,68.3,0,9,0.557,High,1
25.6,65.1,19.0,15.8,4,85.3,0,4,0.107,Low,0
26.0,68.4,3.2,11.9,2,90.5,0,5,0.043,Low,0
32.3,64.3,17.3,0.3,5,86.2,0,8,0.605,High,0
31.1,63.3,8.6,2.8,2,93.1,0,6,0.3,Low,0
28.6,82.7,8.7,12.6,0,95.0,1,10,0.185,Low,0
25.8,92.0,6.7,5.4,3,87.9,1,4,0.16,Low,0
25.4,72.1,4.1,13.6,4,85.2,1,4,0.0,Low,0
26.2,63.9,8.9,3.1,1,93.1,1,12,0.158,Low,0
28.2,75.7,9.9,5.9,3,89.1,0,2,0.11,Low,0
25.5,69.3,5.1,4.2,0,95.0,0,5,0.089,Low,0
27.3,41.0,16.5,0.0,12,66.2,0,6,0.503,Medium,1
29.3,73.4,10.0,4.7,3,89.7,1,2,0.273,Low,0
25.0,76.1,18.6,7.2,2,90.0,1,4,0.241,Low,0
26.3,72.7,6.9,29.9,0,95.0,0,3,0.027,Low,0
24.5,91.8,9.1,5.3,3,87.2,0,12,0.0,Low,0
27.5,83.1,4.7,2.1,2,91.2,0,11,0.055,Low,0
25.5,81.6,7.3,17.4,1,92.8,0,12,0.0,Low,0
30.9,37.1,2.4,0.0,12,67.9,1,9,1.0,Critical,1
29.7,63.7,7.4,0.1,12,67.3,0,7,0.41,Medium,0
27.8,66.5,10.7,11.0,2,91.4,0,11,0.104,Low,0
32.2,39.2,6.2,6.1,0,95.0,0,8,0.572,High,1
28.0,74.5,1.2,5.0,0,95.0,0,5,0.181,Low,1
27.4,85.4,7.8,0.5,22,41.2,0,2,0.299,Low,0
26.1,72.9,11.7,16.0,2,90.5,0,1,0.0,Low,0
31.2,55.3,6.3,0.2,16,58.1,1,9,1.0,Critical,1
24.0,69.2,5.6,0.2,20,44.5,1,12,0.562,High,1
28.6,46.7,6.4,0.0,9,74.3,0,9,0.486,Medium,0
27.9,69.7,8.0,13.8,0,95.0,0,4,0.053,Low,0
27.6,86.3,4.8,5.9,3,88.8,0,5,0.0,Low,0
31.4,68.6,4.2,1.3,15,60.7,1,6,0.74,High,1
28.2,72.4,12.8,18.6,3,89.1,0,11,0.141,Low,0
27.7,77.6,20.8,9.8,2,91.3,0,11,0.069,Low,0
32.5,51.5,9.5,0.0,23,41.2,1,7,0.922,Critical,1
29.5,80.4,4.9,1.9,8,77.3,0,3,0.27,Low,0
30.3,46.8,4.6,0.0,19,50.1,0,9,0.665,High,0
24.5,80.9,8.2,9.2,2,89.7,0,1,0.0,Low,0
26.8,82.2,8.4,35.3,2,90.9,0,1,0.0,Low,0
28.2,81.8,2.4,5.3,4,86.6,0,5,0.145,Low,0
25.0,75.2,13.4,20.4,2,90.0,0,11,0.035,Low,0
25.7,80.1,8.5,2.3,1,92.8,0,1,0.06,Low,0
29.0,42.5,5.5,0.0,24,37.0,1,7,0.953,Critical,1
26.5,80.2,22.6,7.2,1,93.3,0,1,0.052,Low,0
28.1,71.6,7.8,0.9,8,76.5,1,4,0.465,Medium,1
29.7,51.3,4.5,2.0,1,94.9,0,8,0.355,Medium,0
28.0,72.4,10.4,12.2,3,89.0,1,5,0.163,Low,0
29.5,75.3,14.8,12.8,3,89.7,1,2,0.345,Low,0
30.9,34.7,7.8,0.5,7,80.5,0,7,0.662,High,0
29.2,42.9,11.3,0.6,8,77.1,0,8,0.454,Medium,1
26.5,78.5,4.2,1.3,10,70.7,0,5,0.174,Low,1
29.3,67.3,12.8,41.0,1,94.7,1,4,0.265,Low,0
24.0,64.1,2.5,10.7,1,92.0,0,4,0.048,Low,0
28.4,68.7,4.9,2.4,0,95.0,1,2,0.426,Medium,1
26.0,86.1,17.0,9.5,0,95.0,0,2,0.083,Low,0
27.2,78.8,8.6,3.4,1,93.6,0,10,0.017,Low,0
24.0,71.2,19.0,20.1,0,94.5,1,10,0.124,Low,0
27.3,79.1,13.1,25.6,4,86.1,0,1,0.162,Low,0
24.1,75.2,20.0,7.3,4,84.5,1,3,0.115,Low,0
25.7,74.8,28.7,1.1,18,50.4,0,12,0.368,Medium,0
24.0,81.6,6.0,8.8,1,92.0,0,4,0.039,Low,0
25.0,70.2,0.9,15.4,4,85.0,1,1,0.0,Low,0
26.7,73.7,15.6,11.3,3,88.4,1,11,0.017,Low,0
28.6,84.2,24.2,1.0,6,81.8,0,12,0.295,Low,0
27.3,80.1,3.5,7.1,1,93.7,1,5,0.072,Low,0
25.2,81.0,7.2,6.0,2,90.1,0,4,0.095,Low,0
32.9,48.4,12.2,0.0,6,83.9,0,9,0.596,High,1
26.7,69.4,5.9,16.0,0,95.0,0,10,0.0,Low,0
24.4,82.3,12.4,12.6,4,84.7,0,11,0.0,Low,0
34.6,45.9,1.3,0.9,10,74.8,1,8,1.0,Critical,0
30.2,55.4,1.7,2.2,4,87.6,0,9,0.327,Low,0
25.4,77.6,7.9,11.7,2,90.2,0,12,0.031,Low,0
32.0,45.8,8.0,0.4,12,68.5,1,9,0.966,Critical,1
24.1,80.5,6.9,40.9,3,87.1,0,1,0.059,Low,0
29.1,73.5,7.6,40.6,2,92.0,0,5,0.093,Low,0
33.2,63.0,9.6,0.0,9,76.6,1,6,0.876,Critical,1
27.6,95.0,3.1,26.6,4,86.3,1,2,0.086,Low,0
29.7,51.0,10.5,0.0,20,47.3,1,7,0.928,Critical,1
26.8,56.1,11.1,9.7,3,88.4,0,2,0.0,Low,0
34.4,49.6,4.8,1.4,16,59.7,0,9,0.754,Critical,1
27.8,83.8,15.1,3.4,3,88.9,1,3,0.062,Low,0
26.8,75.7,45.0,51.8,3,88.4,0,5,0.067,Low,0
24.9,78.2,3.2,6.6,4,84.9,0,5,0.0,Low,1
26.4,83.6,19.7,24.0,4,85.7,1,3,0.078,Low,0
27.1,88.6,3.6,2.3,2,91.0,1,1,0.096,Low,0
29.3,64.3,8.5,0.0,23,39.7,0,6,0.593,High,1
29.9,72.8,7.6,4.0,2,92.4,0,10,0.164,Low,0
35.6,36.7,14.4,0.0,15,62.8,0,8,0.829,Critical,1
28.0,84.2,5.2,11.4,2,91.5,0,1,0.199,Low,0
29.9,57.4,5.4,2.9,0,95.0,1,9,0.424,Medium,1
24.0,85.7,12.6,5.6,3,87.0,1,12,0.201,Low,0
24.4,69.9,16.5,20.6,4,84.7,1,12,0.15,Low,0
33.7,63.5,4.5,0.0,16,59.4,0,6,0.694,High,1
28.9,82.4,15.4,27.5,2,91.9,0,3,0.121,Low,0
34.4,42.9,5.5,0.0,19,52.2,0,8,0.848,Critical,1
28.7,88.7,12.0,2.2,3,89.4,1,2,0.317,Low,0
33.0,55.5,24.8,0.0,14,64.0,1,8,0.908,Critical,1
28.7,40.7,3.0,2.0,21,44.4,1,7,0.805,Critical,1
26.0,67.7,23.9,66.4,2,90.5,0,11,0.175,Low,1
27.2,69.0,39.8,53.3,2,91.1,0,12,0.183,Low,0
30.2,43.4,31.4,4.0,0,95.0,0,8,0.59,High,0
30.5,73.3,16.2,4.0,4,87.8,0,2,0.32,Low,0
36.3,57.8,1.5,0.0,20,50.6,1,7,0.994,Critical,1
27.5,84.3,6.1,0.1,19,48.8,1,12,0.63,High,0
24.0,70.0,0.8,19.9,0,94.5,0,11,0.0,Low,0
27.1,79.1,1.8,8.7,3,88.6,1,12,0.0,Low,0
32.4,87.2,1.0,35.9,3,91.2,0,2,0.164,Low,0
24.4,71.6,1.7,3.5,4,84.7,1,1,0.133,Low,0
27.1,77.7,12.5,21.4,3,88.5,0,3,0.048,Low,1
33.1,25.7,25.1,0.0,7,81.5,0,8,0.872,Critical,1
26.7,76.3,6.2,19.1,2,90.9,0,12,0.0,Low,0
25.0,91.1,18.1,4.5,3,87.5,0,5,0.079,Low,1
25.6,72.8,6.5,5.0,0,95.0,1,4,0.093,Low,0
24.0,74.4,5.6,0.9,6,79.5,1,4,0.331,Low,0
24.0,71.4,16.5,4.7,1,92.0,1,1,0.132,Low,0
28.0,78.0,8.0,14.9,1,94.0,0,11,0.056,Low,0
25.8,79.4,9.9,1.9,10,70.4,1,12,0.274,Low,0
33.6,64.2,6.5,2.8,0,95.0,0,6,0.403,Medium,0
28.9,32.4,3.0,0.0,16,57.0,0,8,0.758,Critical,1
26.4,82.9,1.9,6.5,3,88.2,0,3,0.081,Low,0
34.5,33.2,20.0,1.7,17,57.2,1,9,1.0,Critical,1
27.6,77.3,10.2,4.8,1,93.8,1,10,0.052,Low,0
31.8,60.3,5.1,0.1,22,43.4,0,9,0.577,High,1
35.8,58.5,5.2,0.0,6,85.4,1,9,0.878,Critical,1
30.5,58.5,9.2,1.7,22,42.7,1,9,0.741,High,1
24.0,80.1,4.2,7.1,0,94.5,1,11,0.177,Low,0
27.9,86.0,25.1,1.4,9,73.9,0,4,0.279,Low,0
27.1,93.2,9.3,30.5,3,88.5,1,11,0.0,Low,0
30.1,51.3,31.2,0.9,11,70.0,0,6,0.841,Critical,1
24.3,76.3,2.4,5.5,2,89.7,1,3,0.093,Low,0
29.1,61.9,2.9,0.0,9,74.6,0,9,0.383,Medium,1
27.3,81.5,1.4,4.0,2,91.1,0,3,0.0,Low,0
24.8,73.5,6.9,3.3,1,92.4,1,2,0.122,Low,1
26.5,95.0,6.9,19.8,1,93.3,0,12,0.04,Low,0
31.1,54.7,6.0,2.6,2,93.1,0,8,0.447,Medium,1
31.6,36.1,4.9,1.1,18,53.3,0,9,0.698,High,1
32.4,43.4,14.6,0.0,10,73.7,1,8,0.858,Critical,1
26.7,77.2,24.3,16.6,1,93.4,1,10,0.116,Low,0
28.1,35.5,4.0,2.4,0,95.0,0,8,0.466,Medium,0
26.8,76.3,12.7,4.9,0,95.0,1,2,0.126,Low,0
28.3,84.2,1.5,30.7,2,91.6,1,10,0.218,Low,0
32.6,32.1,10.8,0.0,11,71.3,1,8,1.0,Critical,1
24.0,86.2,13.0,36.6,0,94.5,0,10,0.0,Low,0
28.2,91.2,3.3,9.4,0,95.0,0,5,0.138,Low,0
29.0,88.1,6.6,2.2,2,92.0,1,4,0.274,Low,0
24.9,63.2,21.3,24.3,0,95.0,1,11,0.202,Low,0
27.3,89.1,4.7,12.5,2,91.2,0,11,0.044,Low,1
28.3,84.6,11.9,3.2,0,95.0,0,10,0.216,Low,1
25.1,95.0,9.1,1.5,15,57.5,1,1,0.239,Low,0
24.0,73.2,6.7,8.7,0,94.5,1,1,0.0,Low,1
25.9,87.5,6.4,0.5,8,75.5,0,3,0.193,Low,0
27.7,79.2,14.9,18.2,3,88.8,1,10,0.0,Low,0
30.3,75.0,16.6,0.6,17,55.2,1,5,0.853,Critical,1
35.6,52.6,10.5,0.0,9,77.8,0,9,0.734,High,1
32.5,42.2,5.4,1.2,22,43.8,1,9,0.956,Critical,1
27.5,86.3,21.3,4.1,3,88.7,1,12,0.117,Low,0
25.3,85.3,6.9,45.4,4,85.2,1,2,0.003,Low,0
29.1,86.6,11.0,7.2,1,94.5,1,1,0.163,Low,1
32.3,59.7,3.3,2.9,4,88.7,1,7,0.503,Medium,1
27.7,78.1,7.8,4.7,1,93.8,1,2,0.097,Low,0
28.1,72.6,5.4,23.6,2,91.5,1,11,0.275,Low,0
31.7,47.0,2.7,1.2,17,55.8,0,8,0.496,Medium,1
26.4,76.8,1.8,12.3,1,93.2,0,2,0.0,Low,0
34.1,56.6,7.3,4.5,3,92.1,1,6,0.646,High,1
24.8,66.2,0.9,2.6,0,94.9,1,5,0.201,Low,0
25.5,71.6,9.5,10.8,1,92.7,0,2,0.062,Low,1
28.3,76.0,2.2,0.2,9,74.2,0,1,0.346,Low,0
26.4,73.4,2.3,27.1,0,95.0,0,3,0.0,Low,0
26.9,79.4,12.3,73.4,1,93.4,0,2,0.047,Low,0
34.8,74.3,3.9,0.0,8,79.9,1,6,0.817,Critical,1
27.0,29.0,28.0,0.1,12,66.0,0,6,0.65,High,1
26.8,87.8,8.7,11.4,2,90.9,1,10,0.007,Low,0
30.8,27.3,11.3,0.0,17,55.4,1,9,1.0,Critical,1
25.3,81.4,18.6,2.3,2,90.2,1,12,0.322,Low,0
29.8,71.8,15.9,1.8,21,44.9,0,8,0.428,Medium,0
25.5,77.4,1.9,21.6,2,90.3,1,1,0.078,Low,0
31.0,48.9,8.7,0.0,23,40.5,1,9,0.935,Critical,1
28.9,76.3,4.4,4.0,3,89.4,0,5,0.036,Low,0
26.7,75.7,10.8,5.5,0,95.0,0,3,0.036,Low,0
28.4,81.2,12.5,59.1,1,94.2,0,11,0.082,Low,0
33.3,44.5,10.0,0.0,5,86.6,0,7,0.639,High,1
26.7,88.5,12.7,25.4,3,88.4,0,4,0.006,Low,0
29.0,81.1,10.1,13.1,4,87.0,1,3,0.127,Low,0
26.1,79.5,1.7,12.3,2,90.5,1,1,0.031,Low,0
26.6,63.9,1.4,11.7,1,93.3,1,3,0.02,Low,1
36.7,45.6,17.3,0.0,24,40.8,1,8,0.975,Critical,1
28.6,40.5,6.9,0.0,18,51.8,0,8,0.533,Medium,0
27.5,89.7,7.5,20.1,1,93.8,1,5,0.022,Low,1
26.9,70.2,4.2,12.9,2,91.0,0,10,0.014,Low,0
27.6,78.4,14.9,5.4,3,88.8,0,12,0.107,Low,0
26.0,74.9,5.2,2.6,3,88.0,1,1,0.093,Low,0
31.4,65.3,4.8,0.0,23,40.7,0,9,0.61,High,1
24.0,69.7,15.0,3.3,1,92.0,0,11,0.208,Low,0
28.0,49.1,3.8,0.0,23,39.0,0,7,0.614,High,0
29.6,57.5,8.0,6.0,2,92.3,0,8,0.194,Low,0
27.6,73.2,7.7,22.8,1,93.8,0,4,0.06,Low,0
28.0,78.3,11.1,39.2,3,89.0,0,2,0.0,Low,0
25.7,70.3,0.5,55.2,4,85.4,1,12,0.0,Low,0
30.1,75.8,6.8,0.0,7,80.0,0,9,0.495,Medium,1
24.0,86.5,3.5,4.8,3,87.0,0,10,0.0,Low,0
27.1,94.9,16.6,7.5,3,88.5,0,1,0.055,Low,0
29.4,70.7,9.8,1.5,21,44.7,1,3,0.557,High,0
27.3,84.8,23.1,1.2,14,61.2,0,11,0.239,Low,0
24.8,79.3,9.6,41.5,1,92.4,1,5,0.041,Low,0
24.0,74.2,2.1,1.6,14,59.5,0,11,0.094,Low,0
24.0,75.4,28.9,19.4,3,87.0,0,12,0.112,Low,0
30.0,61.4,8.9,0.0,5,85.0,0,8,0.424,Medium,0
25.3,79.9,4.6,6.3,4,85.1,0,12,0.044,Low,0
25.6,69.4,3.0,0.1,5,82.8,1,12,0.345,Low,0
31.8,89.4,6.6,9.1,2,93.4,0,5,0.24,Low,0
34.6,54.1,6.0,0.2,22,44.8,0,7,0.804,Critical,1
26.1,95.0,19.0,21.0,0,95.0,0,11,0.0,Low,0
31.6,62.3,2.5,4.5,1,95.0,0,7,0.313,Low,0
25.2,81.4,7.3,15.6,2,90.1,0,4,0.003,Low,0
26.5,84.9,15.9,5.8,3,88.2,0,5,0.146,Low,0
27.7,94.4,27.6,19.4,1,93.8,1,2,0.115,Low,0
31.3,48.0,6.0,4.2,2,93.1,0,7,0.382,Medium,0
26.7,76.4,6.0,23.9,3,88.3,0,10,0.0,Low,0
26.9,79.6,8.4,10.2,0,95.0,0,12,0.0,Low,0
30.2,42.2,18.8,1.0,5,85.1,0,9,0.628,High,1
35.1,35.9,2.4,0.0,10,75.1,0,6,0.876,Critical,1
25.4,87.0,13.5,5.5,3,87.7,0,12,0.079,Low,0
28.4,83.9,21.6,2.0,17,54.2,1,2,0.629,High,0
29.7,89.8,6.6,53.6,1,94.9,0,2,0.051,Low,0
25.7,67.2,1.8,22.6,4,85.4,1,10,0.087,Low,0
32.6,48.5,17.0,0.0,13,66.3,0,7,0.71,High,1
36.2,57.8,8.8,0.0,5,88.1,1,7,0.801,Critical,1
28.4,74.8,10.4,3.8,4,86.7,0,4,0.191,Low,0
25.3,70.2,10.2,3.5,2,90.1,0,11,0.02,Low,0
26.3,87.3,9.3,17.1,3,88.1,1,1,0.019,Low,0
26.3,73.9,3.8,5.2,3,88.2,1,1,0.046,Low,0
27.3,84.3,6.9,1.6,14,61.1,0,3,0.19,Low,0
31.0,47.9,8.8,6.9,2,93.0,1,9,0.558,High,0
24.6,84.7,12.9,17.2,4,84.8,0,5,0.138,Low,0
30.8,38.1,11.8,0.0,16,57.9,0,6,0.809,Critical,1
35.1,58.7,14.9,0.0,11,72.6,1,8,0.951,Critical,1
28.5,83.1,5.6,27.5,3,89.2,0,11,0.162,Low,1
28.2,76.8,15.3,0.7,9,74.1,0,2,0.472,Medium,1
24.0,65.5,15.2,4.4,2,89.5,0,4,0.031,Low,0
27.3,70.9,7.5,48.1,3,88.7,0,10,0.019,Low,0
28.0,73.1,1.4,0.5,15,59.0,1,1,0.542,Medium,1
26.2,87.5,2.4,39.4,4,85.6,0,2,0.023,Low,0
35.0,31.7,6.3,0.0,21,47.5,1,6,0.996,Critical,0
25.3,69.5,4.6,7.0,2,90.1,1,5,0.271,Low,0
27.1,80.4,13.4,46.4,2,91.0,0,3,0.0,Low,0
27.1,75.0,9.6,36.0,3,88.5,0,11,0.019,Low,0
30.1,80.9,5.6,29.2,3,90.0,1,1,0.32,Low,0
26.5,76.7,10.2,40.9,0,95.0,0,4,0.0,Low,0
24.0,61.9,2.1,0.2,24,34.5,1,1,0.658,High,1
26.1,71.1,4.2,1.0,8,75.6,1,3,0.349,Low,1
30.7,54.7,13.0,0.0,11,70.3,0,7,0.62,High,1
25.5,72.8,16.9,3.7,0,95.0,1,5,0.105,Low,0
24.0,89.5,9.6,17.1,0,94.5,0,3,0.0,Low,0
29.8,86.1,16.6,3.5,0,95.0,1,1,0.359,Medium,1
24.0,80.7,6.8,20.2,3,87.0,0,2,0.07,Low,0
27.2,95.0,2.3,1.4,6,81.1,1,11,0.293,Low,0
27.7,71.8,14.1,5.7,4,86.3,1,5,0.133,Low,1
26.7,86.0,9.9,0.8,16,55.9,1,11,0.513,Medium,0
34.2,58.9,9.4,0.9,15,62.1,0,9,0.688,High,1
26.5,63.0,25.1,11.9,3,88.3,0,5,0.136,Low,0
27.1,74.3,18.1,1.5,16,56.1,0,4,0.363,Medium,0
24.0,54.0,3.1,0.0,12,64.5,0,8,0.386,Medium,0
33.1,39.0,8.0,0.0,16,59.1,0,7,0.878,Critical,1
33.2,83.8,4.9,17.5,4,89.1,1,3,0.38,Medium,0
31.8,34.4,4.5,0.0,22,43.4,1,8,0.84,Critical,1
29.9,37.6,6.8,0.0,18,52.5,1,8,1.0,Critical,1
30.7,70.7,16.6,50.2,4,87.9,1,10,0.327,Low,0
27.7,93.1,21.4,0.7,15,58.9,1,11,0.584,High,1
30.5,72.7,4.5,4.7,3,90.3,0,8,0.244,Low,0
27.2,70.1,13.7,9.2,4,86.1,0,3,0.0,Low,0
29.6,55.0,17.0,0.2,22,42.3,1,8,0.962,Critical,1
27.3,85.5,10.8,3.2,0,95.0,0,1,0.088,Low,0
29.5,76.3,4.8,7.3,1,94.8,0,12,0.137,Low,0
33.5,35.3,6.4,0.0,5,86.7,0,8,0.81,Critical,0
26.2,81.1,18.5,30.1,2,90.6,0,1,0.05,Low,0
32.0,64.5,2.3,0.0,13,66.0,0,8,0.581,High,0
35.2,42.9,13.6,1.9,11,72.6,0,6,0.647,High,1
27.0,76.9,8.5,23.4,1,93.5,0,10,0.0,Low,0
26.7,79.5,11.9,0.1,16,55.9,0,4,0.29,Low,0
25.0,87.4,9.1,1.2,11,67.5,1,10,0.36,Medium,0
29.4,40.0,45.0,0.0,14,62.2,0,8,0.6,High,1
25.8,74.4,11.9,46.9,3,87.9,0,12,0.0,Low,0
33.1,44.8,7.8,1.5,11,71.5,0,9,0.736,High,1
30.3,79.7,16.3,2.4,4,87.7,0,1,0.315,Low,0
27.4,76.3,8.3,15.1,3,88.7,0,11,0.076,Low,0
34.4,78.1,15.0,0.0,11,72.2,0,8,0.622,High,1
24.9,74.0,6.4,50.8,4,84.9,0,5,0.058,Low,0
28.0,85.9,6.8,18.7,4,86.5,1,2,0.05,Low,0
26.6,69.5,20.5,4.4,0,95.0,0,3,0.266,Low,0
24.3,83.4,9.1,19.3,4,84.7,0,1,0.0,Low,0
28.6,78.9,9.4,1.6,17,54.3,1,2,0.565,High,1
27.4,85.6,5.7,37.9,4,86.2,1,4,0.005,Low,0
24.9,63.3,11.4,21.1,4,85.0,0,11,0.043,Low,0
24.0,76.8,20.8,16.2,3,87.0,0,2,0.048,Low,1
27.3,68.9,3.1,36.4,4,86.2,1,10,0.111,Low,0
26.2,78.6,6.0,7.0,1,93.1,1,10,0.044,Low,0
25.2,78.5,20.0,1.4,11,67.6,0,3,0.263,Low,0
26.2,73.3,3.5,11.5,3,88.1,0,12,0.078,Low,0
29.1,73.3,12.9,5.6,4,87.0,0,4,0.226,Low,0
27.7,81.4,15.4,56.9,0,95.0,0,11,0.043,Low,0
24.0,66.7,14.7,1.4,10,69.5,1,11,0.323,Low,0
25.8,81.1,44.4,8.4,4,85.4,0,11,0.129,Low,0
26.7,82.8,4.5,10.3,2,90.9,0,11,0.0,Low,0
34.7,59.6,9.8,0.0,22,44.8,0,6,0.759,Critical,1
27.9,69.8,4.8,12.9,3,88.9,0,12,0.03,Low,1
28.0,89.2,7.3,2.8,3,89.0,1,1,0.28,Low,1
30.4,84.3,15.8,4.1,4,87.7,0,3,0.327,Low,0
31.8,54.2,5.2,0.0,10,73.4,0,8,0.576,High,0
30.1,48.1,20.4,0.0,11,70.0,1,8,1.0,Critical,1
29.2,64.5,5.7,2.0,19,49.6,0,6,0.39,Medium,0
27.2,79.7,11.0,18.9,1,93.6,1,1,0.028,Low,0
25.4,74.3,15.9,0.9,19,47.7,0,2,0.375,Medium,0
25.5,94.9,18.4,17.8,3,87.8,1,12,0.125,Low,0
30.3,47.8,4.4,3.1,1,95.0,0,7,0.428,Medium,0
34.9,65.2,6.4,0.0,11,72.4,1,7,0.935,Critical,1
25.9,78.3,10.2,21.7,2,90.5,0,10,0.111,Low,0
26.6,70.6,12.6,7.7,0,95.0,0,2,0.126,Low,0
31.5,74.5,3.9,16.9,1,95.0,0,2,0.278,Low,0
29.6,78.8,5.7,16.4,0,95.0,0,4,0.119,Low,0
24.5,77.6,6.7,16.4,1,92.3,0,12,0.063,Low,0
33.5,68.6,3.5,0.0,12,69.2,0,8,0.626,High,1
24.0,70.8,7.9,3.9,3,87.0,0,1,0.139,Low,0
28.8,68.1,10.1,5.2,3,89.4,0,11,0.153,Low,0
29.2,68.4,6.5,5.8,4,87.1,1,12,0.316,Low,0
34.7,30.2,4.6,0.0,9,77.3,0,7,0.764,Critical,1
27.7,80.5,12.3,7.9,3,88.9,1,1,0.049,Low,0
25.5,73.5,20.8,15.0,2,90.2,0,12,0.17,Low,0
28.3,78.6,10.4,18.2,4,86.6,0,5,0.074,Low,0
34.3,43.6,6.9,0.0,16,59.7,0,7,0.772,Critical,1
33.7,40.8,1.0,0.0,22,44.4,0,9,0.823,Critical,1
27.7,92.8,11.6,12.5,3,88.9,0,10,0.0,Low,0
29.1,65.2,11.5,22.1,4,87.1,0,11,0.145,Low,0
29.4,61.5,2.1,4.0,4,87.2,0,2,0.173,Low,0
25.6,45.5,6.7,2.8,0,95.0,0,8,0.226,Low,0
34.8,67.1,9.7,0.0,15,62.4,1,8,1.0,Critical,1
32.4,30.3,1.4,0.0,14,63.7,1,6,1.0,Critical,1
32.2,72.1,4.4,0.0,9,76.1,0,9,0.466,Medium,1
29.0,76.0,2.4,20.8,0,95.0,0,4,0.172,Low,0
36.4,49.7,6.8,0.0,18,55.7,0,8,0.78,Critical,1
29.9,25.0,9.7,0.0,10,72.5,1,9,0.944,Critical,1
33.1,38.1,1.8,0.0,24,39.0,1,7,0.946,Critical,1
24.0,83.5,3.9,15.6,1,92.0,0,2,0.021,Low,0
32.1,48.4,6.2,0.0,7,81.1,1,6,0.904,Critical,1
24.5,69.9,33.9,6.1,0,94.8,0,3,0.243,Low,0
28.8,54.3,20.2,22.0,4,86.9,1,2,0.472,Medium,0
28.7,38.2,12.8,6.2,1,94.3,0,9,0.413,Medium,0
34.3,53.1,11.0,0.6,21,47.1,0,9,0.787,Critical,1
30.1,79.3,23.8,13.1,2,92.6,1,5,0.437,Medium,0
25.4,77.6,1.9,37.6,3,87.7,0,2,0.0,Low,0
29.9,66.7,17.9,0.0,24,37.4,1,8,0.921,Critical,1
35.0,53.0,8.0,5.6,3,92.5,1,9,0.74,High,1
29.9,43.7,11.7,0.0,23,40.0,0,7,0.673,High,0
29.3,87.7,12.7,19.0,0,95.0,0,12,0.153,Low,0
32.3,58.9,5.4,0.0,22,43.6,1,8,0.829,Critical,0
31.7,47.7,16.5,0.0,19,50.8,0,6,0.814,Critical,1
29.1,77.3,5.3,7.3,1,94.6,1,11,0.227,Low,1
26.8,92.4,3.9,16.1,0,95.0,1,3,0.064,Low,0
29.0,63.3,1.2,10.9,0,95.0,1,5,0.265,Low,0
29.7,43.4,6.2,0.0,6,82.3,0,7,0.53,Medium,0
27.7,87.4,9.2,18.0,4,86.4,1,3,0.0,Low,0
29.1,56.6,6.0,0.0,12,67.1,1,6,0.669,High,0
28.6,47.8,7.8,0.0,17,54.3,0,8,0.61,High,1
27.1,77.9,24.8,9.0,4,86.1,1,10,0.055,Low,0
27.9,68.1,4.5,7.1,2,91.5,0,2,0.135,Low,0
29.0,86.5,7.4,6.3,2,92.0,1,4,0.219,Low,0
28.0,79.4,12.2,13.0,2,91.5,1,5,0.147,Low,0
24.0,76.1,18.1,23.4,0,94.5,0,5,0.022,Low,0
27.9,94.0,14.9,5.1,3,88.9,0,1,0.109,Low,0
28.0,89.5,12.2,8.1,3,89.0,0,12,0.0,Low,0
27.5,78.7,19.4,2.6,0,95.0,1,10,0.285,Low,0
32.7,58.4,20.5,5.1,1,95.0,1,6,0.501,Medium,0
27.0,69.4,11.1,6.1,3,88.5,1,5,0.237,Low,0
35.1,55.6,10.3,0.5,21,47.5,0,7,0.648,High,1
25.6,70.0,6.7,33.0,1,92.8,1,12,0.015,Low,0
26.7,53.6,10.8,32.2,4,85.9,1,4,0.232,Low,0
28.5,71.4,5.4,6.0,1,94.2,0,2,0.116,Low,0
27.4,86.6,14.5,12.0,0,95.0,1,3,0.145,Low,0
33.9,55.2,9.8,0.0,18,54.5,0,8,0.595,High,1
28.1,72.4,2.1,8.9,1,94.0,0,3,0.124,Low,0
28.0,85.2,6.7,5.9,0,95.0,1,11,0.149,Low,0
28.8,84.2,11.0,26.2,1,94.4,1,4,0.129,Low,0
38.0,55.9,15.8,0.0,19,54.0,1,8,1.0,Critical,1
26.6,78.5,13.8,0.5,9,73.3,1,2,0.441,Medium,0
29.7,91.5,8.6,11.2,4,87.3,1,5,0.18,Low,0
29.4,72.0,7.5,43.4,4,87.2,0,12,0.087,Low,0
29.6,83.2,1.7,13.7,4,87.3,1,12,0.07,Low,0
26.1,57.6,9.7,1.9,13,63.0,0,11,0.276,Low,0
31.7,51.9,4.0,0.0,13,65.9,1,7,0.981,Critical,1
34.3,59.9,7.7,2.8,2,94.7,0,8,0.428,Medium,0
31.2,34.8,0.5,1.4,9,75.6,1,7,0.853,Critical,1
29.7,80.2,5.7,3.8,0,95.0,1,2,0.08,Low,0
31.1,67.6,8.7,4.1,3,90.5,0,12,0.209,Low,0
34.4,60.5,6.2,2.9,3,92.2,1,6,0.666,High,1
25.2,72.0,10.5,10.6,1,92.6,0,2,0.04,Low,0
26.7,83.4,2.9,21.9,1,93.4,0,11,0.0,Low,0
28.3,79.2,17.9,26.9,0,95.0,0,11,0.162,Low,0
34.7,64.6,0.6,0.0,21,47.3,1,6,0.97,Critical,1
27.8,79.0,14.8,14.8,3,88.9,0,1,0.046,Low,0
27.4,89.2,6.4,5.5,2,91.2,1,1,0.022,Low,0
27.3,90.3,23.4,10.5,4,86.1,0,12,0.0,Low,0
27.6,79.0,5.8,96.7,4,86.3,1,2,0.0,Low,0
25.6,86.7,9.3,5.9,1,92.8,1,1,0.02,Low,0
24.0,88.5,5.7,18.0,4,84.5,0,3,0.017,Low,1
31.2,50.0,13.9,0.0,16,58.1,1,7,1.0,Critical,1
36.8,68.6,10.3,1.8,16,60.9,1,8,0.899,Critical,1
26.1,84.4,18.3,0.4,16,55.5,1,11,0.632,High,1
25.1,65.1,7.4,4.2,4,85.0,1,3,0.181,Low,0
31.4,37.1,5.4,0.0,15,60.7,0,9,0.762,Critical,1
24.0,86.1,3.6,13.8,2,89.5,0,10,0.0,Low,0
27.7,84.1,9.8,12.2,1,93.8,0,3,0.032,Low,1
28.5,80.3,7.1,63.4,0,95.0,1,3,0.224,Low,1
30.9,40.2,4.4,0.0,24,37.9,1,8,0.997,Critical,0
27.6,71.5,8.0,41.7,3,88.8,1,10,0.031,Low,0
28.5,73.8,15.5,9.6,0,95.0,1,4,0.132,Low,0
26.9,89.7,19.5,10.4,3,88.4,0,2,0.018,Low,0
27.1,71.9,5.3,0.6,17,53.6,1,5,0.505,Medium,0
28.4,37.9,15.2,0.2,7,79.2,0,9,0.551,High,1
33.3,48.5,25.0,2.6,2,94.1,0,9,0.516,Medium,1
25.5,74.8,5.9,20.1,4,85.3,1,3,0.058,Low,0
27.7,82.1,10.9,6.2,2,91.3,1,12,0.087,Low,0
27.3,95.0,9.1,17.5,4,86.1,1,5,0.0,Low,1
29.1,76.5,3.7,43.0,4,87.0,1,4,0.073,Low,0
32.2,86.3,8.3,12.3,3,91.1,1,5,0.234,Low,0
25.9,78.7,12.1,0.4,24,35.5,0,4,0.5,Medium,0
27.1,55.4,38.7,3.0,4,86.1,0,6,0.268,Low,1
25.2,81.0,5.9,28.1,0,95.0,1,11,0.008,Low,0
27.3,92.8,1.9,5.3,0,95.0,1,10,0.16,Low,0
34.4,43.7,3.3,0.0,15,62.2,1,8,1.0,Critical,1
25.7,75.8,17.4,3.1,4,85.4,1,3,0.07,Low,0
29.2,75.9,8.4,2.1,4,87.1,0,11,0.201,Low,0
34.2,42.9,4.7,1.0,23,42.1,0,6,0.693,High,1
31.0,80.3,3.3,12.2,3,90.5,0,12,0.193,Low,0
31.0,39.0,7.9,2.9,1,95.0,0,7,0.522,Medium,0
28.6,35.3,1.6,0.0,22,41.8,0,7,0.681,High,1
32.3,56.5,3.3,0.0,9,76.1,1,8,0.849,Critical,1
27.4,74.8,20.3,2.6,0,95.0,0,3,0.214,Low,0
28.7,77.8,31.4,47.8,4,86.8,0,11,0.27,Low,0
30.6,53.6,9.7,0.1,24,37.8,1,8,1.0,Critical,1
25.6,65.7,5.9,39.9,0,95.0,1,5,0.076,Low,0
25.6,78.9,4.7,58.0,4,85.3,1,1,0.0,Low,0
29.1,88.0,9.0,24.7,3,89.5,0,4,0.146,Low,0
24.2,74.2,12.3,12.1,1,92.1,1,12,0.058,Low,0
26.7,87.8,4.0,3.1,2,90.8,1,5,0.128,Low,0
29.9,73.6,6.6,0.0,20,47.5,1,7,0.686,High,1
25.2,78.4,14.8,5.8,1,92.6,0,12,0.088,Low,0
35.8,35.9,4.6,0.0,9,77.9,0,7,0.766,Critical,1
28.9,50.5,8.3,5.4,0,95.0,0,7,0.215,Low,0
24.7,86.6,4.5,34.2,1,92.3,0,11,0.0,Low,0
33.1,31.7,3.2,0.0,19,51.6,1,9,1.0,Critical,1
24.6,63.3,5.7,39.5,4,84.8,1,2,0.056,Low,0
25.0,71.5,18.5,13.3,4,85.0,1,4,0.059,Low,1
25.4,70.6,11.6,2.4,1,92.7,0,1,0.04,Low,0
33.5,38.9,5.6,0.5,10,74.2,0,8,0.802,Critical,1
35.9,38.4,19.4,1.5,19,52.9,0,6,0.888,Critical,1
28.3,61.3,2.6,3.9,1,94.2,1,3,0.246,Low,0
36.0,52.4,5.3,0.0,17,58.0,1,6,0.996,Critical,1
25.1,78.5,10.1,3.3,1,92.5,0,11,0.035,Low,1
31.5,76.9,1.3,22.1,0,95.0,0,1,0.149,Low,0
32.2,25.0,10.1,0.4,17,56.1,0,7,0.8,Critical,1
27.3,85.5,18.3,8.6,4,86.1,1,2,0.158,Low,1
27.0,91.1,15.3,1.6,24,36.0,1,4,0.43,Medium,0
29.1,81.6,5.4,3.0,2,92.0,0,2,0.213,Low,0
25.1,73.9,23.0,25.8,4,85.1,1,2,0.097,Low,0
27.3,74.8,18.0,2.6,2,91.2,1,10,0.223,Low,1
27.4,80.7,9.8,13.8,4,86.2,1,1,0.015,Low,0
24.0,79.1,6.7,1.4,13,62.0,1,11,0.243,Low,1
29.0,86.1,6.2,22.3,0,95.0,0,10,0.21,Low,0
28.3,92.0,11.9,8.7,0,95.0,0,2,0.126,Low,0
26.2,74.6,4.3,0.9,5,83.1,1,1,0.315,Low,0
27.3,80.5,22.6,3.0,2,91.1,0,11,0.141,Low,1
34.8,56.2,3.1,0.0,18,54.9,1,8,0.951,Critical,0
25.8,76.6,22.7,8.2,1,92.9,0,2,0.091,Low,1
28.3,70.0,6.6,3.7,0,95.0,0,4,0.205,Low,0
24.3,77.0,18.2,25.0,1,92.1,0,11,0.073,Low,0
30.2,43.4,23.3,0.0,17,55.1,1,9,1.0,Critical,1
26.8,48.4,12.1,0.0,22,40.9,1,8,0.809,Critical,0
31.9,44.3,10.7,9.1,3,91.0,1,7,0.462,Medium,1
24.0,70.7,9.2,23.5,1,92.0,0,11,0.024,Low,0
26.7,88.3,5.2,3.5,3,88.3,1,1,0.123,Low,0
28.3,73.5,3.5,3.1,0,95.0,0,12,0.125,Low,0
24.4,73.7,5.0,7.9,4,84.7,0,3,0.07,Low,0
26.4,88.9,8.4,58.7,2,90.7,1,12,0.016,Low,0
31.6,70.1,11.0,4.1,0,95.0,0,7,0.195,Low,0
24.7,74.2,9.7,11.4,4,84.9,0,10,0.001,Low,0
26.9,89.9,12.9,2.6,2,90.9,0,3,0.093,Low,1
32.1,82.8,3.7,45.9,4,88.5,0,2,0.244,Low,0
26.6,74.0,13.1,15.9,3,88.3,1,12,0.0,Low,0
28.0,85.3,9.4,3.8,0,95.0,0,12,0.0,Low,1
24.0,83.7,5.6,8.6,1,92.0,0,3,0.014,Low,0
26.1,85.2,10.8,7.6,4,85.6,0,11,0.057,Low,0
25.4,92.7,11.8,13.7,4,85.2,0,1,0.039,Low,0
28.1,80.7,1.3,7.1,0,95.0,0,3,0.191,Low,0
26.2,80.5,9.5,49.4,4,85.6,0,2,0.04,Low,0
26.8,92.1,3.7,10.4,1,93.4,0,1,0.039,Low,0
25.0,71.9,3.1,28.7,1,92.5,0,5,0.0,Low,0
26.6,82.6,20.4,74.6,1,93.3,1,2,0.162,Low,0
27.3,52.1,34.6,1.5,5,83.7,0,6,0.414,Medium,0
33.9,43.0,4.6,0.0,5,87.0,0,9,0.634,High,1
26.6,69.2,4.8,5.4,0,95.0,0,1,0.107,Low,1
24.9,81.2,3.7,9.3,3,87.5,1,4,0.0,Low,0
27.6,74.8,16.1,7.0,1,93.8,1,10,0.103,Low,0
33.2,36.1,2.7,1.8,10,74.1,0,6,0.706,High,0
33.4,30.3,7.7,0.0,14,64.2,0,6,0.8,Critical,1
28.7,81.8,3.5,3.3,1,94.3,1,12,0.185,Low,0
24.0,68.1,8.1,7.0,1,92.0,1,10,0.213,Low,0
27.1,85.9,12.1,15.3,4,86.1,0,12,0.037,Low,0
29.4,85.3,6.0,1.6,17,54.7,0,2,0.413,Medium,0
24.2,86.1,17.0,19.7,2,89.6,1,10,0.123,Low,0
31.5,31.3,12.8,0.0,5,85.7,0,7,0.787,Critical,1
24.3,78.0,10.0,17.8,3,87.1,0,5,0.0,Low,1
34.0,48.3,2.8,0.0,19,52.0,1,9,1.0,Critical,1
24.1,79.3,5.8,3.2,1,92.1,1,4,0.1,Low,0
29.1,83.8,8.9,7.1,1,94.5,0,12,0.128,Low,0
24.5,77.7,13.5,2.7,2,89.7,1,11,0.19,Low,0
28.4,77.4,16.1,0.5,24,36.7,0,4,0.54,Medium,1
31.1,58.1,9.5,0.0,17,55.5,1,6,0.901,Critical,0
33.4,47.0,11.6,3.5,3,91.7,1,8,0.771,Critical,1
27.3,52.7,0.8,0.0,17,53.7,0,9,0.496,Medium,0
30.7,41.6,16.1,0.3,8,77.9,0,8,0.621,High,1
29.4,59.4,7.3,0.0,14,62.2,1,7,0.695,High,1
30.4,28.2,24.9,7.7,0,95.0,0,7,0.616,High,1
26.3,66.6,8.5,18.0,3,88.1,1,2,0.026,Low,0
35.0,69.4,16.5,0.0,13,67.5,1,6,0.962,Critical,1
31.4,55.2,4.3,0.8,24,38.2,1,8,0.916,Critical,1
30.2,60.6,7.5,0.0,17,55.1,1,8,0.868,Critical,1
33.2,30.7,22.2,0.0,11,71.6,0,7,0.929,Critical,1
25.2,82.1,19.6,6.8,3,87.6,0,3,0.102,Low,0
24.0,74.1,2.2,5.7,1,92.0,0,5,0.01,Low,0
35.5,55.2,11.9,0.0,14,65.3,0,7,0.673,High,0
26.8,95.0,6.0,19.2,2,90.9,1,2,0.004,Low,0
25.9,83.1,20.2,5.6,3,87.9,0,1,0.113,Low,0
27.8,87.4,5.9,33.0,0,95.0,1,3,0.0,Low,0
30.8,75.6,2.3,1.2,24,37.9,1,6,0.726,High,1
27.4,74.2,10.3,2.3,3,88.7,0,11,0.116,Low,1
27.8,90.0,8.6,4.8,3,88.9,0,5,0.025,Low,0
24.1,68.8,8.1,32.7,2,89.5,1,4,0.125,Low,0
26.9,82.2,14.6,14.5,0,95.0,0,4,0.08,Low,0
28.9,59.1,11.5,1.1,21,44.5,0,7,0.454,Medium,0
27.2,87.8,7.6,12.0,2,91.1,1,11,0.004,Low,0
33.5,43.9,10.4,0.0,19,51.7,0,6,0.754,Critical,1
25.4,64.8,4.2,21.6,2,90.2,1,12,0.083,Low,0
29.1,82.6,9.5,2.9,0,95.0,1,5,0.256,Low,0
27.8,51.8,3.1,0.0,16,56.4,0,8,0.572,High,1
29.3,47.6,10.4,0.0,16,57.2,0,8,0.589,High,0
24.4,79.4,11.8,25.4,2,89.7,1,4,0.029,Low,0
25.4,80.8,7.2,24.7,2,90.2,1,12,0.0,Low,0
28.5,34.3,14.4,0.0,15,59.3,0,9,0.715,High,1
26.1,81.8,0.9,14.5,1,93.1,1,2,0.048,Low,0
24.8,75.2,9.4,89.4,0,94.9,1,12,0.0,Low,0
29.5,44.7,8.8,6.9,3,89.8,1,6,0.474,Medium,1
33.6,26.8,6.6,0.0,12,69.3,1,8,0.974,Critical,1
32.7,53.9,13.1,0.0,21,46.3,0,8,0.753,Critical,1
33.9,52.0,20.7,3.1,4,89.4,0,9,0.52,Medium,0
24.0,89.0,3.0,12.5,4,84.5,0,4,0.018,Low,0
26.3,39.5,6.9,0.0,15,58.1,1,6,0.863,Critical,1
28.9,68.6,10.6,2.0,2,91.9,1,4,0.303,Low,1
26.3,84.4,6.7,1.1,24,35.7,1,2,0.382,Medium,0
31.8,86.6,15.3,33.6,0,95.0,0,5,0.243,Low,0
29.0,57.9,16.7,6.6,2,92.0,1,11,0.366,Medium,0
33.7,68.5,28.3,0.0,13,66.9,1,8,1.0,Critical,0
25.1,74.1,4.8,2.4,1,92.5,0,5,0.091,Low,0
28.0,62.6,22.9,22.2,1,94.0,0,11,0.258,Low,0
33.0,59.9,5.9,3.4,0,95.0,0,9,0.279,Low,0
30.1,25.0,3.6,1.8,18,52.6,1,7,0.953,Critical,1
28.6,84.0,8.3,2.5,0,95.0,1,12,0.333,Low,0
24.8,56.6,5.3,2.6,0,94.9,1,1,0.172,Low,0
25.9,91.2,29.0,1.5,12,65.5,0,11,0.243,Low,0
28.5,73.1,9.1,5.5,4,86.7,1,4,0.254,Low,0
29.6,79.6,12.5,21.4,4,87.3,0,12,0.163,Low,0
35.2,28.6,14.6,0.0,16,60.1,1,6,1.0,Critical,1
27.2,95.0,17.0,29.4,4,86.1,0,11,0.018,Low,0
30.5,59.1,1.0,4.3,2,92.7,0,6,0.353,Medium,1
31.9,77.9,4.7,7.5,1,95.0,0,1,0.332,Low,0
30.7,66.1,9.5,0.0,21,45.3,0,8,0.643,High,0
24.0,77.5,5.2,0.1,6,79.5,0,2,0.28,Low,1
24.4,86.7,1.1,2.8,2,89.7,0,10,0.149,Low,0
25.8,72.8,34.6,2.3,0,95.0,1,12,0.289,Low,0
30.4,77.7,31.0,14.3,2,92.7,0,11,0.311,Low,0
27.8,87.3,9.3,2.3,4,86.4,1,10,0.199,Low,0
31.4,46.8,2.0,6.3,3,90.7,0,7,0.475,Medium,0
26.9,81.8,27.3,27.2,3,88.4,0,5,0.089,Low,0
30.5,44.5,4.3,0.9,6,82.8,1,6,0.893,Critical,0
28.1,89.0,28.6,1.1,13,64.1,1,5,0.608,High,0
32.4,59.9,4.6,0.0,23,41.2,1,6,0.895,Critical,1
29.5,71.5,1.5,4.7,1,94.7,1,1,0.145,Low,0
24.0,63.1,8.1,1.4,15,57.0,1,12,0.295,Low,0
28.3,84.2,17.5,5.1,1,94.2,0,10,0.151,Low,0
33.5,52.1,4.5,0.0,7,81.8,0,8,0.696,High,0
29.4,51.3,29.6,0.0,17,54.7,1,7,0.955,Critical,0
30.9,43.3,3.2,0.0,13,65.5,0,8,0.656,High,1
24.9,63.3,7.0,21.3,3,87.4,1,3,0.07,Low,0
26.6,63.4,6.0,21.9,4,85.8,0,3,0.0,Low,0
24.9,73.0,8.3,6.9,3,87.4,0,10,0.127,Low,1
28.6,74.1,0.4,10.4,3,89.3,0,12,0.167,Low,0
24.8,79.0,5.7,35.7,1,92.4,0,12,0.036,Low,0
29.5,48.7,9.8,2.6,4,87.3,1,9,0.386,Medium,1
26.6,90.7,14.1,17.3,0,95.0,0,4,0.062,Low,1
31.0,64.3,11.3,2.4,4,88.0,1,7,0.528,Medium,0
26.7,78.7,18.2,5.1,2,90.8,0,11,0.042,Low,0
27.6,78.4,1.8,12.5,1,93.8,1,5,0.038,Low,1
35.6,50.1,6.0,0.4,24,40.3,0,7,0.822,Critical,0
24.0,74.8,23.5,3.8,2,89.5,0,3,0.083,Low,0
24.0,71.3,18.9,1.2,20,44.5,0,4,0.372,Medium,0
36.2,56.7,13.9,0.6,9,78.1,0,8,0.639,High,0
26.0,56.7,3.9,6.7,2,90.5,1,12,0.181,Low,1
26.1,46.7,11.7,0.0,22,40.6,0,7,0.515,Medium,0
33.5,54.8,15.4,8.6,4,89.2,0,9,0.496,Medium,0
30.6,87.1,20.0,6.3,2,92.8,0,1,0.283,Low,0
31.7,60.6,8.6,0.0,24,38.3,0,6,0.508,Medium,0
32.3,55.3,1.4,5.4,0,95.0,0,9,0.215,Low,0
33.4,44.1,3.6,0.0,14,64.2,0,7,0.803,Critical,1
27.2,71.7,10.6,5.8,1,93.6,0,10,0.0,Low,0
24.0,77.7,6.7,4.9,0,94.5,0,4,0.035,Low,0
26.9,69.4,21.2,1.8,14,61.0,0,3,0.314,Low,0
26.4,73.8,13.8,17.6,1,93.2,0,12,0.026,Low,0
24.0,82.0,16.9,0.9,24,34.5,0,5,0.362,Medium,1
27.3,78.1,1.6,6.1,4,86.1,0,1,0.0,Low,0
25.8,87.5,8.0,19.1,4,85.4,0,11,0.084,Low,0
26.7,87.8,3.3,29.3,0,95.0,0,1,0.0,Low,0
28.4,89.9,26.5,29.1,2,91.7,0,11,0.204,Low,0
37.1,35.6,20.2,1.7,20,51.1,0,6,0.897,Critical,1
28.3,71.2,1.4,6.7,0,95.0,0,3,0.16,Low,0
38.0,38.3,10.1,0.0,20,51.5,0,7,0.88,Critical,1
25.7,82.2,1.3,42.4,1,92.8,0,12,0.0,Low,0
28.6,73.6,17.8,9.4,3,89.3,1,7,0.146,Low,0
28.7,39.2,9.8,1.1,24,36.9,0,6,0.669,High,1
29.7,71.0,6.2,21.3,0,95.0,0,4,0.15,Low,0
25.4,75.9,17.3,15.4,1,92.7,1,3,0.141,Low,0
31.5,67.5,2.8,11.9,3,90.8,0,4,0.267,Low,0
26.5,92.5,25.2,8.2,2,90.7,0,5,0.085,Low,0
32.3,56.7,20.3,1.0,19,51.2,1,9,1.0,Critical,1
25.1,86.8,6.6,5.6,4,85.1,0,10,0.084,Low,0
32.0,52.2,7.5,0.4,14,63.5,0,7,0.609,High,0
32.7,51.3,13.4,0.0,18,53.9,1,6,1.0,Critical,0
30.5,70.4,3.3,1.6,13,65.2,0,7,0.382,Medium,0
30.7,63.4,12.1,0.9,19,50.3,1,6,0.964,Critical,1
25.3,87.2,10.3,34.1,1,92.7,0,11,0.0,Low,0
30.4,78.2,9.4,34.6,0,95.0,0,2,0.168,Low,0
33.0,64.0,15.8,0.6,11,71.5,0,8,0.703,High,1
28.5,79.8,10.3,0.2,6,81.8,0,1,0.306,Low,0
26.2,78.3,13.4,16.5,0,95.0,1,10,0.017,Low,0
25.5,76.2,14.9,25.5,2,90.2,0,1,0.098,Low,0
35.0,64.6,11.5,0.0,18,55.0,1,8,1.0,Critical,1
27.8,57.2,3.1,24.7,1,93.9,0,11,0.073,Low,0
27.2,65.9,33.4,19.3,1,93.6,0,12,0.117,Low,0
32.0,42.1,7.2,0.0,24,38.5,0,6,0.692,High,0
36.1,48.3,9.7,4.1,2,95.0,0,6,0.457,Medium,0
24.7,80.9,12.7,5.7,4,84.8,0,1,0.101,Low,0
28.2,77.3,9.7,19.0,0,95.0,1,12,0.103,Low,1
25.4,82.1,16.8,5.1,0,95.0,0,12,0.0,Low,0
24.2,84.1,5.9,17.1,3,87.1,0,5,0.0,Low,0
26.7,81.3,10.3,2.7,0,95.0,0,10,0.063,Low,1
25.3,76.6,14.5,2.0,0,95.0,0,2,0.128,Low,0
26.3,78.2,7.7,1.7,8,75.7,1,4,0.194,Low,0
26.1,81.6,7.7,26.8,2,90.6,0,3,0.0,Low,0
28.8,51.2,15.5,0.3,10,71.9,0,7,0.565,High,0
24.0,69.6,12.2,50.8,4,84.5,1,10,0.064,Low,0
37.3,60.3,26.1,0.0,5,88.6,0,6,0.661,High,1
27.6,66.5,12.2,0.0,12,66.3,1,8,0.581,High,1
33.4,67.8,6.9,3.3,1,95.0,0,8,0.393,Medium,1
26.0,88.7,4.0,16.3,1,93.0,0,10,0.055,Low,0
25.9,82.5,2.6,1.3,20,45.5,1,3,0.312,Low,0
29.1,75.0,2.1,4.4,4,87.1,1,5,0.26,Low,0
26.7,67.8,12.8,29.1,4,85.8,0,11,0.137,Low,0
27.8,66.1,5.0,9.2,4,86.4,0,3,0.133,Low,0
28.5,89.9,14.6,2.2,1,94.2,0,3,0.245,Low,0
25.5,86.1,22.1,4.5,1,92.8,0,11,0.153,Low,0
30.3,34.5,11.6,0.0,22,42.6,0,6,0.758,Critical,1
26.9,88.7,8.3,26.3,4,85.9,0,11,0.0,Low,0
28.4,80.1,8.2,0.5,24,36.7,0,11,0.464,Medium,1
29.7,74.5,5.4,5.6,2,92.4,0,5,0.16,Low,0
32.1,52.4,3.2,0.2,8,78.6,0,9,0.516,Medium,0
25.0,77.5,9.3,50.1,1,92.5,1,2,0.056,Low,1
29.1,52.9,0.7,0.0,20,47.0,0,8,0.472,Medium,0
30.3,87.2,8.4,6.9,2,92.7,0,3,0.328,Low,0
29.1,81.0,7.8,23.9,2,92.0,0,1,0.144,Low,0
26.7,81.0,7.0,35.1,4,85.8,0,4,0.02,Low,0
26.7,33.8,11.0,8.3,3,88.4,0,9,0.274,Low,0
26.1,76.8,4.0,4.1,4,85.6,0,2,0.093,Low,0
30.3,43.0,4.3,0.0,18,52.7,0,9,0.792,Critical,1
24.9,63.6,3.0,12.4,3,87.4,0,3,0.018,Low,0
24.9,73.9,7.7,20.9,3,87.5,1,1,0.0,Low,0
29.4,73.1,32.9,6.4,1,94.7,0,12,0.184,Low,1
27.2,75.5,6.6,26.1,1,93.6,0,11,0.016,Low,0
26.4,74.3,14.8,21.7,2,90.7,0,1,0.0,Low,0
27.9,84.2,10.6,10.6,0,95.0,0,5,0.088,Low,0
28.8,75.1,4.3,10.0,0,95.0,0,5,0.077,Low,1
27.6,86.1,1.7,46.3,3,88.8,1,10,0.101,Low,1
24.0,73.8,3.5,30.8,2,89.5,0,2,0.0,Low,0
27.1,75.9,8.6,4.2,4,86.1,1,3,0.05,Low,1
29.6,76.2,4.1,10.2,3,89.8,0,1,0.046,Low,0
35.0,45.5,2.7,0.0,22,45.0,1,9,0.887,Critical,1
32.4,35.6,17.3,0.0,21,46.2,0,7,0.746,High,1
32.5,44.0,1.8,4.5,4,88.7,1,9,0.553,High,1
28.5,74.3,4.1,0.0,7,79.3,1,9,0.56,High,1
25.7,84.3,9.1,5.2,0,95.0,0,5,0.147,Low,0
27.6,83.5,17.5,71.8,3,88.8,0,1,0.013,Low,0
25.5,74.9,3.2,3.3,0,95.0,1,5,0.086,Low,0
30.9,78.6,17.7,19.0,3,90.5,0,2,0.229,Low,0
24.3,70.3,4.5,3.5,1,92.2,1,1,0.081,Low,0
34.3,54.1,10.7,7.6,0,95.0,1,9,0.735,High,1
27.1,72.6,4.5,12.9,0,95.0,0,5,0.0,Low,0
34.6,56.9,12.8,0.7,18,54.8,0,7,0.772,Critical,1
28.0,73.0,12.8,36.2,0,95.0,0,3,0.115,Low,0
28.4,88.7,13.1,5.9,3,89.2,1,11,0.31,Low,0
28.9,86.8,12.0,59.8,2,91.9,0,11,0.114,Low,0
24.0,68.5,10.2,10.5,2,89.5,1,3,0.061,Low,0
31.5,60.3,26.3,0.0,13,65.8,0,9,0.586,High,0
27.0,71.0,35.2,50.2,4,86.0,0,11,0.149,Low,1
35.0,45.6,5.5,4.0,4,90.0,0,6,0.473,Medium,1
27.8,76.9,6.6,13.1,0,95.0,0,5,0.092,Low,0
26.3,78.0,5.1,25.7,2,90.7,1,2,0.0,Low,1
26.9,76.1,2.2,3.6,4,86.0,1,3,0.164,Low,0
28.8,66.9,4.7,1.5,12,66.9,0,10,0.351,Medium,0
27.4,72.9,11.6,0.5,21,43.7,0,2,0.305,Low,0
31.5,54.9,2.4,0.0,15,60.8,0,6,0.692,High,0
34.0,53.8,7.1,0.5,7,82.0,1,8,0.966,Critical,0
30.3,95.0,17.8,33.5,0,95.0,1,1,0.373,Medium,1
28.2,78.4,5.5,10.3,4,86.6,0,4,0.074,Low,1
28.8,71.2,8.2,9.5,4,86.9,1,12,0.174,Low,0
34.4,62.1,14.2,0.0,7,82.2,1,6,1.0,Critical,1
35.7,67.0,3.9,0.0,15,62.9,0,6,0.68,High,0
31.3,55.0,8.9,0.0,17,55.7,1,8,0.888,Critical,0
26.0,82.2,1.8,22.5,1,93.0,0,12,0.0,Low,1
31.6,51.7,3.9,0.0,15,60.8,0,9,0.584,High,0
31.0,57.1,10.1,0.0,19,50.5,0,6,0.613,High,1
28.2,66.9,4.8,63.2,3,89.1,0,2,0.212,Low,1
25.9,64.1,4.3,41.2,3,87.9,0,5,0.01,Low,0
35.0,54.0,12.7,0.4,23,42.5,0,8,0.879,Critical,0
27.8,74.2,10.7,9.9,0,95.0,0,4,0.0,Low,0
33.3,65.5,12.2,0.0,24,39.2,0,8,0.761,Critical,1
33.3,59.5,4.2,0.0,22,44.2,0,9,0.699,High,0
36.4,58.3,7.0,0.0,11,73.2,0,8,0.655,High,1
29.7,71.7,14.5,5.2,4,87.4,0,4,0.175,Low,0
26.3,95.0,10.2,0.3,20,45.7,0,4,0.342,Low,0
33.5,34.5,8.1,0.0,15,61.8,0,7,0.793,Critical,1
27.3,71.4,5.2,3.0,4,86.1,1,1,0.061,Low,0
25.2,82.4,6.6,25.6,4,85.1,0,1,0.06,Low,0
25.6,74.7,24.9,18.8,0,95.0,0,10,0.0,Low,0
24.3,84.1,23.0,35.3,0,94.7,0,11,0.119,Low,0
34.4,46.1,6.3,0.0,17,57.2,1,9,1.0,Critical,1
25.9,83.0,8.9,47.5,3,88.0,0,10,0.0,Low,0
28.9,73.0,1.8,1.6,12,67.0,0,2,0.321,Low,0
30.4,45.9,5.1,0.0,23,40.2,0,7,0.702,High,1
24.0,66.3,9.1,11.6,2,89.5,0,10,0.045,Low,0
25.4,66.2,9.9,5.6,1,92.7,0,3,0.016,Low,0
32.1,53.5,3.1,1.0,10,73.6,0,7,0.422,Medium,0
35.9,41.9,10.2,0.0,7,82.9,1,6,1.0,Critical,1
28.7,79.4,8.6,19.7,0,95.0,1,11,0.153,Low,0
29.2,90.8,10.3,18.4,3,89.6,0,5,0.174,Low,0
27.5,92.7,14.2,91.4,4,86.2,1,5,0.085,Low,0
33.2,49.5,7.9,0.0,9,76.6,0,9,0.691,High,1
25.3,62.4,10.0,4.2,0,95.0,0,11,0.1,Low,1
29.6,75.3,12.5,13.1,0,95.0,1,1,0.205,Low,0
29.9,42.2,7.7,0.0,22,42.5,0,8,0.582,High,1
24.5,80.7,7.1,34.3,3,87.2,1,4,0.006,Low,0
25.5,77.4,16.0,11.7,1,92.8,0,10,0.069,Low,0
28.6,76.6,5.5,1.9,24,36.8,0,10,0.316,Low,0
26.1,77.0,11.3,1.2,24,35.6,0,11,0.325,Low,0
34.8,32.2,7.2,0.1,10,74.9,1,9,0.947,Critical,1
27.5,79.3,12.6,15.1,2,91.2,0,11,0.017,Low,0
29.3,73.4,21.4,52.4,0,95.0,1,10,0.305,Low,0
27.1,72.2,2.3,43.7,4,86.0,0,5,0.012,Low,0
29.1,68.7,10.3,48.9,2,92.1,0,11,0.074,Low,0
29.7,64.4,2.4,12.8,3,89.9,0,4,0.066,Low,0
34.1,49.5,3.2,0.0,12,69.6,1,6,1.0,Critical,1
27.8,42.7,12.0,0.6,22,41.4,0,7,0.593,High,1
29.2,67.5,10.8,27.8,0,95.0,1,10,0.156,Low,0
27.6,74.9,17.6,27.0,0,95.0,0,2,0.066,Low,0
32.8,54.5,20.7,3.2,3,91.4,1,7,0.653,High,1
26.0,88.9,9.0,1.5,6,80.5,0,4,0.194,Low,0
25.4,75.7,7.3,4.8,1,92.7,0,1,0.053,Low,1
32.1,48.7,1.9,1.0,13,66.0,1,9,0.992,Critical,1
28.4,80.6,6.9,17.9,4,86.7,0,5,0.112,Low,0
28.4,90.8,17.8,30.6,1,94.2,0,3,0.104,Low,0
28.7,82.2,3.1,1.7,16,56.8,1,10,0.559,High,0
31.6,70.6,9.8,2.2,0,95.0,0,7,0.26,Low,0
26.6,68.3,14.0,7.4,3,88.3,1,11,0.219,Low,0
26.3,68.8,7.3,2.3,2,90.7,1,10,0.237,Low,0
30.5,72.6,3.3,6.4,1,95.0,0,4,0.265,Low,1
35.1,32.5,11.9,0.0,8,80.0,1,8,0.95,Critical,1
28.0,70.4,18.0,29.6,4,86.5,0,5,0.0,Low,0
27.8,71.1,17.5,45.7,3,88.9,0,11,0.089,Low,0
24.0,81.9,2.0,100.0,1,92.0,1,1,0.006,Low,0
26.5,79.9,10.6,4.8,0,95.0,0,5,0.0,Low,0
25.8,79.8,7.5,35.2,1,92.9,0,2,0.0,Low,1
33.8,76.2,14.2,0.0,10,74.4,1,8,0.885,Critical,1
31.1,68.9,19.3,9.5,0,95.0,0,4,0.319,Low,1
32.9,43.6,2.0,0.1,16,58.9,0,9,0.653,High,0
26.6,86.0,13.1,4.6,3,88.3,1,1,0.119,Low,1
27.5,82.7,16.9,43.8,3,88.7,1,1,0.072,Low,0
28.5,83.2,6.9,33.1,1,94.2,0,10,0.092,Low,0
32.1,49.8,6.4,0.6,23,41.0,0,7,0.673,High,1
28.4,70.0,11.6,2.1,0,95.0,1,12,0.399,Medium,1
30.1,84.1,7.9,16.6,0,95.0,0,2,0.231,Low,0
25.3,76.7,6.5,10.3,3,87.6,0,4,0.0,Low,0
28.5,67.2,15.3,6.4,0,95.0,0,4,0.122,Low,0
27.5,93.6,8.3,24.5,0,95.0,0,2,0.053,Low,0
26.9,67.8,1.9,5.3,1,93.5,1,12,0.149,Low,0
30.3,83.1,3.5,10.4,0,95.0,1,11,0.381,Medium,0
33.9,60.2,6.2,1.7,5,87.0,0,9,0.444,Medium,1
32.6,65.8,0.9,2.1,3,91.3,0,9,0.341,Low,0
25.7,89.0,8.3,7.0,0,95.0,0,1,0.0,Low,0
26.2,78.1,9.9,2.4,4,85.6,1,12,0.136,Low,0
26.8,81.2,4.8,29.7,1,93.4,0,4,0.04,Low,0
30.4,68.4,6.0,1.8,24,37.7,1,1,0.749,High,1
26.5,86.6,4.6,29.1,1,93.3,0,1,0.0,Low,0
35.5,53.6,9.4,0.0,23,42.8,1,7,0.918,Critical,1
24.0,82.7,2.8,15.9,4,84.5,0,11,0.079,Low,0
33.8,49.2,4.3,2.6,3,91.9,1,6,0.895,Critical,1
31.3,47.8,8.7,3.6,1,95.0,1,6,0.552,High,1
29.1,80.0,17.8,20.9,0,95.0,1,5,0.223,Low,0
32.9,43.3,11.3,0.0,10,73.9,0,7,0.652,High,0
26.6,83.9,2.5,16.5,1,93.3,0,10,0.0,Low,0
24.1,76.9,1.4,70.5,1,92.1,0,5,0.0,Low,0
24.8,74.7,4.6,0.1,9,72.4,0,1,0.171,Low,0
27.3,61.8,4.9,17.1,3,88.6,0,4,0.123,Low,0
24.0,76.3,6.1,11.5,3,87.0,1,1,0.0,Low,0
24.7,78.4,10.6,20.7,3,87.3,0,10,0.0,Low,0
32.9,52.9,14.1,0.0,19,51.5,0,6,0.698,High,0
26.8,81.2,3.4,22.7,3,88.4,0,4,0.029,Low,0
31.9,43.0,12.6,3.2,4,88.5,0,9,0.411,Medium,0
34.9,25.0,1.8,0.0,23,42.4,1,6,1.0,Critical,1
24.9,63.1,17.4,21.9,3,87.4,0,4,0.05,Low,0
34.4,63.9,10.8,3.4,3,92.2,1,6,0.624,High,1
27.5,67.9,17.3,26.6,2,91.3,0,2,0.09,Low,0
31.2,48.4,20.6,4.0,2,93.1,0,7,0.419,Medium,0
24.8,77.3,20.5,27.7,3,87.4,0,12,0.081,Low,0
27.8,86.7,23.1,3.8,3,88.9,0,4,0.064,Low,0
27.9,91.3,10.6,68.5,3,89.0,1,5,0.046,Low,0
24.5,79.0,11.4,67.3,3,87.2,0,11,0.037,Low,0
27.0,80.3,6.8,9.4,1,93.5,1,1,0.0,Low,0
30.5,52.6,13.7,0.0,6,82.8,0,6,0.61,High,1
27.5,80.6,12.6,4.6,1,93.8,0,1,0.125,Low,0
28.5,76.4,5.5,23.6,4,86.7,0,2,0.096,Low,0
29.9,95.0,14.5,58.6,1,94.9,0,12,0.078,Low,0
27.1,69.2,8.2,0.2,12,66.0,1,1,0.564,High,1
26.7,77.6,8.3,6.1,4,85.8,0,10,0.0,Low,0
32.8,76.0,15.4,3.9,4,88.9,0,1,0.26,Low,0
32.7,35.5,12.2,0.0,12,68.8,1,6,0.973,Critical,1
27.4,71.3,5.4,11.3,0,95.0,1,12,0.0,Low,0
27.8,83.6,9.1,3.1,2,91.4,0,12,0.0,Low,0
25.9,82.6,5.4,3.5,1,92.9,0,12,0.008,Low,0
26.6,68.9,6.4,1.2,24,35.8,1,1,0.456,Medium,0
24.2,79.9,5.9,8.9,4,84.6,0,1,0.018,Low,0
27.2,71.9,13.3,1.8,15,58.6,1,4,0.265,Low,1
24.9,78.9,20.1,8.8,3,87.5,0,1,0.057,Low,0
27.3,79.3,7.0,9.8,4,86.2,0,1,0.081,Low,0
34.8,48.3,29.6,0.0,11,72.4,1,8,1.0,Critical,0
30.7,73.7,0.7,22.0,3,90.4,1,1,0.289,Low,0
28.3,38.0,6.8,0.0,14,61.7,1,9,0.907,Critical,1
28.1,61.1,3.9,13.2,3,89.0,0,1,0.086,Low,0
27.5,74.0,6.6,17.9,3,88.7,0,3,0.005,Low,0
26.3,72.8,11.4,8.1,2,90.7,0,5,0.0,Low,0
24.8,90.9,13.3,34.0,0,94.9,1,12,0.099,Low,0
25.3,91.8,2.5,3.5,2,90.2,0,2,0.089,Low,0
26.6,66.9,3.4,11.0,3,88.3,0,12,0.075,Low,0
25.3,81.0,9.8,5.1,0,95.0,1,11,0.0,Low,0
27.2,72.0,3.7,6.5,0,95.0,1,4,0.15,Low,0
36.1,42.5,16.0,0.0,13,68.0,0,9,0.85,Critical,1
30.7,85.9,5.3,1.8,19,50.4,0,4,0.452,Medium,0
29.8,88.1,4.9,9.2,2,92.4,1,5,0.184,Low,0
29.3,25.0,6.2,0.6,9,74.6,0,9,0.623,High,1
28.5,79.7,15.7,2.8,2,91.7,0,7,0.311,Low,0
33.7,41.9,12.9,1.9,11,71.8,0,9,0.633,High,1
31.4,79.6,33.7,11.2,1,95.0,1,11,0.378,Medium,0
34.6,43.6,7.3,0.0,7,82.3,1,9,0.978,Critical,1
27.3,51.8,14.7,0.5,8,76.1,1,8,0.717,High,1
35.5,47.5,17.3,0.0,14,65.2,1,8,0.989,Critical,1
29.1,75.1,10.4,0.3,9,74.6,0,1,0.315,Low,0
34.2,40.5,13.5,0.0,23,42.1,1,9,1.0,Critical,1
27.7,78.5,37.0,4.0,0,95.0,0,10,0.044,Low,1
24.5,76.5,7.4,14.0,4,84.8,0,10,0.017,Low,0
25.7,63.0,6.8,27.7,4,85.4,0,12,0.0,Low,0
29.6,77.5,33.2,1.4,13,64.8,0,10,0.419,Medium,0
31.1,52.3,4.7,2.0,19,50.5,0,7,0.597,High,1
31.5,78.1,4.7,5.5,0,95.0,0,5,0.32,Low,0
32.2,57.0,10.4,0.0,11,71.1,0,9,0.562,High,0
28.1,84.1,28.9,8.5,3,89.1,0,3,0.163,Low,0
26.2,67.8,5.3,11.1,2,90.6,0,10,0.118,Low,0
28.3,45.8,5.6,0.0,24,36.6,1,6,0.926,Critical,1
30.4,32.4,7.4,1.0,12,67.7,1,7,0.958,Critical,1
26.9,81.2,2.7,0.7,19,48.5,0,11,0.36,Medium,0
25.3,83.2,24.2,23.1,4,85.1,0,3,0.028,Low,0
30.1,61.2,6.8,0.0,22,42.5,0,6,0.591,High,1
27.7,65.6,8.7,0.5,23,38.9,0,1,0.388,Medium,0
30.9,71.4,13.2,17.3,1,95.0,1,2,0.319,Low,1
28.2,83.9,5.1,27.9,0,95.0,1,5,0.231,Low,0
28.7,69.2,15.0,11.6,0,95.0,1,12,0.281,Low,0
29.4,43.5,2.6,0.0,13,64.7,1,6,0.87,Critical,1
27.7,70.0,3.0,3.9,1,93.8,1,1,0.049,Low,0
25.4,87.1,2.6,14.8,3,87.7,0,4,0.0,Low,0
25.2,72.7,7.4,6.2,4,85.1,0,12,0.076,Low,0
27.8,69.5,3.8,5.0,0,95.0,1,5,0.173,Low,0
26.4,84.1,2.3,2.8,4,85.7,1,4,0.284,Low,1
33.4,73.2,5.9,0.0,18,54.2,0,8,0.69,High,0
29.5,76.7,4.9,10.7,0,95.0,0,2,0.08,Low,0
24.5,82.3,23.1,0.9,23,37.2,0,5,0.408,Medium,1
29.1,72.1,3.7,0.8,22,42.1,0,6,0.437,Medium,1
31.9,48.1,4.5,3.8,0,95.0,0,8,0.412,Medium,0
30.4,53.5,5.2,0.0,9,75.2,0,8,0.574,High,1
33.2,44.6,2.3,2.8,2,94.1,0,7,0.489,Medium,0
25.1,71.2,5.0,0.1,20,45.0,0,2,0.416,Medium,0
25.8,88.5,11.3,5.1,2,90.4,0,12,0.027,Low,1
25.2,78.1,9.6,17.9,1,92.6,1,12,0.0,Low,0
29.4,52.5,9.8,1.4,15,59.7,0,6,0.441,Medium,0
29.6,56.2,10.3,0.5,24,37.3,0,7,0.481,Medium,1
25.9,84.8,5.6,12.9,0,95.0,0,2,0.0,Low,1
32.1,45.6,28.4,1.8,5,86.1,1,9,0.834,Critical,1
25.2,74.5,2.8,10.1,2,90.1,0,10,0.038,Low,1
31.4,58.4,11.7,0.0,12,68.2,0,7,0.555,High,1
29.3,88.9,6.2,1.6,10,72.2,0,1,0.273,Low,0
35.3,65.7,7.4,2.5,4,90.2,0,7,0.466,Medium,0
33.4,49.3,2.9,0.0,7,81.7,0,7,0.709,High,1
26.3,93.4,5.1,9.3,0,95.0,1,12,0.072,Low,0
26.1,76.3,6.9,8.0,2,90.5,0,10,0.169,Low,0
26.4,85.9,5.7,18.1,3,88.2,1,11,0.01,Low,1
29.3,70.1,11.4,6.0,0,95.0,0,1,0.065,Low,0
24.0,78.2,6.1,0.8,6,79.5,0,12,0.239,Low,0
24.0,72.3,2.4,16.4,2,89.5,1,12,0.0,Low,1
26.5,73.5,9.6,0.3,13,63.3,1,12,0.307,Low,0
26.0,75.3,8.8,21.0,4,85.5,1,12,0.0,Low,0
29.0,67.1,9.9,13.1,2,92.0,0,10,0.179,Low,0
25.7,59.8,3.7,3.3,2,90.4,0,4,0.028,Low,0
30.8,65.2,1.9,5.1,1,95.0,0,5,0.195,Low,0
26.3,67.8,13.6,15.3,4,85.7,1,10,0.122,Low,0
29.6,70.1,15.1,11.0,2,92.3,0,2,0.198,Low,0
25.5,68.6,2.0,31.9,3,87.8,0,4,0.032,Low,0
24.0,67.6,14.7,53.7,0,94.5,0,3,0.065,Low,0
32.7,51.9,3.9,0.0,8,78.8,1,8,0.784,Critical,1
29.4,34.7,3.7,3.3,0,95.0,1,7,0.607,High,0
26.8,77.9,7.0,2.7,4,85.9,0,4,0.041,Low,0
28.8,64.7,2.8,2.1,1,94.4,0,6,0.328,Low,0
29.8,66.9,5.5,0.0,12,67.4,1,6,0.77,Critical,1
25.1,87.6,8.0,28.4,3,87.6,1,11,0.0,Low,0
27.0,83.1,23.2,26.0,0,95.0,1,10,0.181,Low,0
29.1,86.0,7.9,40.8,3,89.6,1,5,0.122,Low,0
33.6,66.6,14.1,0.0,23,41.8,1,9,1.0,Critical,1
28.7,86.6,5.1,24.5,1,94.4,0,3,0.148,Low,0
27.9,92.0,4.0,29.7,0,95.0,0,3,0.072,Low,0
30.6,40.0,21.9,0.0,9,75.3,1,7,1.0,Critical,1
24.4,72.5,10.5,15.7,0,94.7,1,11,0.112,Low,0
28.4,79.7,31.2,8.0,3,89.2,0,2,0.16,Low,0
36.4,48.2,2.2,0.0,13,68.2,0,6,0.766,Critical,0
33.0,41.8,17.8,1.1,19,51.5,0,7,0.786,Critical,1
29.1,85.4,9.6,5.4,0,95.0,0,3,0.21,Low,0
32.0,26.0,14.0,0.0,19,51.0,1,7,1.0,Critical,1
34.1,49.0,11.1,0.0,13,67.1,0,7,0.797,Critical,1
27.2,83.8,5.9,13.7,3,88.6,1,11,0.059,Low,0
35.3,44.9,7.2,0.0,22,45.1,1,8,1.0,Critical,1
28.7,79.8,11.4,2.9,3,89.3,1,10,0.4,Medium,0
24.1,73.0,4.8,14.4,4,84.6,0,10,0.0,Low,0
36.5,51.0,8.5,4.5,2,95.0,0,6,0.421,Medium,0
27.2,70.2,2.1,10.5,3,88.6,0,4,0.008,Low,0
27.4,77.1,5.4,2.2,2,91.2,1,2,0.063,Low,0
29.0,35.9,15.4,0.0,17,54.5,1,7,0.978,Critical,1
26.1,82.2,37.9,22.8,4,85.6,0,2,0.051,Low,0
26.8,71.7,3.8,9.8,1,93.4,0,3,0.063,Low,0
25.6,70.1,6.9,6.0,1,92.8,0,10,0.057,Low,1
27.8,84.9,6.7,6.2,4,86.4,1,5,0.064,Low,1
33.7,61.0,2.1,0.0,15,61.8,0,6,0.739,High,1
27.1,85.4,18.8,30.3,1,93.6,0,3,0.074,Low,0
34.2,54.9,1.1,0.0,19,52.1,0,8,0.786,Critical,1
25.9,87.3,13.1,2.3,4,85.4,0,10,0.136,Low,0
29.9,85.9,19.7,37.5,2,92.5,1,2,0.241,Low,0
34.8,61.6,3.5,0.0,5,87.4,1,9,0.834,Critical,0
27.6,81.1,14.0,0.4,16,56.3,1,12,0.549,Medium,1
27.2,77.5,13.9,2.5,3,88.6,0,3,0.16,Low,0
26.3,70.3,16.9,6.2,3,88.2,1,4,0.13,Low,0
26.2,73.1,6.6,0.8,8,75.6,0,5,0.252,Low,0
24.7,82.4,0.9,17.3,2,89.9,1,4,0.0,Low,0
25.9,84.7,8.0,1.0,22,40.5,0,10,0.342,Low,0
29.9,56.9,29.8,0.0,23,40.0,0,9,0.68,High,1
34.5,36.5,15.4,0.0,20,49.8,1,6,1.0,Critical,1
28.9,95.0,8.4,6.7,3,89.5,1,11,0.224,Low,0
30.3,70.0,6.0,8.5,4,87.6,1,3,0.357,Medium,0
25.8,84.5,28.1,2.6,1,92.9,0,2,0.114,Low,0
26.7,56.2,9.4,0.0,20,45.9,0,8,0.464,Medium,1
28.8,62.3,9.2,0.0,10,71.9,0,6,0.456,Medium,0
26.3,80.2,18.1,1.2,24,35.6,1,3,0.522,Medium,0
29.5,73.9,10.2,0.0,14,62.2,1,2,0.573,High,0
32.3,44.6,0.8,0.5,10,73.7,0,9,0.608,High,1
30.4,76.5,16.4,2.4,1,95.0,0,7,0.365,Medium,0
27.2,75.8,6.6,2.2,3,88.6,0,10,0.073,Low,0
31.2,51.3,7.3,0.0,21,45.6,0,6,0.6,High,0
25.6,74.8,14.3,8.7,2,90.3,1,2,0.044,Low,0
26.5,93.1,7.2,17.8,1,93.2,0,4,0.041,Low,0
26.7,71.1,3.7,33.5,0,95.0,0,12,0.013,Low,0
25.7,80.5,24.9,14.5,3,87.9,0,2,0.025,Low,0
29.6,74.1,4.1,0.4,9,74.8,0,5,0.302,Low,0
28.6,88.5,1.4,2.2,2,91.8,0,3,0.21,Low,0
31.4,48.7,2.3,0.0,24,38.2,0,6,0.701,High,0
28.6,61.8,19.2,3.9,3,89.3,1,1,0.47,Medium,1
27.7,73.0,25.4,2.7,2,91.4,0,5,0.16,Low,0
26.3,79.5,35.0,45.9,1,93.2,0,12,0.116,Low,0
35.7,45.2,6.4,0.0,16,60.3,0,9,0.79,Critical,1
26.2,82.1,4.3,21.8,2,90.6,0,2,0.0,Low,0
27.1,87.1,1.9,45.8,0,95.0,0,5,0.003,Low,0
28.9,42.1,5.8,0.0,9,74.5,1,9,0.768,Critical,1
33.7,63.1,9.3,3.8,1,95.0,0,8,0.391,Medium,0
28.4,88.3,12.9,2.5,4,86.7,1,11,0.394,Medium,0
31.8,92.4,0.9,21.8,4,88.4,0,10,0.2,Low,0
31.1,60.4,7.7,0.0,23,40.5,0,6,0.549,Medium,1
25.0,79.8,11.4,27.8,2,90.0,1,10,0.0,Low,0
25.8,82.5,12.2,15.2,3,87.9,0,12,0.099,Low,0
24.5,78.5,4.2,10.3,0,94.8,1,10,0.029,Low,0
29.1,95.0,1.9,36.0,2,92.0,0,3,0.082,Low,0
32.4,40.9,9.2,0.0,6,83.7,0,7,0.647,High,0
27.7,79.1,20.4,5.5,1,93.9,0,12,0.08,Low,1
25.4,63.6,17.5,4.0,4,85.2,0,1,0.108,Low,0
33.9,35.2,14.5,0.0,17,56.9,0,9,0.853,Critical,1
30.1,86.5,11.1,1.2,16,57.5,1,12,0.619,High,1
27.6,75.1,4.3,3.8,3,88.8,0,10,0.093,Low,0
24.2,76.5,3.0,3.3,4,84.6,0,3,0.026,Low,0
30.5,53.1,7.0,0.0,14,62.7,0,6,0.6,High,1
32.3,49.8,17.0,1.7,15,61.2,0,9,0.572,High,0
32.6,33.9,1.4,0.0,12,68.8,1,7,1.0,Critical,1
31.0,57.4,3.1,10.3,2,93.0,0,9,0.232,Low,0
32.7,42.4,5.5,0.0,7,81.4,0,6,0.585,High,1
25.7,86.2,12.7,6.9,3,87.9,0,2,0.15,Low,0
31.4,85.1,11.5,45.6,3,90.7,0,10,0.253,Low,0
24.5,68.4,5.6,22.9,3,87.3,1,10,0.1,Low,0
32.5,49.0,12.3,3.9,3,91.3,0,8,0.484,Medium,0
29.0,73.6,12.4,0.1,7,79.5,1,8,0.551,High,0
33.9,56.3,1.6,0.0,8,79.4,0,7,0.625,High,0
27.5,78.2,13.5,19.6,4,86.2,0,3,0.0,Low,0
27.5,83.6,7.0,28.9,1,93.8,1,5,0.0,Low,0
31.4,39.4,5.1,1.5,20,48.2,1,7,0.949,Critical,1
32.1,68.0,4.5,0.0,18,53.6,0,8,0.566,High,1
26.8,82.3,0.4,2.2,2,90.9,0,3,0.088,Low,1
26.3,81.5,10.0,3.1,4,85.7,0,12,0.02,Low,0
29.2,68.8,7.8,16.7,1,94.6,0,12,0.188,Low,0
28.4,83.5,12.5,24.3,2,91.7,0,4,0.087,Low,1
28.2,84.8,5.5,5.2,4,86.6,0,10,0.127,Low,0
26.1,81.4,5.3,19.5,2,90.5,0,3,0.021,Low,0
24.0,87.1,8.7,27.0,2,89.5,0,2,0.0,Low,0
27.0,72.5,13.7,5.8,1,93.5,0,6,0.085,Low,0
33.5,57.6,13.4,0.0,17,56.8,0,7,0.694,High,0
24.0,78.0,13.4,7.8,1,92.0,0,4,0.092,Low,0
26.8,82.9,16.4,16.8,0,95.0,0,10,0.038,Low,0
24.3,80.3,3.3,1.3,23,37.2,1,12,0.423,Medium,0
28.6,78.3,7.4,18.4,0,95.0,0,10,0.094,Low,0
25.6,68.3,8.7,17.1,2,90.3,0,3,0.0,Low,0
29.1,83.8,4.3,5.3,0,95.0,1,4,0.21,Low,0
30.2,63.7,3.6,3.7,0,95.0,1,1,0.437,Medium,0
33.0,67.5,21.1,5.2,3,91.5,0,6,0.367,Medium,1
24.0,77.1,0.9,12.3,0,94.5,1,4,0.006,Low,0
25.8,70.4,9.5,4.4,1,92.9,0,10,0.044,Low,0
29.2,57.3,4.5,1.1,12,67.1,0,6,0.425,Medium,1
28.0,77.6,14.4,2.6,3,89.0,1,5,0.275,Low,0
32.0,60.1,7.4,0.0,15,61.0,0,6,0.525,Medium,1
32.7,59.6,3.2,0.0,18,53.9,0,9,0.554,High,1
28.6,88.8,9.0,34.1,4,86.8,0,12,0.088,Low,0
29.5,79.8,9.7,10.0,1,94.8,0,10,0.021,Low,0
24.1,76.7,3.2,0.1,20,44.5,1,10,0.495,Medium,1
31.0,44.1,16.8,0.0,13,65.5,0,9,0.645,High,1
26.8,79.3,11.7,25.1,1,93.4,0,3,0.0,Low,0
31.8,47.1,7.5,0.0,14,63.4,1,9,0.928,Critical,1
35.5,42.7,15.0,2.2,3,92.8,0,6,0.581,High,1
26.8,82.5,3.4,8.3,1,93.4,1,10,0.0,Low,0
24.5,67.5,8.0,5.6,4,84.7,0,10,0.07,Low,0
29.9,58.3,7.3,0.0,8,77.5,0,9,0.353,Medium,0
24.0,68.5,26.5,48.5,4,84.5,0,12,0.09,Low,0
30.6,72.5,4.9,11.1,3,90.3,1,1,0.252,Low,1
26.8,92.1,21.6,33.0,3,88.4,0,12,0.132,Low,1
33.0,45.8,19.8,0.0,22,44.0,0,9,0.738,High,1
27.3,69.0,10.0,1.7,5,83.6,1,3,0.237,Low,0
26.6,81.7,14.8,6.6,3,88.3,1,10,0.044,Low,0
31.4,38.6,3.1,0.0,20,48.2,1,7,1.0,Critical,1
28.3,69.0,2.1,5.8,4,86.7,0,2,0.178,Low,0
24.0,69.9,20.1,4.0,4,84.5,0,2,0.177,Low,0
27.0,78.1,16.6,25.1,1,93.5,1,2,0.129,Low,1
26.7,87.6,9.7,31.8,2,90.8,0,5,0.0,Low,0
27.7,78.8,4.3,0.4,24,36.3,0,2,0.327,Low,0
27.6,73.6,4.4,14.8,2,91.3,1,2,0.0,Low,0
28.8,79.0,13.8,55.8,0,95.0,0,5,0.113,Low,0
32.3,37.2,4.1,0.0,7,81.1,0,8,0.669,High,1
24.7,86.3,8.0,40.5,4,84.9,0,11,0.07,Low,0
26.3,64.2,16.1,0.7,12,65.6,1,4,0.592,High,0
27.7,95.0,5.2,0.8,6,81.4,0,2,0.276,Low,0
25.1,73.4,23.3,6.5,0,95.0,1,4,0.239,Low,0
26.3,74.5,5.9,1.5,24,35.6,0,3,0.281,Low,0
34.1,29.1,9.2,4.0,4,89.6,0,6,0.565,High,1
28.9,38.2,5.9,6.0,0,95.0,0,6,0.356,Medium,1
31.6,70.5,2.6,2.6,3,90.8,1,9,0.403,Medium,0
32.9,62.0,9.3,0.0,6,84.0,1,6,0.784,Critical,1
35.4,56.4,2.2,0.0,14,65.2,1,8,0.934,Critical,1
32.7,72.3,7.6,1.2,23,41.4,0,9,0.474,Medium,0
31.0,78.0,9.4,5.6,2,93.0,0,3,0.286,Low,0
34.4,44.1,19.6,0.0,24,39.7,0,8,0.757,Critical,1
26.9,76.2,11.9,3.7,4,85.9,0,2,0.071,Low,0
29.0,95.0,3.3,9.6,3,89.5,0,10,0.054,Low,0
33.0,55.2,26.8,0.0,10,74.0,0,6,0.65,High,1
29.6,71.3,14.5,0.9,20,47.3,0,5,0.489,Medium,0
30.4,80.8,2.9,27.8,1,95.0,0,5,0.266,Low,0
31.7,57.7,17.7,0.0,15,60.9,0,8,0.601,High,0
27.8,95.0,2.4,5.0,4,86.4,1,4,0.064,Low,0
31.4,48.3,9.7,0.0,5,85.7,1,7,0.909,Critical,1
25.0,94.3,12.8,10.1,1,92.5,0,5,0.078,Low,0
28.4,78.0,1.2,2.1,4,86.7,0,2,0.286,Low,0
35.5,55.6,11.0,0.0,19,52.8,1,7,0.966,Critical,1
26.3,61.3,3.2,3.8,3,88.1,0,10,0.056,Low,0
25.5,80.4,2.0,0.7,7,77.8,1,4,0.427,Medium,1
29.7,58.6,6.7,0.0,17,54.9,0,7,0.547,Medium,1
28.8,68.8,7.3,53.8,4,86.9,1,10,0.177,Low,0
29.2,68.0,15.8,0.0,20,47.1,1,8,0.795,Critical,1
25.6,89.7,8.1,4.6,1,92.8,0,3,0.115,Low,0
28.0,79.0,14.2,15.4,3,89.0,0,5,0.101,Low,0
29.3,76.0,6.1,27.0,1,94.6,1,1,0.171,Low,0
34.1,40.0,9.8,0.0,11,72.1,0,8,0.78,Critical,1
33.5,42.3,8.6,0.0,5,86.8,1,9,0.975,Critical,1
29.2,45.2,6.5,0.0,8,77.1,0,7,0.551,High,0
26.9,82.2,27.2,10.5,0,95.0,0,5,0.105,Low,0
33.5,65.8,21.4,0.0,24,39.3,1,7,0.91,Critical,1
29.5,70.1,6.4,30.9,1,94.8,0,3,0.193,Low,0
28.2,25.5,6.5,0.0,23,39.1,0,8,0.723,High,0
30.9,80.4,6.3,4.1,2,93.0,0,11,0.206,Low,0
28.3,81.3,22.9,5.4,2,91.7,0,12,0.18,Low,0
29.4,85.6,17.4,16.1,2,92.2,0,5,0.12,Low,0
28.5,89.5,6.8,20.0,1,94.2,0,4,0.073,Low,0
28.5,75.3,4.3,40.9,1,94.2,0,4,0.079,Low,1
25.1,89.9,3.4,20.1,4,85.1,1,4,0.072,Low,0
24.0,72.5,14.0,7.6,1,92.0,1,2,0.073,Low,0
25.7,60.3,12.9,6.3,1,92.8,1,10,0.161,Low,0
28.0,78.3,9.8,14.2,0,95.0,1,4,0.191,Low,0
29.2,25.0,2.4,0.0,17,54.6,1,6,1.0,Critical,1
31.2,46.8,7.1,0.0,13,65.6,0,6,0.651,High,0
29.6,58.1,4.8,2.1,3,89.8,1,7,0.406,Medium,1
33.2,39.7,12.5,0.4,7,81.6,0,6,0.874,Critical,1
30.6,35.8,11.7,0.6,14,62.8,0,9,0.768,Critical,1
33.7,58.4,3.7,0.9,12,69.4,0,9,0.649,High,1
24.0,75.5,3.8,2.2,3,87.0,0,4,0.107,Low,0
26.1,80.6,10.6,36.0,4,85.6,0,11,0.005,Low,0
24.0,76.7,4.7,2.3,4,84.5,1,12,0.124,Low,0
31.5,64.2,3.8,9.3,3,90.8,0,3,0.186,Low,0
28.5,74.9,3.6,5.0,4,86.8,0,10,0.155,Low,0
28.3,85.0,27.0,29.1,1,94.1,1,2,0.358,Medium,1
28.0,70.7,9.4,3.4,1,94.0,0,3,0.126,Low,0
34.5,39.2,12.1,0.0,21,47.2,0,7,0.97,Critical,0
29.5,80.1,13.2,14.7,3,89.7,0,3,0.152,Low,0
33.8,52.6,4.4,0.0,11,71.9,1,8,0.944,Critical,1
24.0,83.3,2.2,8.9,0,94.5,0,3,0.05,Low,1
26.3,73.8,10.9,13.2,0,95.0,1,1,0.0,Low,0
34.3,34.0,4.0,0.0,10,74.6,0,6,0.815,Critical,1
32.1,25.0,13.2,0.0,17,56.1,1,6,1.0,Critical,1
27.8,95.0,2.9,1.0,10,71.4,0,3,0.224,Low,0
27.8,86.8,11.7,6.1,4,86.4,0,4,0.025,Low,0
29.0,79.2,18.9,2.4,2,92.0,1,4,0.477,Medium,0
25.2,71.5,5.8,6.8,0,95.0,0,2,0.02,Low,0
31.8,71.3,9.2,15.6,1,95.0,1,10,0.307,Low,1
28.3,61.3,14.1,0.0,12,66.7,0,9,0.493,Medium,0
26.1,79.8,8.7,34.8,0,95.0,0,4,0.045,Low,0
32.1,68.6,5.4,0.0,12,68.5,0,7,0.56,High,0
25.9,88.0,5.2,63.9,4,85.5,0,4,0.0,Low,0
31.2,29.7,4.9,0.4,19,50.6,1,8,1.0,Critical,1
33.8,66.0,12.9,0.0,14,64.4,1,6,1.0,Critical,1
28.0,81.2,7.5,22.2,0,95.0,0,10,0.0,Low,0
28.6,81.8,16.4,10.2,3,89.3,1,12,0.263,Low,0
28.7,43.7,8.5,1.5,15,59.4,1,8,0.715,High,1
38.0,37.0,10.2,2.4,0,95.0,0,6,0.669,High,1
31.1,65.9,6.2,0.0,10,73.0,0,8,0.515,Medium,1
29.5,67.3,27.4,12.2,0,95.0,0,11,0.259,Low,0
27.9,89.7,3.1,7.3,3,89.0,0,4,0.176,Low,1
31.7,63.1,18.3,1.3,8,78.3,0,7,0.489,Medium,0
25.5,94.6,5.6,2.2,1,92.7,0,4,0.151,Low,0
28.3,70.8,25.8,2.5,3,89.2,0,5,0.369,Medium,0
33.7,61.5,6.1,1.1,23,41.9,0,9,0.608,High,0
35.4,25.0,6.7,3.2,2,95.0,1,6,0.931,Critical,1
33.4,40.7,9.6,1.8,11,71.7,0,8,0.589,High,1
26.7,83.7,3.5,3.6,0,95.0,1,1,0.068,Low,0
27.9,71.8,9.2,16.3,1,93.9,1,11,0.0,Low,0
33.3,36.2,3.6,0.0,19,51.7,0,9,0.816,Critical,1
26.5,83.9,4.6,5.8,0,95.0,0,11,0.0,Low,0
33.2,66.4,45.0,0.0,18,54.1,1,6,1.0,Critical,1
29.0,60.2,1.9,10.3,1,94.5,1,11,0.25,Low,0
28.1,76.7,14.6,0.4,9,74.0,1,12,0.585,High,1
28.2,77.6,7.7,14.9,3,89.1,0,11,0.006,Low,0
28.3,83.6,25.1,1.6,9,74.2,0,5,0.335,Low,0
25.5,93.7,8.8,11.5,4,85.3,1,11,0.0,Low,0
24.9,62.5,3.3,3.8,1,92.4,0,10,0.015,Low,0
26.3,73.2,5.1,10.3,1,93.2,1,3,0.0,Low,0
28.2,91.3,6.7,0.5,18,51.6,0,4,0.428,Medium,1
30.3,66.5,7.0,0.9,18,52.6,1,8,0.921,Critical,1
25.7,79.3,4.4,10.0,4,85.4,0,10,0.0,Low,0
28.0,59.4,6.1,11.8,0,95.0,1,1,0.117,Low,0
35.2,43.9,4.8,4.1,2,95.0,0,9,0.598,High,1
27.4,88.9,17.7,6.6,1,93.7,0,3,0.0,Low,0
31.6,50.4,9.3,1.9,7,80.8,1,6,0.755,Critical,0
26.5,69.0,5.1,19.0,1,93.3,0,12,0.142,Low,0
27.8,77.5,18.2,4.6,2,91.4,0,5,0.047,Low,0
26.9,75.0,13.5,18.6,4,85.9,0,2,0.0,Low,0
28.8,82.7,17.5,1.6,7,79.4,1,4,0.394,Medium,0
26.5,73.7,5.2,7.6,1,93.2,0,3,0.1,Low,0
32.8,71.5,2.3,0.0,7,81.4,0,6,0.364,Medium,0
26.3,66.4,9.8,8.5,1,93.2,0,1,0.029,Low,0
32.6,68.2,7.4,0.0,9,76.3,1,9,0.828,Critical,1
27.0,72.0,9.6,20.4,1,93.5,1,12,0.037,Low,1
27.5,71.5,8.9,47.3,2,91.3,1,12,0.0,Low,1
24.1,80.7,2.4,11.8,0,94.6,0,10,0.026,Low,0
31.3,60.5,7.7,0.0,15,60.7,1,8,0.884,Critical,0
27.4,95.0,33.4,15.4,4,86.2,1,1,0.135,Low,0
28.0,90.4,4.8,0.4,6,81.5,0,2,0.339,Low,1
29.9,36.1,19.3,8.7,1,94.9,0,9,0.377,Medium,0
24.3,82.0,39.4,2.0,6,79.7,1,5,0.405,Medium,0
32.7,44.4,10.7,0.0,7,81.3,1,9,0.81,Critical,1
27.3,73.4,3.4,1.1,5,83.7,0,1,0.092,Low,1
27.3,73.7,0.9,8.6,0,95.0,0,10,0.0,Low,0
28.7,68.4,7.2,49.5,3,89.3,1,2,0.191,Low,0
27.4,86.8,2.4,24.9,2,91.2,0,4,0.0,Low,0
29.1,81.9,5.2,0.2,22,42.1,0,12,0.396,Medium,0
27.3,74.8,1.9,19.9,2,91.1,0,2,0.015,Low,0
25.5,80.8,3.2,2.8,0,95.0,0,5,0.139,Low,0
28.0,81.0,11.1,7.0,3,89.0,1,4,0.077,Low,0
28.8,75.3,7.0,0.6,10,71.9,0,1,0.284,Low,0
30.3,79.4,18.7,15.2,0,95.0,0,11,0.234,Low,0
24.0,83.2,3.7,37.3,3,87.0,0,1,0.039,Low,0
29.7,79.3,7.2,9.1,4,87.4,1,10,0.207,Low,0
29.8,81.3,14.0,10.0,3,89.9,1,11,0.171,Low,0
26.6,85.7,17.7,22.2,1,93.3,1,3,0.055,Low,0
31.6,48.3,26.2,1.5,14,63.3,0,6,0.632,High,1
26.7,77.5,24.0,13.2,2,90.8,0,5,0.055,Low,0
28.9,85.5,20.1,15.0,3,89.4,0,3,0.056,Low,0
28.2,78.2,2.2,3.7,4,86.6,1,3,0.178,Low,0
24.1,92.5,2.2,10.3,1,92.1,1,2,0.0,Low,0
28.8,56.8,27.4,0.0,19,49.4,1,8,0.84,Critical,1
26.2,63.1,22.2,11.5,2,90.6,1,5,0.146,Low,0
29.8,78.1,4.3,8.1,2,92.4,1,11,0.123,Low,0
32.4,46.6,17.1,1.2,22,43.7,0,6,0.7,High,1
28.4,76.9,3.6,27.5,2,91.7,1,3,0.177,Low,1
27.0,77.0,4.1,15.9,4,86.0,1,5,0.0,Low,1
28.7,72.8,6.4,10.4,3,89.3,0,5,0.034,Low,0
24.1,77.3,10.7,12.6,3,87.0,0,3,0.035,Low,0
24.4,74.2,9.0,5.3,1,92.2,1,1,0.074,Low,0
27.3,85.5,6.3,17.8,3,88.6,1,12,0.084,Low,0
33.3,57.4,5.6,0.0,9,76.7,0,9,0.638,High,0
32.8,47.1,19.4,0.8,16,58.9,0,9,0.733,High,0
26.2,70.8,7.5,12.7,3,88.1,0,3,0.0,Low,0
32.4,59.0,6.1,10.5,4,88.7,1,8,0.369,Medium,1
30.2,79.9,3.5,6.2,4,87.6,1,3,0.359,Medium,1
30.7,82.6,13.2,7.1,1,95.0,1,11,0.519,Medium,0
32.7,61.4,12.6,5.3,3,91.4,0,7,0.24,Low,0
27.3,57.8,13.6,0.0,15,58.6,1,6,0.568,High,1
33.8,60.8,4.4,0.0,5,86.9,0,8,0.566,High,1
29.4,79.7,4.7,21.8,1,94.7,1,3,0.14,Low,0
31.0,25.0,4.8,2.9,0,95.0,0,8,0.607,High,1
26.5,80.1,19.5,22.8,3,88.2,0,5,0.01,Low,0
31.2,45.1,3.7,2.2,1,95.0,1,7,0.735,High,0
27.8,83.2,5.9,15.3,0,95.0,0,3,0.0,Low,0
25.3,74.3,8.7,12.5,3,87.7,0,2,0.0,Low,0
30.2,31.5,6.5,0.0,21,45.1,0,8,0.803,Critical,1
30.3,27.2,7.6,0.0,18,52.7,1,6,0.991,Critical,1
28.3,82.3,3.8,3.1,3,89.1,1,5,0.256,Low,0
24.0,87.9,11.9,8.1,3,87.0,0,2,0.0,Low,0
32.7,32.1,8.5,0.0,23,41.4,1,7,0.916,Critical,1
26.8,93.3,8.8,9.2,4,85.9,1,2,0.0,Low,0
31.0,35.9,15.3,0.0,14,63.0,0,8,0.809,Critical,1
29.0,69.5,7.5,23.6,3,89.5,1,1,0.265,Low,1
35.5,58.0,13.1,0.8,18,55.3,0,9,0.786,Critical,1
26.6,87.3,7.1,1.9,11,68.3,1,12,0.271,Low,0
27.4,84.1,11.5,6.5,1,93.7,0,10,0.153,Low,0
24.0,81.1,3.5,1.5,10,69.5,0,11,0.145,Low,0
33.7,39.9,5.3,2.9,2,94.4,0,8,0.7,High,1
26.6,80.8,12.2,39.8,3,88.3,1,1,0.097,Low,1
30.4,73.2,5.7,1.4,16,57.7,0,4,0.359,Medium,1
31.2,51.8,10.2,0.0,16,58.1,0,9,0.7,High,0
28.5,78.0,5.1,4.0,4,86.8,0,10,0.089,Low,0
24.0,79.4,14.4,6.9,3,87.0,1,5,0.01,Low,0
28.7,50.9,7.3,2.1,4,86.9,0,6,0.322,Low,0
27.9,73.4,5.2,17.3,4,86.5,1,5,0.02,Low,0
26.0,84.2,11.3,0.1,15,58.0,1,5,0.449,Medium,0
25.1,84.9,6.0,1.5,6,80.1,1,5,0.169,Low,0
26.5,91.7,15.2,2.6,4,85.8,0,2,0.087,Low,0
33.4,48.6,8.0,0.0,15,61.7,1,9,0.915,Critical,1
31.5,34.7,4.9,1.1,5,85.7,0,9,0.46,Medium,0
27.8,78.3,2.4,20.0,0,95.0,1,1,0.0,Low,1
33.6,48.8,3.2,0.0,16,59.3,0,9,0.797,Critical,0
24.7,84.9,12.4,23.4,2,89.8,1,12,0.028,Low,0
25.1,86.4,13.3,18.7,3,87.6,0,2,0.12,Low,0
33.0,55.8,5.6,4.1,0,95.0,0,9,0.3,Low,1
38.0,46.2,16.5,0.0,18,56.5,1,8,1.0,Critical,1
24.1,81.5,6.3,5.1,4,84.5,0,11,0.117,Low,0
25.9,74.9,23.7,19.9,2,90.5,0,11,0.099,Low,0
25.8,75.1,6.4,4.3,2,90.4,0,1,0.0,Low,0
26.9,77.6,5.7,10.6,3,88.5,1,1,0.0,Low,0
29.7,69.7,18.1,4.7,1,94.8,1,11,0.33,Low,0
32.9,33.1,6.6,2.7,1,95.0,0,6,0.537,Medium,1
32.4,47.4,13.9,0.0,16,58.7,0,7,0.763,Critical,1
28.2,75.3,12.6,11.5,1,94.1,1,3,0.152,Low,0
25.0,73.6,16.1,17.3,1,92.5,1,1,0.001,Low,0
27.1,69.0,3.0,3.2,2,91.0,0,4,0.118,Low,0
25.6,82.3,6.7,11.9,2,90.3,0,4,0.0,Low,0
31.7,73.0,11.1,0.0,24,38.3,0,6,0.486,Medium,1
25.0,83.0,10.4,4.2,1,92.5,0,11,0.059,Low,0
26.3,79.0,13.6,1.1,8,75.6,1,11,0.226,Low,0
28.8,87.7,5.1,46.9,4,86.9,1,5,0.126,Low,0
26.0,72.4,6.2,7.6,3,88.0,0,1,0.033,Low,0
25.4,30.4,12.9,0.0,14,60.2,1,8,0.893,Critical,1
24.8,80.4,5.3,7.7,1,92.4,0,3,0.076,Low,0
25.0,79.9,9.1,12.2,4,85.0,0,11,0.0,Low,0
28.9,78.7,1.8,20.1,1,94.5,0,1,0.067,Low,0
24.9,71.3,9.3,15.1,0,95.0,0,10,0.0,Low,0
30.8,44.9,11.1,3.0,0,95.0,1,8,0.622,High,1
33.6,52.2,13.3,1.1,21,46.8,1,7,0.993,Critical,1
27.0,72.1,15.0,12.6,2,91.0,0,12,0.002,Low,0
25.2,83.3,6.4,11.5,1,92.6,1,11,0.0,Low,0
27.2,70.1,7.7,1.5,19,48.6,0,4,0.237,Low,0
27.1,80.1,13.2,4.4,4,86.1,0,12,0.14,Low,0
27.9,57.5,16.0,17.0,0,95.0,0,2,0.0,Low,0
24.0,70.5,11.7,23.9,3,87.0,0,2,0.145,Low,0
27.3,69.7,7.7,2.8,1,93.7,1,5,0.199,Low,1
25.6,71.0,21.0,0.1,15,57.8,0,11,0.404,Medium,0
29.5,74.0,2.8,8.7,4,87.2,1,10,0.116,Low,0
26.9,80.2,4.3,3.3,1,93.4,0,4,0.0,Low,0
32.6,39.4,27.9,0.0,9,76.3,0,9,0.831,Critical,1
26.5,80.5,2.9,19.6,3,88.3,1,1,0.0,Low,0
27.4,80.5,10.8,10.3,1,93.7,0,11,0.06,Low,0
25.0,76.2,8.0,2.9,4,85.0,1,10,0.161,Low,0
25.4,79.4,21.8,1.1,12,65.2,1,4,0.455,Medium,0
25.7,73.8,0.9,13.5,0,95.0,1,5,0.04,Low,0
25.9,85.3,5.5,1.9,19,47.9,0,4,0.232,Low,0
24.0,73.3,8.3,0.8,6,79.5,0,5,0.213,Low,0
30.1,33.3,8.6,0.0,9,75.0,1,9,1.0,Critical,1
28.4,81.1,16.7,5.4,2,91.7,1,11,0.218,Low,0
29.0,73.1,14.4,2.3,3,89.5,0,12,0.268,Low,0
32.0,45.5,12.4,6.0,4,88.5,1,8,0.605,High,0
26.6,86.7,9.0,0.2,8,75.8,0,1,0.219,Low,0
31.5,34.5,8.3,0.0,20,48.3,0,8,0.779,Critical,1
29.0,82.2,4.9,27.5,3,89.5,0,10,0.097,Low,0
27.6,81.9,14.4,7.3,1,93.8,0,10,0.096,Low,0
31.6,25.0,11.4,0.0,14,63.3,0,8,0.802,Critical,1
24.0,78.7,3.0,69.0,1,92.0,1,5,0.0,Low,0
26.8,74.4,4.6,37.4,4,85.9,1,11,0.0,Low,0
29.5,55.3,9.6,0.0,16,57.3,0,7,0.444,Medium,1
25.7,71.8,4.2,11.3,2,90.4,0,4,0.017,Low,0
30.9,61.6,12.2,0.0,17,55.5,0,7,0.621,High,1
29.9,26.3,9.2,5.8,1,94.9,0,8,0.402,Medium,1
28.6,73.1,9.0,2.2,0,95.0,1,6,0.243,Low,0
32.1,57.3,10.7,0.0,16,58.6,1,6,0.895,Critical,0
25.1,79.3,9.4,2.6,3,87.5,1,3,0.217,Low,0
28.3,88.1,11.2,28.4,0,95.0,0,11,0.091,Low,0
26.4,55.8,14.9,0.1,12,65.7,1,9,0.617,High,0
33.1,53.5,4.4,9.2,3,91.5,0,6,0.352,Medium,1
26.5,80.7,6.0,14.1,4,85.8,1,3,0.0,Low,0
31.7,48.4,7.3,0.0,24,38.4,0,8,0.679,High,1
24.0,82.7,27.8,27.4,1,92.0,0,1,0.093,Low,0
33.4,25.0,8.9,0.0,16,59.2,0,7,0.822,Critical,1
34.9,38.2,5.2,0.0,18,54.9,1,8,0.955,Critical,1
26.2,69.2,6.7,23.7,3,88.1,0,3,0.095,Low,0
31.7,45.4,2.5,0.0,16,58.4,0,9,0.622,High,1
32.9,45.9,5.9,0.0,11,71.5,0,7,0.687,High,1
32.0,72.9,25.9,35.4,3,91.0,1,1,0.486,Medium,1
24.0,77.0,18.8,12.2,4,84.5,1,5,0.04,Low,0
24.5,82.3,7.2,27.1,3,87.2,0,10,0.0,Low,0
27.2,74.7,7.4,1.9,20,46.1,0,2,0.272,Low,0
25.2,91.7,2.2,20.8,2,90.1,1,4,0.0,Low,0
31.1,87.4,13.7,4.6,4,88.0,1,2,0.403,Medium,0
27.2,72.6,0.7,10.5,4,86.1,0,5,0.0,Low,0
27.8,63.6,14.2,35.1,4,86.4,1,5,0.033,Low,0
30.5,49.6,21.4,0.0,24,37.7,0,9,0.743,High,1
27.3,67.8,27.5,4.1,1,93.6,0,12,0.25,Low,0
30.9,37.2,3.5,2.6,4,88.0,0,8,0.56,High,0
29.5,74.8,7.2,14.4,2,92.3,0,1,0.167,Low,0
38.0,69.5,14.6,3.8,1,95.0,1,8,0.636,High,0
29.7,74.6,4.1,27.3,4,87.3,0,3,0.074,Low,0
32.6,54.6,10.1,0.0,9,76.3,0,7,0.594,High,1
29.6,78.7,1.8,1.3,14,62.3,0,11,0.402,Medium,0
31.2,45.3,10.5,2.2,3,90.6,0,9,0.388,Medium,1
25.2,91.8,14.6,26.8,2,90.1,1,3,0.1,Low,1
26.2,65.5,10.7,32.0,3,88.1,1,5,0.093,Low,0
28.7,64.9,12.4,1.5,23,39.4,0,1,0.394,Medium,0
29.9,34.4,8.9,0.0,19,49.9,1,8,1.0,Critical,1
28.4,72.9,16.9,52.4,2,91.7,1,2,0.151,Low,1
32.5,48.8,2.9,0.0,16,58.8,0,6,0.686,High,0
27.2,76.2,9.1,8.5,2,91.1,1,11,0.0,Low,0
28.3,56.3,5.8,7.6,2,91.7,0,8,0.201,Low,0
26.1,63.3,13.3,1.3,18,50.6,1,12,0.507,Medium,1
27.1,41.5,11.6,0.0,21,43.5,0,7,0.431,Medium,0
26.3,78.8,9.7,7.5,4,85.6,1,1,0.031,Low,0
27.7,80.5,11.1,1.4,14,61.3,0,12,0.196,Low,0
26.0,81.9,6.8,24.4,0,95.0,1,5,0.002,Low,0
28.8,68.6,9.5,9.4,1,94.4,0,2,0.156,Low,0
37.5,52.1,20.1,0.0,10,76.3,0,7,0.686,High,1
25.3,84.3,12.3,0.2,6,80.2,0,11,0.26,Low,1
25.7,81.3,12.7,4.9,4,85.4,0,5,0.0,Low,0
30.6,25.0,8.6,0.0,11,70.3,0,9,0.747,High,1
34.3,39.3,7.1,3.9,2,94.6,0,8,0.577,High,1
25.6,76.2,8.1,11.1,4,85.3,0,1,0.052,Low,0
28.9,78.3,5.8,1.1,13,64.5,0,4,0.271,Low,1
28.6,46.4,13.7,0.0,17,54.3,1,7,1.0,Critical,1
26.1,88.7,24.6,5.0,0,95.0,0,10,0.051,Low,0
26.9,68.8,2.1,15.4,1,93.4,1,12,0.0,Low,0
36.9,63.9,23.1,0.0,14,66.0,0,7,0.786,Critical,1
31.8,31.1,6.9,0.0,22,43.4,0,7,0.807,Critical,1
30.6,73.4,9.4,14.2,1,95.0,1,4,0.224,Low,0
30.3,65.3,6.1,7.7,1,95.0,1,2,0.438,Medium,1
27.5,78.8,5.3,16.5,4,86.3,0,1,0.065,Low,0
33.0,48.1,3.5,0.0,22,44.0,1,7,0.9,Critical,1
28.2,87.3,15.6,2.8,0,95.0,0,5,0.185,Low,0
30.8,55.9,6.6,1.6,13,65.4,1,7,0.731,High,1
24.0,91.1,6.0,31.0,3,87.0,0,3,0.026,Low,0
29.4,72.0,8.3,8.5,2,92.2,0,10,0.116,Low,0
24.0,83.3,11.4,15.2,1,92.0,0,5,0.048,Low,0
28.1,77.0,3.6,7.8,1,94.1,1,3,0.171,Low,0
36.5,62.5,23.6,0.0,24,40.7,1,9,0.937,Critical,1
25.8,62.9,6.9,32.0,3,87.9,0,4,0.021,Low,0
32.4,49.8,5.3,2.3,2,93.7,0,9,0.392,Medium,0
31.0,62.0,7.1,3.9,3,90.5,1,6,0.435,Medium,0
26.2,78.9,1.9,19.3,2,90.6,0,4,0.0,Low,0
26.0,57.4,5.7,8.1,2,90.5,0,11,0.0,Low,1
33.4,49.2,9.1,1.9,21,46.7,0,6,0.677,High,0
33.9,51.2,1.8,0.0,13,67.0,0,7,0.704,High,1
25.8,67.1,8.3,5.6,0,95.0,1,11,0.205,Low,0
32.4,38.2,12.7,0.0,22,43.7,1,8,1.0,Critical,1
29.6,83.4,8.3,13.4,4,87.3,0,4,0.079,Low,0
24.0,78.6,19.2,11.5,2,89.5,0,1,0.088,Low,1
35.1,52.3,5.6,0.0,8,80.0,0,7,0.726,High,1
27.9,78.3,3.6,5.4,1,94.0,1,4,0.137,Low,0
29.8,45.6,10.1,9.5,4,87.4,1,9,0.338,Low,0
28.7,52.5,3.9,2.0,3,89.3,0,8,0.397,Medium,0
32.8,54.8,21.3,0.8,20,48.9,0,8,0.786,Critical,1
25.0,84.8,9.6,63.6,3,87.5,1,5,0.035,Low,0
27.5,65.5,15.7,19.3,0,95.0,0,3,0.098,Low,0
27.0,62.8,4.3,21.0,1,93.5,0,3,0.171,Low,0
28.6,95.0,6.2,28.7,0,95.0,0,4,0.106,Low,0
33.2,42.7,15.5,1.3,21,46.6,1,7,1.0,Critical,1
28.1,82.7,5.7,6.7,3,89.1,0,5,0.16,Low,0
32.4,80.3,6.4,19.5,0,95.0,0,5,0.173,Low,0
30.8,55.4,18.0,0.0,23,40.4,0,9,0.677,High,1
27.6,74.8,4.7,18.3,2,91.3,1,1,0.0,Low,0
26.9,78.2,4.3,11.0,4,86.0,0,4,0.0,Low,0
26.4,75.6,1.1,2.9,2,90.7,0,10,0.018,Low,0
27.7,87.6,9.7,4.9,2,91.4,0,2,0.038,Low,0
24.7,75.8,14.2,21.8,0,94.8,0,3,0.024,Low,0
30.3,53.8,7.1,0.3,20,47.6,0,6,0.726,High,1
31.0,69.4,15.7,0.0,5,85.5,1,8,0.668,High,0
34.6,50.2,32.7,3.7,4,89.8,0,7,0.536,Medium,0
30.7,74.9,19.4,10.3,4,87.9,0,4,0.24,Low,0
28.7,75.4,2.6,4.8,3,89.4,1,10,0.202,Low,0
32.5,53.7,7.1,0.0,6,83.7,0,8,0.588,High,0
30.4,75.3,17.9,8.0,0,95.0,0,10,0.277,Low,1
28.0,73.3,7.3,16.6,2,91.5,0,4,0.061,Low,0
30.2,65.3,3.7,2.9,1,95.0,0,5,0.305,Low,0
28.8,76.1,2.8,32.3,2,91.9,1,5,0.135,Low,0
31.5,38.8,6.0,1.7,7,80.8,0,7,0.569,High,1
24.4,71.7,3.8,3.2,2,89.7,0,10,0.088,Low,0
27.2,62.1,14.3,8.2,2,91.1,0,10,0.157,Low,0
26.1,84.0,2.0,2.1,2,90.6,1,11,0.207,Low,0
25.7,84.6,3.2,27.6,4,85.4,0,10,0.082,Low,0
33.7,58.9,4.3,8.1,4,89.4,0,7,0.345,Low,0
30.1,52.4,1.5,0.0,7,80.1,0,7,0.644,High,0
28.3,80.7,33.3,54.4,3,89.1,1,12,0.287,Low,0
30.8,48.1,4.7,5.0,2,92.9,1,9,0.567,High,1
27.2,78.1,6.3,17.1,4,86.1,1,4,0.0,Low,0
26.5,80.3,1.9,16.8,3,88.3,1,10,0.0,Low,1
26.0,82.0,13.1,36.3,1,93.0,1,12,0.069,Low,0
30.4,46.1,8.5,0.0,9,75.2,1,8,0.93,Critical,1
31.6,46.8,8.8,1.4,22,43.3,0,8,0.609,High,1
33.1,54.2,3.4,0.0,23,41.5,1,7,1.0,Critical,0
28.8,70.7,5.0,4.7,3,89.4,0,5,0.132,Low,0
24.1,74.8,20.2,17.0,4,84.6,1,3,0.096,Low,0
25.6,71.3,17.3,1.5,14,60.3,0,11,0.217,Low,0
29.8,64.6,10.4,32.4,1,94.9,1,10,0.225,Low,0
26.3,79.1,19.2,20.0,1,93.2,0,11,0.091,Low,0
27.9,78.8,13.6,12.8,4,86.4,1,3,0.04,Low,0
29.6,84.7,11.8,12.7,0,95.0,1,10,0.079,Low,0
34.7,49.2,26.4,0.0,19,52.3,0,6,0.89,Critical,1
29.8,85.5,6.4,2.4,3,89.9,0,3,0.142,Low,0
31.4,59.1,4.4,2.2,2,93.2,1,6,0.478,Medium,0
30.5,78.4,26.2,50.0,2,92.8,0,4,0.344,Low,0
27.2,70.1,19.4,18.5,3,88.6,0,1,0.128,Low,0
26.8,57.3,10.8,38.0,4,85.9,0,1,0.048,Low,0
28.2,69.4,3.2,14.9,0,95.0,1,1,0.227,Low,0
31.6,39.9,3.8,0.0,14,63.3,0,7,0.845,Critical,1
28.5,49.5,2.8,0.0,5,84.2,0,7,0.361,Medium,0
29.6,51.6,19.1,1.3,8,77.3,1,6,0.652,High,0
29.1,68.5,18.1,0.0,17,54.5,0,6,0.653,High,0
27.4,80.8,13.6,1.7,22,41.2,0,2,0.281,Low,0
24.0,75.7,13.5,8.5,0,94.5,0,1,0.0,Low,0
26.1,71.1,18.1,21.9,0,95.0,1,12,0.037,Low,0
28.4,79.3,11.7,13.8,2,91.7,1,12,0.218,Low,1
26.9,69.6,34.5,10.6,1,93.4,0,4,0.23,Low,0
26.1,83.6,20.9,25.1,1,93.1,0,11,0.114,Low,0
37.5,56.9,12.1,0.0,10,76.3,0,6,0.584,High,1
31.8,65.0,7.5,0.0,21,45.9,1,6,0.798,Critical,1
26.1,75.2,5.9,2.9,1,93.1,0,11,0.093,Low,0
27.8,86.0,28.9,2.0,10,71.4,0,3,0.275,Low,0
26.6,81.5,10.9,1.0,7,78.3,1,3,0.314,Low,0
32.8,54.7,9.1,0.0,6,83.9,0,6,0.6,High,1
27.9,72.9,4.2,13.2,0,95.0,1,4,0.0,Low,0
27.3,73.8,2.3,36.7,0,95.0,1,2,0.02,Low,0
35.6,43.7,0.5,0.0,14,65.3,0,6,0.74,High,1
28.7,70.1,8.9,10.8,4,86.9,1,12,0.089,Low,0
27.7,91.9,9.8,7.3,1,93.9,1,3,0.058,Low,0
26.6,83.2,9.5,32.7,4,85.8,0,5,0.032,Low,1
32.9,59.1,14.7,1.9,19,51.5,0,7,0.511,Medium,0
28.3,78.8,3.2,28.6,3,89.1,1,4,0.165,Low,1
25.6,82.3,21.0,98.6,4,85.3,1,3,0.076,Low,0
25.3,66.6,11.5,3.8,2,90.1,0,10,0.09,Low,0
27.4,80.3,18.4,2.1,1,93.7,0,4,0.145,Low,1
26.0,84.9,8.5,0.8,22,40.5,0,12,0.335,Low,0
27.9,73.8,15.0,2.0,4,86.4,0,5,0.132,Low,0
30.4,30.4,2.9,0.0,20,47.7,0,8,0.794,Critical,1
24.0,81.6,5.0,0.9,14,59.5,1,3,0.401,Medium,0
24.0,74.9,25.6,32.7,0,94.5,0,2,0.107,Low,0
25.0,78.4,3.4,13.1,3,87.5,0,12,0.0,Low,1
25.9,81.0,31.7,5.3,2,90.4,1,2,0.266,Low,0
30.3,71.5,5.7,5.7,0,95.0,1,4,0.37,Medium,0
27.4,81.6,10.6,10.9,3,88.7,1,1,0.052,Low,0
30.0,78.3,2.5,38.7,4,87.5,0,3,0.105,Low,0
32.4,40.0,3.5,0.5,11,71.2,1,9,0.983,Critical,1
30.1,76.2,13.5,3.9,2,92.6,0,5,0.359,Medium,0
28.3,72.5,7.1,11.9,0,95.0,0,10,0.093,Low,0
26.6,90.6,11.1,5.1,4,85.8,0,1,0.007,Low,0
34.6,38.7,5.9,0.0,17,57.3,0,6,0.84,Critical,1
28.1,59.6,1.9,9.4,4,86.6,0,9,0.064,Low,0
25.2,86.2,4.0,23.8,3,87.6,0,1,0.0,Low,0
29.8,61.4,10.3,29.9,0,95.0,0,10,0.091,Low,0
35.9,41.1,23.8,0.0,15,62.9,0,9,0.85,Critical,1
30.1,51.3,10.8,0.0,23,40.1,1,6,1.0,Critical,1
28.1,75.4,19.8,0.0,11,69.1,1,7,0.628,High,1
25.6,79.5,7.4,3.2,2,90.3,1,4,0.179,Low,0
26.6,63.6,8.0,18.7,0,95.0,0,4,0.132,Low,0
24.0,74.1,8.4,4.7,3,87.0,1,5,0.14,Low,0
32.3,40.9,10.3,0.0,16,58.6,1,7,0.974,Critical,1
33.2,59.0,9.6,0.0,8,79.1,0,7,0.581,High,0
26.9,75.0,4.7,5.6,4,86.0,1,4,0.105,Low,0
29.3,71.3,15.3,3.6,2,92.2,0,3,0.182,Low,0
27.8,70.5,8.1,7.2,4,86.4,0,12,0.041,Low,0
34.6,54.7,10.6,8.8,2,94.8,0,6,0.477,Medium,0
33.2,54.1,18.2,0.0,23,41.6,1,9,1.0,Critical,1
25.9,76.2,6.5,18.4,0,95.0,0,10,0.014,Low,0
35.0,49.0,28.7,0.0,20,50.0,0,7,0.979,Critical,1
24.0,70.9,7.6,6.3,3,87.0,0,3,0.041,Low,1
31.4,31.3,1.9,0.0,10,73.2,0,7,0.627,High,0
29.3,73.6,10.8,10.0,0,95.0,0,12,0.104,Low,0
24.2,73.9,8.6,43.8,4,84.6,1,10,0.02,Low,0
30.3,89.4,1.6,9.8,2,92.7,0,2,0.261,Low,0
29.6,65.1,1.8,9.4,3,89.8,0,4,0.192,Low,0
29.8,46.0,8.5,0.0,15,59.9,0,8,0.461,Medium,1
31.5,50.5,1.4,0.0,5,85.7,0,9,0.524,Medium,0
33.2,65.3,6.5,6.0,3,91.6,0,7,0.478,Medium,0
37.5,53.6,5.2,0.0,12,71.2,0,7,0.712,High,0
24.6,92.9,4.8,8.9,0,94.8,0,11,0.029,Low,0
27.8,79.1,7.3,0.7,24,36.4,0,4,0.426,Medium,0
33.2,59.7,12.5,0.0,17,56.6,0,7,0.737,High,1
26.3,88.2,15.4,4.6,4,85.6,0,12,0.0,Low,0
29.4,78.9,8.0,15.8,2,92.2,1,2,0.143,Low,0
30.7,36.1,12.5,0.1,18,52.9,1,8,1.0,Critical,1
28.0,74.8,11.0,8.0,0,95.0,1,11,0.075,Low,0
31.0,59.5,4.2,0.0,9,75.5,0,6,0.395,Medium,0
27.3,74.5,1.3,9.0,2,91.2,1,5,0.0,Low,0
35.0,46.7,7.6,1.6,11,72.5,1,6,0.923,Critical,1
28.3,90.7,4.5,16.7,1,94.2,0,4,0.13,Low,0
27.1,86.7,11.7,27.9,4,86.1,0,10,0.087,Low,0
28.8,79.5,2.0,2.2,1,94.4,1,2,0.226,Low,0
38.0,52.5,6.4,4.0,3,94.0,0,9,0.587,High,0
28.4,68.2,4.3,39.8,2,91.7,1,12,0.181,Low,0
30.5,33.4,8.1,1.1,23,40.2,0,8,0.703,High,1
30.5,25.0,5.8,0.0,18,52.7,1,7,1.0,Critical,0
26.1,79.6,15.3,21.4,3,88.1,0,5,0.0,Low,0
27.9,77.1,5.8,1.3,9,74.0,0,11,0.174,Low,0
25.7,86.7,9.4,23.8,4,85.4,1,12,0.0,Low,0
24.0,64.9,15.8,0.9,13,62.0,0,9,0.288,Low,0
33.7,62.1,5.2,0.0,6,84.4,1,9,0.922,Critical,1
33.1,56.0,3.0,0.0,8,79.0,1,8,0.88,Critical,1
28.6,77.7,4.8,1.6,23,39.3,1,1,0.565,High,0
32.0,77.3,11.0,14.8,0,95.0,0,11,0.127,Low,0
34.4,77.9,5.7,0.0,8,79.7,1,7,0.87,Critical,1
33.3,34.8,0.6,0.0,22,44.1,0,7,0.88,Critical,1
33.1,61.4,2.4,0.0,10,74.1,1,6,0.889,Critical,1
31.8,60.9,1.6,0.0,14,63.4,0,8,0.541,Medium,0
26.2,62.3,6.6,9.7,1,93.1,1,5,0.092,Low,0
32.1,68.7,9.9,0.0,15,61.0,0,6,0.514,Medium,0
28.8,45.5,6.0,1.5,24,36.9,0,7,0.471,Medium,0
26.7,64.0,4.8,31.2,2,90.9,1,2,0.147,Low,0
31.7,27.4,7.5,0.0,21,45.8,1,7,1.0,Critical,1
26.9,89.9,12.1,16.8,2,91.0,0,10,0.0,Low,0
27.2,74.3,8.2,12.4,0,95.0,0,4,0.107,Low,0
26.3,88.0,18.9,42.1,4,85.7,0,12,0.038,Low,0
28.6,44.2,6.1,0.0,12,66.8,0,9,0.523,Medium,0
30.4,53.9,19.9,0.0,13,65.2,0,6,0.679,High,1
34.6,59.0,24.1,0.0,12,69.8,1,9,1.0,Critical,0
29.2,31.9,3.7,0.0,13,64.6,0,6,0.572,High,1
28.0,80.3,12.7,5.2,2,91.5,0,12,0.167,Low,0
27.2,78.6,2.4,4.9,2,91.1,1,3,0.113,Low,0
31.0,78.0,12.5,0.1,18,53.0,0,4,0.57,High,1
28.4,95.0,2.6,3.2,1,94.2,0,3,0.123,Low,0
34.8,59.5,8.5,11.8,0,95.0,0,9,0.373,Medium,0
35.8,53.5,2.5,2.1,2,95.0,0,9,0.598,High,0
32.4,76.7,10.9,0.0,22,43.7,0,8,0.538,Medium,0
30.8,25.0,4.4,0.2,5,85.4,0,8,0.633,High,1
30.4,41.1,6.6,0.0,10,72.7,0,6,0.518,Medium,0
31.4,35.7,1.0,0.4,16,58.2,0,6,0.755,Critical,1
27.1,68.3,3.8,7.2,1,93.6,1,2,0.108,Low,0
24.0,92.3,0.5,19.3,0,94.5,0,4,0.0,Low,0
34.7,55.4,16.2,0.2,6,84.8,0,8,0.559,High,1
29.6,71.6,7.0,15.1,0,95.0,0,12,0.135,Low,0
25.4,63.3,13.6,34.7,1,92.7,0,10,0.077,Low,0
26.9,79.6,21.1,33.5,3,88.4,1,5,0.09,Low,0
30.5,75.7,6.3,22.2,4,87.8,0,1,0.107,Low,1
32.0,75.5,15.1,21.6,2,93.5,0,2,0.293,Low,0
28.8,75.8,0.9,0.8,11,69.4,1,10,0.523,Medium,1
26.3,79.6,24.6,2.7,4,85.7,1,3,0.219,Low,0
28.2,75.8,7.1,0.7,11,69.1,0,5,0.414,Medium,0
31.9,35.1,9.4,0.9,14,63.4,0,8,0.759,Critical,1
26.6,82.1,6.7,10.7,0,95.0,1,3,0.048,Low,0
24.5,84.0,8.1,28.5,0,94.7,1,5,0.0,Low,0
25.3,69.5,6.8,3.1,0,95.0,1,2,0.152,Low,0
28.1,73.8,2.6,21.5,2,91.5,1,5,0.134,Low,0
28.0,56.8,12.4,7.0,2,91.5,0,11,0.269,Low,1
35.2,45.8,11.4,0.0,19,52.6,0,7,0.806,Critical,1
24.0,73.8,8.8,8.3,1,92.0,0,1,0.003,Low,0
25.1,80.5,6.9,4.8,4,85.0,1,11,0.004,Low,0
24.0,72.3,17.9,14.3,0,94.5,0,12,0.056,Low,0
31.4,52.2,12.6,0.0,23,40.7,1,6,0.951,Critical,1
26.4,70.1,7.2,5.6,1,93.2,0,4,0.099,Low,1
28.4,81.9,7.1,19.9,4,86.7,0,4,0.05,Low,1
37.4,58.7,7.0,0.0,12,71.2,1,9,0.979,Critical,1
26.0,77.1,19.2,11.9,2,90.5,1,4,0.177,Low,0
28.4,89.6,4.5,24.7,4,86.7,0,5,0.113,Low,0
28.6,64.4,24.1,7.2,0,95.0,1,5,0.45,Medium,0
32.8,80.9,2.9,4.2,0,95.0,0,4,0.195,Low,0
25.5,69.5,9.9,40.5,1,92.8,0,1,0.059,Low,0
26.2,71.7,18.7,8.8,2,90.6,1,1,0.082,Low,0
27.5,78.3,6.3,36.1,0,95.0,1,5,0.0,Low,0
36.1,52.0,12.1,3.2,1,95.0,1,6,0.763,Critical,1
27.1,89.2,15.7,29.4,1,93.5,1,11,0.03,Low,0
31.6,78.6,13.4,1.9,15,60.8,0,11,0.353,Medium,0
28.6,86.5,4.7,6.2,4,86.8,1,3,0.286,Low,0
28.0,79.7,10.9,20.1,0,95.0,1,1,0.139,Low,0
31.0,81.1,10.3,2.4,0,95.0,0,2,0.252,Low,0
26.5,91.7,16.9,5.9,1,93.2,0,2,0.099,Low,0
34.2,65.7,8.9,0.0,7,82.1,1,6,0.923,Critical,1
28.6,71.1,6.9,37.0,2,91.8,1,11,0.074,Low,0
33.9,54.5,6.2,6.3,4,89.4,0,9,0.516,Medium,0
27.1,76.5,12.4,24.0,2,91.0,1,3,0.043,Low,0
27.2,73.2,13.2,6.5,2,91.1,1,5,0.116,Low,0
34.3,48.9,0.7,0.0,21,47.2,1,6,0.96,Critical,1
33.5,67.0,14.8,0.0,5,86.7,1,7,0.901,Critical,1
36.9,51.7,15.1,3.1,3,93.4,0,6,0.517,Medium,1
30.6,46.2,6.9,0.0,10,72.8,1,9,0.857,Critical,0
24.8,71.5,6.2,7.0,1,92.4,0,3,0.121,Low,0
26.9,83.3,7.1,4.4,1,93.5,0,11,0.034,Low,1
33.1,51.8,6.5,0.0,10,74.1,1,7,0.94,Critical,1
25.3,84.3,11.7,3.4,2,90.2,0,11,0.083,Low,0
25.6,67.1,9.6,5.7,3,87.8,0,10,0.034,Low,0
32.7,29.6,2.3,0.0,10,73.9,0,7,0.687,High,1
38.0,37.5,10.9,0.0,19,54.0,0,9,0.876,Critical,1
27.7,67.8,6.8,1.5,13,63.9,0,11,0.284,Low,0
34.4,44.0,4.0,0.0,5,87.2,1,7,0.934,Critical,0
25.2,80.8,7.1,46.4,3,87.6,0,3,0.025,Low,0
24.0,76.3,18.6,15.4,2,89.5,0,3,0.056,Low,0
35.2,30.9,7.2,0.0,22,45.1,1,8,0.956,Critical,1
27.6,84.1,9.1,7.9,2,91.3,0,5,0.089,Low,0
30.3,44.0,2.6,0.2,7,80.2,0,6,0.551,High,1
28.8,80.7,5.5,35.5,1,94.4,1,11,0.099,Low,0
28.5,78.7,7.9,3.9,0,95.0,0,1,0.189,Low,0
24.7,69.0,9.3,2.4,1,92.4,0,12,0.103,Low,0
24.3,79.4,8.5,59.9,2,89.6,0,4,0.115,Low,0
27.2,81.6,10.7,13.0,3,88.6,0,4,0.0,Low,1
24.0,79.7,5.4,4.3,3,87.0,0,12,0.049,Low,0
34.4,43.6,10.8,0.0,7,82.2,1,8,0.987,Critical,1
26.7,60.6,18.0,6.8,3,88.4,0,10,0.19,Low,0
26.0,80.7,9.7,41.9,4,85.5,0,10,0.0,Low,0
28.6,26.6,2.5,8.2,3,89.3,0,9,0.284,Low,0
28.5,80.8,1.8,1.3,10,71.7,0,1,0.176,Low,0
26.6,64.0,16.3,22.9,1,93.3,0,4,0.042,Low,0
30.8,69.2,3.6,0.5,17,55.4,0,8,0.545,Medium,0
29.0,86.0,8.7,2.7,2,92.0,1,2,0.304,Low,0
31.2,50.9,11.8,3.3,2,93.1,0,7,0.408,Medium,0
28.5,91.3,1.5,3.6,0,95.0,1,11,0.209,Low,0
30.7,43.3,20.2,0.0,15,60.3,1,7,1.0,Critical,1
31.0,56.0,16.3,1.6,20,48.0,1,7,0.794,Critical,0
24.9,87.4,6.4,10.2,4,84.9,1,4,0.0,Low,0
25.1,70.3,19.1,52.2,1,92.6,0,10,0.103,Low,0
28.2,75.4,8.2,34.9,4,86.6,1,11,0.139,Low,0
28.3,60.2,6.4,1.4,20,46.7,1,10,0.599,High,1
34.0,55.1,2.2,0.9,8,79.5,0,9,0.563,High,0
26.0,65.8,5.6,3.6,1,93.0,0,5,0.054,Low,0
33.7,38.5,31.1,3.4,1,95.0,0,9,0.646,High,1
29.2,91.5,2.8,45.4,3,89.6,0,2,0.115,Low,0
24.2,76.9,18.3,7.6,2,89.6,0,12,0.126,Low,0
25.6,76.4,6.1,4.6,2,90.3,0,5,0.112,Low,0
26.9,81.5,9.7,35.4,2,90.9,0,12,0.0,Low,0
34.6,66.3,41.8,0.0,18,54.8,0,6,0.789,Critical,0
24.3,78.6,9.3,53.2,1,92.2,0,12,0.014,Low,1
32.0,60.0,12.3,1.7,11,71.0,0,6,0.513,Medium,0
33.3,54.4,1.3,0.0,7,81.7,1,6,1.0,Critical,0
31.1,58.3,3.1,0.0,20,48.1,1,8,0.855,Critical,1
24.1,95.0,17.4,1.6,14,59.5,0,3,0.208,Low,0
24.7,88.5,25.4,9.3,3,87.4,0,12,0.055,Low,0
29.0,68.5,5.1,5.7,3,89.5,1,12,0.256,Low,0
30.8,72.3,8.4,0.0,10,72.9,0,8,0.429,Medium,0
24.0,86.3,22.3,16.4,0,94.5,1,4,0.035,Low,0
24.0,76.0,4.0,6.0,0,94.5,0,2,0.055,Low,0
26.1,27.0,2.4,0.0,7,78.1,0,6,0.41,Medium,1
28.2,80.0,14.9,13.8,3,89.1,1,12,0.165,Low,0
25.5,62.2,10.2,1.2,5,82.8,0,4,0.186,Low,0
26.6,73.9,5.0,9.0,1,93.3,0,1,0.0,Low,0
26.8,86.2,6.7,16.5,2,90.9,0,12,0.002,Low,0
28.8,42.1,8.4,4.1,4,86.9,0,7,0.305,Low,0
27.0,77.8,8.7,8.2,4,86.0,0,12,0.0,Low,0
26.0,69.7,7.5,0.3,15,58.0,0,2,0.299,Low,1
26.4,76.9,0.7,1.9,15,58.2,0,5,0.254,Low,0
30.4,68.2,1.2,33.3,3,90.2,1,1,0.36,Medium,1
28.5,55.3,12.7,4.4,4,86.8,0,6,0.24,Low,0
28.9,90.4,3.7,27.8,1,94.4,1,12,0.126,Low,0
31.7,70.0,2.5,0.8,5,85.9,0,5,0.478,Medium,0
25.4,92.1,16.7,21.0,1,92.7,0,12,0.047,Low,0
33.1,52.2,4.5,3.4,4,89.1,0,8,0.545,Medium,1
28.6,56.9,6.7,43.7,4,86.8,0,5,0.162,Low,0
26.5,82.7,6.1,14.6,1,93.3,0,11,0.055,Low,0
29.9,68.6,22.1,10.7,1,94.9,1,4,0.374,Medium,0
27.1,79.3,5.7,1.1,13,63.5,1,5,0.305,Low,0
25.0,74.0,14.2,17.8,1,92.5,0,2,0.029,Low,0
28.0,79.1,13.6,2.9,4,86.5,0,1,0.28,Low,0
27.1,83.8,2.7,46.0,4,86.1,0,12,0.021,Low,0
33.9,33.3,4.2,0.0,22,44.4,0,8,0.917,Critical,1
38.0,39.8,7.0,0.0,18,56.5,1,7,0.962,Critical,1
24.0,84.5,22.5,26.0,3,87.0,1,5,0.107,Low,0
25.5,81.6,14.4,18.9,3,87.7,1,11,0.053,Low,1
27.3,80.5,6.6,5.5,4,86.1,0,11,0.022,Low,0
30.7,31.1,13.5,0.4,20,47.9,1,7,1.0,Critical,1
25.2,95.0,17.1,0.8,12,65.1,0,1,0.293,Low,0
26.5,75.7,5.5,1.6,22,40.8,0,5,0.239,Low,0
24.4,84.6,2.6,53.0,1,92.2,0,4,0.0,Low,0
28.6,75.7,16.6,9.4,1,94.3,1,2,0.217,Low,0
24.0,74.3,15.1,7.7,1,92.0,0,12,0.111,Low,1
25.6,95.0,13.5,6.8,4,85.3,0,12,0.169,Low,0
27.9,84.0,3.0,1.7,5,83.9,1,11,0.106,Low,0
27.4,95.0,7.8,4.9,2,91.2,1,1,0.158,Low,0
25.5,79.2,24.4,12.3,1,92.8,1,5,0.062,Low,0
29.1,75.5,10.7,18.7,3,89.6,1,1,0.167,Low,0
29.3,52.8,0.9,0.0,6,82.2,1,8,0.715,High,1
34.0,46.8,15.7,0.0,23,42.0,1,8,0.953,Critical,1
31.0,48.2,4.4,0.9,24,38.0,0,8,0.735,High,0
32.6,61.6,0.9,1.1,16,58.8,0,7,0.594,High,1
25.4,87.4,1.3,26.7,1,92.7,0,2,0.0,Low,0
33.6,32.2,7.8,0.0,20,49.3,1,6,0.962,Critical,1
28.1,81.5,10.0,0.2,21,44.1,1,2,0.655,High,1
29.5,75.6,2.0,22.3,4,87.2,0,10,0.151,Low,0
32.4,39.5,2.3,0.0,11,71.2,0,8,0.818,Critical,1
31.4,55.8,5.5,0.0,14,63.2,1,7,0.828,Critical,1
36.7,29.4,7.1,0.0,24,40.9,0,6,0.926,Critical,1
30.4,60.3,26.0,3.5,1,95.0,0,6,0.332,Low,0
30.8,31.7,2.7,0.0,18,52.9,0,8,0.778,Critical,1
33.3,56.3,5.4,2.1,0,95.0,0,8,0.394,Medium,0
29.6,48.2,11.7,0.0,12,67.3,0,9,0.562,High,1
24.9,70.9,8.5,8.8,3,87.5,1,12,0.075,Low,0
29.8,54.8,11.6,0.0,18,52.4,1,7,0.839,Critical,1
32.1,41.9,9.3,0.0,19,51.1,1,9,1.0,Critical,1
30.2,45.5,10.4,0.0,19,50.1,0,9,0.713,High,0
25.0,71.2,5.2,14.6,2,90.0,0,5,0.011,Low,0
31.8,49.7,7.7,0.0,6,83.4,0,7,0.692,High,1
28.0,83.5,13.6,4.7,4,86.5,0,1,0.093,Low,0
28.7,71.0,11.5,2.4,3,89.3,0,3,0.106,Low,0
24.8,87.6,0.5,59.1,2,89.9,1,11,0.0,Low,0
32.0,44.1,4.9,0.0,23,41.0,0,8,0.718,High,1
27.3,72.0,9.4,22.4,1,93.7,0,4,0.005,Low,0
27.0,95.0,8.7,42.9,0,95.0,0,1,0.054,Low,0
31.0,93.1,2.0,23.8,4,88.0,1,2,0.25,Low,0
28.5,88.1,8.2,21.9,3,89.3,0,12,0.159,Low,1
32.3,49.2,13.6,6.7,2,93.7,0,6,0.521,Medium,1
31.8,29.5,15.7,0.0,9,75.9,0,9,0.602,High,1
31.5,85.3,16.3,8.8,1,95.0,0,4,0.228,Low,1
28.5,67.4,16.0,0.0,14,61.8,0,9,0.391,Medium,0
27.2,77.1,5.5,1.6,8,76.1,1,12,0.237,Low,0
26.2,82.1,3.1,18.8,4,85.6,0,5,0.0,Low,0
24.0,79.3,11.8,2.0,19,47.0,1,12,0.364,Medium,0
25.3,86.1,13.3,32.1,4,85.2,1,1,0.014,Low,1
33.9,42.5,1.9,1.8,8,79.5,1,7,0.878,Critical,1
28.9,61.5,20.8,51.1,2,92.0,0,4,0.313,Low,0
27.7,66.8,22.2,0.0,21,43.9,1,8,0.767,Critical,1
31.7,35.7,16.4,4.2,4,88.3,0,9,0.492,Medium,1
31.5,47.8,12.1,1.4,12,68.2,0,8,0.541,Medium,1
36.1,64.3,6.4,0.2,23,43.0,1,6,0.987,Critical,1
30.4,53.5,9.3,0.0,20,47.7,1,7,1.0,Critical,1
28.9,43.4,9.3,0.0,14,61.9,1,6,0.85,Critical,1
29.8,74.9,4.3,4.4,0,95.0,0,2,0.077,Low,0
31.1,53.8,18.6,0.0,24,38.0,1,7,1.0,Critical,1
26.1,78.5,3.3,20.0,0,95.0,0,10,0.032,Low,1
25.4,81.3,14.8,75.2,2,90.2,0,11,0.029,Low,0
24.0,76.6,5.2,2.9,1,92.0,0,3,0.029,Low,0
28.3,95.0,8.8,4.2,0,95.0,0,11,0.129,Low,0
29.8,33.3,0.4,0.0,21,44.9,1,6,1.0,Critical,1
27.5,79.7,19.6,7.7,1,93.8,1,10,0.168,Low,0
25.3,73.5,3.7,29.2,4,85.2,0,5,0.0,Low,1
28.7,93.8,4.9,18.9,1,94.4,1,11,0.113,Low,0
33.6,60.1,3.9,0.0,6,84.3,0,9,0.598,High,0
28.3,86.6,6.1,3.9,2,91.7,1,1,0.187,Low,0
34.3,60.7,7.5,0.0,14,64.7,0,9,0.631,High,0
32.1,51.2,5.0,2.8,1,95.0,0,6,0.542,Medium,0
24.3,87.2,6.6,15.8,4,84.6,1,11,0.078,Low,0
25.7,77.7,9.4,17.4,0,95.0,0,11,0.05,Low,0
25.0,81.3,18.0,23.3,3,87.5,0,1,0.048,Low,0
28.6,45.2,6.5,0.0,22,41.8,1,8,0.886,Critical,1
29.6,69.7,8.1,11.7,4,87.3,0,11,0.115,Low,0
33.8,41.2,3.0,0.0,10,74.4,1,7,1.0,Critical,1
27.1,49.6,2.6,0.7,15,58.5,0,6,0.573,High,1
29.6,58.2,30.7,3.5,3,89.8,0,9,0.226,Low,0
24.1,84.1,14.1,22.0,3,87.1,1,4,0.104,Low,0
36.3,54.8,11.7,0.0,16,60.6,1,9,0.977,Critical,1
26.6,83.1,7.2,15.0,4,85.8,0,3,0.0,Low,1
24.0,64.0,18.9,10.5,0,94.5,0,4,0.239,Low,1
37.8,62.9,4.0,0.0,11,73.9,1,8,0.987,Critical,1
24.9,66.1,20.9,2.9,3,87.5,0,5,0.191,Low,0
29.4,84.8,32.4,6.9,0,95.0,0,4,0.25,Low,0
37.2,34.5,0.9,0.0,7,83.6,1,8,1.0,Critical,0
24.3,86.2,14.4,35.7,0,94.6,1,2,0.123,Low,0
27.2,83.4,5.0,34.2,3,88.6,0,5,0.013,Low,0
30.4,29.9,12.1,0.0,19,50.2,1,6,0.923,Critical,1
36.0,48.1,13.3,0.6,23,43.0,1,8,0.942,Critical,1
27.5,34.8,33.2,2.0,8,76.2,0,7,0.426,Medium,0
35.4,49.8,1.1,0.4,19,52.7,0,6,0.848,Critical,1
32.4,43.7,3.9,2.6,0,95.0,1,6,0.726,High,0
32.5,69.4,3.5,0.0,12,68.7,0,8,0.57,High,1
28.3,72.9,2.2,13.4,2,91.6,0,10,0.133,Low,0
26.4,80.6,8.3,0.9,9,73.2,1,11,0.396,Medium,1
31.8,25.0,6.9,0.0,21,45.9,0,6,0.731,High,0
28.3,87.5,28.6,1.0,18,51.7,1,3,0.82,Critical,1
28.2,77.2,13.2,18.8,4,86.6,1,12,0.261,Low,0
34.6,33.4,4.1,0.0,6,84.8,0,6,0.802,Critical,1
25.8,88.8,7.1,48.9,1,92.9,1,4,0.0,Low,0
28.6,39.2,9.9,0.0,11,69.3,1,9,0.948,Critical,1
27.8,79.8,3.2,11.8,2,91.4,1,1,0.004,Low,0
26.9,57.9,6.0,0.0,20,46.0,0,8,0.529,Medium,0
28.6,63.9,8.9,22.5,2,91.8,0,1,0.204,Low,0
34.1,40.7,3.7,0.0,12,69.5,0,7,0.784,Critical,1
27.7,81.4,20.3,1.2,24,36.4,1,3,0.56,High,0
26.7,77.9,3.9,9.2,1,93.4,0,1,0.0,Low,0
33.0,48.0,7.7,0.6,18,54.0,1,8,1.0,Critical,0
32.7,57.0,9.7,4.4,3,91.3,1,8,0.455,Medium,1
24.0,88.9,2.4,22.0,4,84.5,0,1,0.0,Low,0
25.1,84.3,11.6,8.2,2,90.1,0,4,0.0,Low,0
25.3,87.6,9.8,19.4,2,90.1,0,2,0.027,Low,0
27.1,55.1,2.3,0.0,16,56.1,0,7,0.415,Medium,0
27.0,72.4,16.6,30.4,3,88.5,1,1,0.098,Low,0
28.0,47.1,3.4,6.6,0,95.0,1,9,0.486,Medium,0
27.2,90.4,13.7,33.7,1,93.6,1,12,0.0,Low,1
28.0,81.2,8.7,10.4,0,95.0,1,5,0.193,Low,0
29.8,49.3,1.8,0.0,16,57.4,0,9,0.635,High,1
24.0,56.1,7.9,24.1,1,92.0,0,3,0.032,Low,0
26.6,77.9,5.7,24.1,0,95.0,1,3,0.0,Low,1
30.7,54.3,9.9,2.1,4,87.9,0,9,0.448,Medium,0
29.2,74.0,11.8,21.6,2,92.1,1,3,0.188,Low,0
26.2,63.8,3.2,17.5,0,95.0,0,2,0.017,Low,0
26.5,75.6,14.5,7.4,1,93.3,1,3,0.136,Low,1
25.2,83.4,12.6,3.0,2,90.1,1,12,0.126,Low,0
28.6,79.4,16.1,55.1,0,95.0,1,10,0.194,Low,0
27.5,69.2,11.9,18.3,2,91.3,1,2,0.109,Low,0
28.3,69.1,6.7,11.4,3,89.1,1,11,0.2,Low,0
26.2,68.8,9.8,28.4,0,95.0,0,2,0.042,Low,0
28.0,79.7,9.2,3.4,3,89.0,0,5,0.0,Low,0
28.9,44.0,7.9,0.0,5,84.5,1,7,0.634,High,1
26.8,74.3,2.5,8.0,3,88.4,0,1,0.051,Low,0
27.1,80.5,4.1,13.3,2,91.1,1,2,0.0,Low,0
27.0,85.0,4.8,0.9,7,78.5,1,2,0.353,Medium,0
33.5,52.3,22.5,0.0,8,79.2,0,9,0.71,High,1
33.8,51.5,22.6,0.0,10,74.4,0,8,0.836,Critical,1
34.4,60.2,16.5,0.0,21,47.2,0,8,0.778,Critical,1
29.4,87.9,1.5,9.1,1,94.7,1,4,0.103,Low,0
30.9,40.3,6.2,1.2,14,63.0,1,8,0.852,Critical,1
30.6,86.1,8.3,9.0,3,90.3,0,11,0.254,Low,0
24.0,69.4,4.9,65.5,4,84.5,0,1,0.027,Low,0
34.5,42.9,4.1,0.0,11,72.3,0,6,0.808,Critical,1
24.1,86.0,21.5,28.9,2,89.5,0,10,0.041,Low,0
30.7,59.1,1.8,1.5,9,75.3,0,7,0.319,Low,0
31.5,71.5,18.0,7.0,1,95.0,0,12,0.283,Low,0
26.2,74.8,1.2,38.1,0,95.0,1,11,0.0,Low,0
29.3,73.3,14.6,0.0,19,49.7,1,6,0.744,High,1
28.2,84.4,7.5,3.9,3,89.1,0,12,0.1,Low,0
27.5,70.9,9.4,0.0,14,61.2,0,8,0.274,Low,1
26.5,73.8,4.6,15.9,0,95.0,0,2,0.029,Low,0
36.1,49.6,11.3,1.7,17,58.1,0,7,0.651,High,0
26.9,73.8,7.4,3.2,2,91.0,0,1,0.073,Low,0
28.5,79.6,20.3,1.3,11,69.3,0,1,0.307,Low,0
26.7,77.3,15.5,44.7,0,95.0,0,2,0.054,Low,0
24.0,70.8,8.5,8.0,3,87.0,0,5,0.03,Low,0
25.1,68.0,3.7,20.6,1,92.6,0,11,0.092,Low,0
28.7,69.3,14.5,14.9,2,91.8,0,4,0.252,Low,0
29.5,85.6,3.2,25.8,0,95.0,0,12,0.122,Low,0
28.9,40.1,3.7,1.3,24,37.0,0,8,0.465,Medium,1
28.0,79.5,18.5,26.1,4,86.5,1,1,0.152,Low,0
24.7,75.9,6.7,4.6,1,92.4,0,10,0.14,Low,0
24.5,63.5,6.9,0.6,7,77.3,1,7,0.47,Medium,0
25.1,74.9,15.1,10.0,3,87.5,0,2,0.0,Low,0
33.6,52.4,11.6,0.0,16,59.3,1,6,1.0,Critical,1
29.4,56.6,4.0,0.0,10,72.2,1,8,0.558,High,1
31.8,46.7,0.4,0.0,7,80.9,0,6,0.609,High,0
34.5,70.4,8.7,0.0,24,39.7,1,9,0.83,Critical,1
25.2,87.4,11.9,0.5,8,75.1,1,2,0.33,Low,0
26.6,76.9,1.3,2.9,0,95.0,0,11,0.11,Low,0
25.9,80.4,15.4,5.3,4,85.5,0,12,0.033,Low,0
29.2,41.3,45.0,0.0,7,79.6,1,6,1.0,Critical,0
26.6,86.5,12.0,7.4,0,95.0,0,5,0.03,Low,0
29.3,84.4,4.3,6.1,0,95.0,0,3,0.131,Low,0
27.9,74.5,3.3,12.0,1,94.0,0,3,0.012,Low,0
29.0,75.0,15.7,7.0,4,87.0,1,5,0.275,Low,0
32.8,37.8,22.1,0.2,10,73.9,1,8,1.0,Critical,1
28.6,73.8,10.3,23.3,2,91.8,0,5,0.075,Low,0
26.7,88.6,8.8,17.3,4,85.9,0,2,0.0,Low,0
25.7,77.2,19.3,22.4,2,90.3,0,3,0.042,Low,0
27.9,63.4,33.7,18.2,2,91.4,0,10,0.077,Low,0
38.0,57.3,8.4,0.0,19,54.0,0,6,0.673,High,0
30.6,67.6,8.3,0.0,8,77.8,1,8,0.697,High,1
29.9,79.0,8.9,27.6,1,94.9,1,1,0.148,Low,0
24.0,88.1,10.5,3.2,2,89.5,0,3,0.025,Low,0
25.6,74.3,8.3,6.9,4,85.3,0,2,0.0,Low,0
24.0,72.2,6.7,22.1,4,84.5,1,12,0.0,Low,0
24.8,82.8,26.2,3.2,1,92.4,0,11,0.127,Low,0
27.9,75.9,13.6,13.9,4,86.5,0,1,0.017,Low,0
30.8,33.2,12.7,3.3,0,95.0,0,9,0.484,Medium,0
28.9,71.5,16.9,0.0,5,84.5,1,7,0.48,Medium,1
31.0,37.2,23.4,4.1,0,95.0,0,9,0.542,Medium,0
28.7,95.0,9.9,14.6,0,95.0,0,2,0.155,Low,0
28.9,80.0,3.3,11.4,3,89.5,0,3,0.091,Low,0
26.6,71.7,3.0,0.0,11,68.3,0,7,0.278,Low,0
28.7,42.8,6.7,0.0,14,61.9,1,7,0.842,Critical,1
33.0,43.4,9.0,4.9,1,95.0,0,6,0.446,Medium,0
29.6,85.8,4.0,20.2,2,92.3,1,3,0.121,Low,0
27.0,60.7,17.6,7.8,4,86.0,1,5,0.221,Low,0
31.5,72.0,3.6,3.1,1,95.0,1,7,0.365,Medium,1
29.5,81.5,10.9,1.6,10,72.3,1,11,0.331,Low,0
30.8,31.7,9.1,3.3,4,87.9,1,7,0.74,High,1
24.0,79.3,11.5,5.3,1,92.0,0,2,0.007,Low,0
25.0,77.5,16.5,34.7,0,95.0,0,5,0.0,Low,0
24.6,80.5,6.0,33.8,0,94.8,0,2,0.029,Low,0
30.9,49.0,2.1,0.0,12,68.0,0,7,0.664,High,1
24.0,83.5,8.1,4.3,2,89.5,0,10,0.027,Low,0
29.1,79.8,2.4,22.9,2,92.0,0,12,0.11,Low,0
28.1,75.0,19.4,4.4,4,86.6,0,1,0.332,Low,0
33.1,44.6,18.6,0.0,6,84.1,0,6,0.736,High,0
27.4,62.8,18.6,23.3,0,95.0,1,4,0.245,Low,0
25.5,81.0,7.9,15.4,1,92.8,0,1,0.058,Low,0
25.7,84.3,4.3,6.1,4,85.4,1,3,0.034,Low,0
29.1,54.1,8.1,0.5,13,64.5,0,7,0.484,Medium,0
26.4,70.9,29.4,20.3,0,95.0,1,12,0.194,Low,0
29.1,75.3,3.9,20.0,0,95.0,0,4,0.144,Low,0
31.4,48.1,4.2,0.9,8,78.2,1,9,0.898,Critical,1
26.5,70.9,14.7,10.4,3,88.2,0,2,0.102,Low,1
25.3,71.0,8.1,7.2,1,92.6,1,11,0.161,Low,1
30.8,47.1,4.7,0.0,15,60.4,0,6,0.649,High,1
31.2,44.6,16.2,0.0,21,45.6,0,6,0.755,Critical,1
32.5,33.4,1.1,0.0,21,46.3,0,9,0.77,Critical,1
27.8,79.0,5.2,24.9,3,88.9,1,10,0.08,Low,0
28.1,84.4,16.8,31.2,1,94.1,0,5,0.1,Low,1
29.0,75.3,2.8,35.8,1,94.5,0,10,0.111,Low,0
27.1,74.5,9.4,31.8,3,88.5,0,5,0.071,Low,0
26.7,82.6,0.8,1.3,24,35.9,0,11,0.298,Low,0
25.7,83.8,13.0,9.3,3,87.9,1,2,0.0,Low,0
27.5,81.5,6.3,19.4,3,88.7,1,10,0.0,Low,0
29.9,81.6,6.5,12.0,2,92.4,1,2,0.072,Low,0
27.3,31.1,3.3,0.0,11,68.7,0,9,0.545,Medium,0
30.9,51.2,6.6,0.0,15,60.4,1,9,0.876,Critical,1
29.7,36.8,21.0,8.5,2,92.3,0,6,0.455,Medium,0
30.1,82.7,9.1,31.7,0,95.0,1,1,0.249,Low,0
35.3,58.9,35.0,0.0,14,65.2,0,6,0.712,High,1
26.9,79.4,2.8,42.2,2,91.0,0,10,0.0,Low,0
28.3,63.3,8.7,0.0,16,56.6,0,6,0.558,High,1
27.6,65.8,21.5,7.2,3,88.8,0,4,0.138,Low,0
24.0,66.8,16.1,16.6,1,92.0,0,11,0.101,Low,0
27.4,68.9,16.4,42.2,3,88.7,0,10,0.004,Low,0
29.2,60.7,11.2,2.0,0,95.0,0,8,0.169,Low,0
33.6,42.8,3.1,2.8,2,94.3,0,7,0.574,High,0
26.7,81.2,1.3,23.8,4,85.9,1,4,0.0,Low,0
25.9,71.5,15.2,16.2,3,87.9,0,1,0.014,Low,0
25.7,94.0,5.3,5.2,4,85.3,0,4,0.116,Low,0
26.4,77.5,14.3,64.9,0,95.0,0,1,0.018,Low,0
29.0,69.4,4.0,1.4,23,39.5,0,11,0.405,Medium,0
24.8,81.1,5.5,9.0,4,84.9,1,12,0.038,Low,0
26.6,76.8,11.5,8.2,0,95.0,1,2,0.026,Low,0
30.7,45.8,18.7,7.9,3,90.3,1,8,0.722,High,1
32.3,56.5,9.4,0.0,20,48.6,0,8,0.668,High,0
26.6,73.1,8.8,2.8,1,93.3,0,1,0.1,Low,0
24.6,82.8,10.4,12.7,4,84.8,1,11,0.045,Low,0
32.0,72.0,10.9,12.6,1,95.0,0,2,0.21,Low,0
28.0,85.9,17.3,87.8,0,95.0,0,4,0.039,Low,0
24.8,64.1,9.9,25.1,2,89.9,0,2,0.068,Low,1
24.2,84.6,20.0,4.4,0,94.6,0,2,0.172,Low,0
26.4,82.7,8.1,0.8,16,55.7,1,10,0.551,High,1
32.1,50.7,23.5,0.0,24,38.5,1,9,0.91,Critical,1
27.1,79.6,11.6,9.6,3,88.5,0,11,0.0,Low,0
31.6,54.5,3.9,0.0,9,75.8,0,8,0.613,High,1
33.8,63.3,4.7,0.0,8,79.4,0,6,0.63,High,1
34.0,61.2,8.5,0.0,15,62.0,1,9,0.945,Critical,1
36.1,37.5,4.9,11.0,2,95.0,1,9,0.789,Critical,1
27.3,90.7,32.3,17.0,3,88.7,1,11,0.158,Low,0
28.5,66.2,14.9,4.6,3,89.3,1,9,0.316,Low,0
28.6,79.2,11.3,2.3,3,89.3,1,5,0.242,Low,0
30.8,77.4,21.5,5.2,2,92.9,0,4,0.244,Low,0
32.0,44.2,6.4,0.0,24,38.5,0,6,0.783,Critical,0
33.8,30.6,6.7,9.6,1,95.0,0,9,0.524,Medium,0
31.0,39.5,3.6,0.0,20,48.0,1,6,0.951,Critical,1
32.2,51.1,9.9,0.9,18,53.6,0,7,0.626,High,0
29.9,75.5,1.4,0.7,11,70.0,0,11,0.359,Medium,0
29.3,77.9,19.9,7.4,0,95.0,0,10,0.083,Low,0
29.3,75.0,5.0,9.1,1,94.7,0,1,0.07,Low,0
24.9,76.6,12.6,1.6,16,54.9,0,11,0.374,Medium,1
26.9,80.8,14.1,100.0,4,86.0,0,12,0.115,Low,0
28.9,74.8,3.4,23.9,4,87.0,1,3,0.16,Low,0
26.0,84.9,14.7,14.3,2,90.5,1,10,0.084,Low,0
24.2,73.3,1.4,17.7,4,84.6,1,11,0.024,Low,0
25.4,74.5,18.8,2.6,1,92.7,0,11,0.099,Low,0
24.5,79.9,14.4,9.3,2,89.8,0,10,0.074,Low,0
28.1,73.8,1.8,2.6,4,86.6,1,10,0.277,Low,0
30.3,78.2,4.8,13.8,4,87.6,1,5,0.295,Low,0
27.8,90.5,10.7,2.9,2,91.4,0,10,0.087,Low,0
27.9,72.1,2.7,5.5,4,86.5,0,12,0.091,Low,0
27.4,85.3,7.4,8.5,3,88.7,0,5,0.0,Low,0
32.3,48.9,10.4,0.0,15,61.2,0,7,0.672,High,1
32.7,38.8,9.1,0.0,21,46.4,0,8,0.694,High,0
26.6,91.3,6.7,20.2,4,85.8,0,4,0.038,Low,1
27.9,92.6,6.8,1.5,13,63.9,1,5,0.272,Low,0
31.1,92.1,5.9,2.7,1,95.0,0,11,0.277,Low,0
33.0,31.8,9.9,0.0,10,74.0,0,8,0.67,High,1
28.9,76.2,2.6,16.4,1,94.4,1,2,0.055,Low,0
28.8,94.6,20.0,4.2,3,89.4,1,11,0.394,Medium,0
24.3,81.9,7.7,3.6,3,87.2,0,3,0.101,Low,0
34.0,26.9,7.2,6.8,0,95.0,1,8,0.917,Critical,1
31.9,71.0,0.8,3.7,3,90.9,0,9,0.206,Low,0
27.8,84.5,20.0,11.5,4,86.4,1,12,0.03,Low,0
34.5,28.2,20.5,0.0,12,69.7,1,6,0.916,Critical,1
33.4,40.2,12.5,0.0,6,84.2,1,6,1.0,Critical,0
27.7,68.8,11.3,23.4,0,95.0,0,2,0.083,Low,1
24.0,74.5,3.7,61.9,1,92.0,0,12,0.001,Low,0
28.8,69.7,5.3,14.2,4,86.9,1,2,0.194,Low,0
27.0,72.9,4.8,6.4,4,86.0,0,1,0.002,Low,0
29.5,84.9,22.4,6.2,3,89.7,0,2,0.216,Low,1
26.2,80.7,16.8,2.1,2,90.6,0,11,0.067,Low,0
27.0,65.1,4.0,29.5,1,93.5,1,10,0.072,Low,0
24.9,79.5,9.0,3.9,0,95.0,0,3,0.0,Low,0
29.3,82.3,11.4,24.3,0,95.0,1,10,0.214,Low,0
34.7,55.0,2.2,0.0,13,67.3,0,6,0.723,High,1
27.6,86.2,10.1,14.8,3,88.8,0,5,0.054,Low,0
28.3,79.8,6.0,19.4,3,89.1,0,2,0.096,Low,1
30.1,86.5,2.4,8.8,3,90.0,1,1,0.332,Low,0
24.0,71.2,19.9,10.0,1,92.0,0,11,0.118,Low,1
24.0,71.6,4.7,1.8,18,49.5,0,1,0.212,Low,0
27.4,74.1,5.1,9.5,0,95.0,0,5,0.0,Low,0
34.6,59.2,13.0,0.0,8,79.8,0,9,0.662,High,0
24.7,72.4,8.1,10.5,1,92.3,0,12,0.0,Low,0
26.7,66.7,10.8,31.8,3,88.4,1,5,0.115,Low,0
25.9,72.0,10.6,6.8,0,95.0,1,11,0.071,Low,0
31.4,47.1,11.4,0.0,16,58.2,0,6,0.669,High,1
27.3,82.7,4.5,5.9,0,95.0,1,1,0.115,Low,0
33.0,54.2,10.3,1.9,18,54.0,0,7,0.624,High,1
31.2,28.4,11.0,0.8,19,50.6,1,9,0.958,Critical,1
24.0,81.0,10.5,6.5,2,89.5,0,1,0.078,Low,1
24.0,82.1,7.1,8.6,3,87.0,1,2,0.099,Low,0
26.4,85.3,33.6,17.7,0,95.0,0,2,0.014,Low,0
31.9,37.1,24.1,0.0,24,38.5,0,6,0.828,Critical,1
29.0,66.4,21.2,20.6,0,95.0,1,12,0.337,Low,0
26.8,81.8,16.4,4.8,4,85.9,1,11,0.141,Low,0
25.1,66.5,7.8,9.1,2,90.1,0,5,0.067,Low,0
27.0,44.8,8.0,0.0,10,71.0,0,9,0.396,Medium,1
27.4,79.6,21.1,6.1,3,88.7,0,5,0.082,Low,0
30.1,26.5,14.2,1.6,14,62.5,0,8,0.674,High,0
26.1,74.0,10.9,16.9,4,85.6,1,11,0.004,Low,0
24.5,69.2,2.3,28.8,1,92.3,1,10,0.021,Low,0
26.4,74.0,11.3,22.3,2,90.7,0,5,0.0,Low,1
25.8,74.4,5.2,23.5,4,85.4,0,3,0.013,Low,0
25.6,67.9,8.0,4.0,4,85.3,1,1,0.171,Low,0
24.1,78.9,12.0,40.9,1,92.1,0,3,0.065,Low,0
28.7,69.9,10.0,3.6,3,89.4,1,11,0.279,Low,1
24.2,75.6,18.1,1.7,24,34.6,1,12,0.465,Medium,1
28.1,74.6,27.3,19.8,2,91.6,1,10,0.313,Low,0
29.9,81.1,4.3,4.2,2,92.4,0,10,0.177,Low,1
31.6,54.5,10.1,0.0,17,55.8,0,9,0.714,High,0
26.1,83.4,11.5,44.2,4,85.5,0,1,0.055,Low,0
28.5,70.5,13.2,3.4,2,91.7,0,1,0.185,Low,0
30.5,60.4,7.7,0.8,24,37.8,0,12,0.606,High,1
24.0,80.2,19.3,28.5,2,89.5,0,5,0.126,Low,0
29.2,82.1,10.8,30.6,2,92.1,0,12,0.14,Low,0
29.9,86.3,6.3,0.4,6,82.5,0,1,0.416,Medium,0
28.7,79.0,17.2,24.9,4,86.9,1,4,0.242,Low,0
32.2,43.5,1.0,0.0,21,46.1,0,6,0.776,Critical,1
27.0,69.3,10.8,2.2,4,86.0,0,5,0.185,Low,0
30.3,58.3,2.1,0.0,23,40.2,0,6,0.615,High,1
27.5,62.1,15.1,3.5,3,88.7,0,5,0.254,Low,0
27.3,79.7,7.2,4.3,0,95.0,1,4,0.178,Low,0
29.4,62.7,15.6,30.1,4,87.2,1,11,0.221,Low,0
35.9,25.0,3.8,0.0,23,42.9,0,7,0.833,Critical,1
32.6,39.0,33.1,0.0,22,43.8,0,7,0.925,Critical,1
27.7,81.4,21.5,12.8,0,95.0,0,12,0.005,Low,0
27.2,81.6,12.5,13.2,1,93.6,0,11,0.023,Low,0
29.3,81.2,4.2,11.6,0,95.0,0,4,0.093,Low,0
25.9,84.5,5.0,5.6,3,87.9,0,1,0.166,Low,0
24.0,77.1,15.9,5.4,3,87.0,0,10,0.168,Low,0
27.2,82.7,13.3,29.3,2,91.1,0,3,0.0,Low,1
31.6,58.9,15.6,3.0,2,93.3,1,9,0.675,High,1
28.7,82.1,3.1,40.2,4,86.9,1,3,0.202,Low,1
27.4,71.7,15.8,7.0,3,88.7,0,5,0.036,Low,0
32.1,51.7,1.5,0.0,13,66.1,0,9,0.672,High,1
24.2,72.4,17.3,11.6,3,87.1,0,10,0.027,Low,0
27.0,68.3,7.1,23.1,4,86.0,0,12,0.067,Low,0
26.2,65.7,11.5,2.3,2,90.6,0,4,0.162,Low,0
35.3,48.1,8.2,1.6,18,55.1,1,9,0.949,Critical,1
25.1,73.8,3.7,6.8,1,92.5,0,10,0.005,Low,0
27.2,70.0,3.6,8.1,4,86.1,1,2,0.066,Low,0
24.0,77.9,1.3,9.6,0,94.5,1,1,0.0,Low,0
30.2,71.3,11.7,6.8,3,90.1,0,4,0.273,Low,1
25.1,74.1,3.1,5.7,4,85.0,0,3,0.059,Low,0
25.3,72.4,45.0,27.6,4,85.1,1,1,0.117,Low,0
25.1,78.0,14.9,19.9,4,85.0,0,2,0.034,Low,0
28.6,85.6,10.7,46.1,4,86.8,1,11,0.033,Low,0
28.1,76.1,5.3,3.8,0,95.0,1,10,0.243,Low,1
28.4,86.0,13.3,27.5,2,91.7,1,5,0.244,Low,0
29.1,83.7,2.5,13.1,3,89.5,0,3,0.137,Low,0
24.4,73.3,14.9,10.9,0,94.7,0,4,0.0,Low,0
26.5,69.5,16.4,2.6,1,93.2,0,1,0.111,Low,0
34.7,53.1,6.1,0.0,22,44.8,0,6,0.827,Critical,1
27.1,71.9,19.8,14.8,4,86.1,1,10,0.108,Low,0
28.9,70.1,8.6,2.4,3,89.4,1,3,0.346,Low,0
26.0,81.2,12.6,0.8,6,80.5,1,12,0.447,Medium,0
32.3,49.9,23.3,0.0,20,48.6,1,9,1.0,Critical,1
28.7,71.9,12.6,3.4,4,86.8,0,3,0.077,Low,0
28.7,74.9,10.1,22.9,4,86.9,1,1,0.075,Low,0
31.2,42.3,13.5,0.0,13,65.6,1,8,0.991,Critical,1
27.2,62.5,3.1,22.7,2,91.1,0,2,0.139,Low,0
30.8,60.8,18.0,0.0,5,85.4,0,9,0.652,High,0
27.0,89.1,5.9,31.2,4,86.0,0,5,0.004,Low,0
27.9,75.9,30.4,49.1,4,86.4,0,5,0.141,Low,0
29.3,28.8,22.4,0.0,5,84.7,0,9,0.649,High,1
30.0,86.3,19.9,8.4,4,87.5,0,10,0.101,Low,0
29.7,81.8,1.4,47.6,1,94.9,1,3,0.156,Low,1
24.7,85.6,17.6,1.4,17,52.3,0,10,0.305,Low,0
27.3,79.2,17.5,5.8,0,95.0,1,1,0.149,Low,0
29.5,38.9,9.6,0.3,5,84.7,1,8,0.822,Critical,0
25.3,81.1,2.1,9.8,2,90.2,1,4,0.0,Low,0
28.6,54.4,3.2,0.0,6,81.8,0,7,0.562,High,1
28.9,39.3,8.0,2.0,2,92.0,1,7,0.773,Critical,1
29.7,87.4,3.3,11.7,1,94.9,0,11,0.093,Low,0
29.0,43.6,8.7,0.0,19,49.5,0,7,0.683,High,1
28.2,93.5,2.6,14.0,1,94.1,1,4,0.201,Low,0
28.4,77.7,3.8,15.7,0,95.0,1,12,0.127,Low,0
27.2,85.0,8.9,28.7,0,95.0,1,4,0.115,Low,1
27.7,81.1,4.4,5.9,2,91.3,1,2,0.0,Low,0
29.9,75.6,7.2,4.3,1,94.9,1,5,0.253,Low,0
26.1,71.4,17.3,3.6,4,85.6,0,10,0.0,Low,0
25.3,63.9,7.4,0.4,6,80.2,1,4,0.44,Medium,0
26.6,81.9,3.5,2.0,1,93.3,1,4,0.166,Low,0
33.7,59.7,22.4,0.0,22,44.3,0,8,0.834,Critical,1
27.5,70.2,4.7,8.5,3,88.7,1,12,0.006,Low,0
28.4,40.7,11.7,0.6,14,61.7,0,8,0.531,Medium,0
30.1,59.9,3.6,4.2,0,95.0,0,8,0.305,Low,0
25.3,79.4,5.4,7.2,1,92.7,0,4,0.012,Low,0
30.5,38.5,2.9,0.0,12,67.7,0,6,0.741,High,0
30.1,81.2,6.3,26.7,1,95.0,1,1,0.281,Low,0
29.2,25.0,7.8,2.5,3,89.6,0,6,0.403,Medium,0
31.1,51.7,6.9,0.0,11,70.6,1,6,0.986,Critical,1
28.9,68.7,5.6,0.0,18,52.0,0,9,0.511,Medium,0
25.6,79.2,12.7,1.4,8,75.3,0,2,0.331,Low,0
27.5,66.4,1.0,0.1,8,76.2,1,10,0.428,Medium,0
25.0,79.9,5.3,19.3,1,92.5,0,1,0.0,Low,0
31.2,77.1,11.3,2.9,3,90.6,0,9,0.345,Low,0
31.8,28.2,7.7,0.0,23,40.9,0,6,0.72,High,0
28.4,80.7,3.9,5.7,2,91.7,1,12,0.232,Low,0
33.5,58.0,3.1,0.0,15,61.7,0,6,0.619,High,1
32.4,44.7,5.6,0.0,18,53.7,1,7,0.997,Critical,1
29.8,59.2,5.6,0.0,8,77.4,1,9,0.67,High,1
27.7,54.8,6.2,0.0,21,43.8,1,7,0.715,High,1
26.7,67.0,12.0,1.5,7,78.4,0,12,0.256,Low,0
28.7,55.3,10.7,0.0,12,66.9,0,7,0.452,Medium,0
28.6,74.1,10.0,1.7,8,76.8,0,3,0.299,Low,0
31.7,85.2,11.7,8.1,2,93.4,0,10,0.213,Low,0
31.1,49.4,3.5,0.0,17,55.6,0,7,0.731,High,1
24.0,74.0,23.2,0.5,19,47.0,0,1,0.489,Medium,0
27.7,80.9,8.0,5.9,2,91.3,0,4,0.081,Low,0
27.9,78.9,9.9,3.2,2,91.5,0,12,0.067,Low,0
27.3,74.3,17.5,40.6,3,88.7,1,12,0.077,Low,0
32.0,34.1,9.7,0.0,7,81.0,1,7,0.91,Critical,1
32.0,49.2,3.4,0.0,18,53.5,0,6,0.674,High,0
29.1,92.5,2.8,12.0,2,92.0,0,10,0.083,Low,0
25.2,80.0,4.6,8.3,3,87.6,0,5,0.023,Low,0
29.3,88.6,8.7,71.6,1,94.7,1,3,0.054,Low,0
28.3,88.3,1.5,14.0,2,91.6,0,11,0.153,Low,0
28.6,63.9,5.9,0.0,12,66.8,0,7,0.365,Medium,0
24.5,72.4,1.6,1.8,13,62.3,0,4,0.305,Low,0
29.3,75.6,9.2,4.4,4,87.1,1,5,0.203,Low,0
29.7,51.7,3.4,9.3,2,92.4,0,6,0.356,Medium,1
25.2,82.5,1.6,4.0,1,92.6,1,4,0.095,Low,0
31.0,45.7,6.5,0.0,6,83.0,1,6,0.912,Critical,1
26.4,78.0,13.2,22.7,0,95.0,0,4,0.0,Low,0
32.9,26.6,18.2,0.0,10,73.9,1,8,1.0,Critical,1
27.0,89.5,8.3,9.1,0,95.0,1,11,0.119,Low,0
27.6,84.0,2.3,12.6,3,88.8,0,1,0.015,Low,0
28.0,77.6,11.7,5.6,0,95.0,0,5,0.012,Low,1
26.7,86.6,7.4,5.2,3,88.3,0,12,0.044,Low,0
25.2,84.0,4.2,2.3,3,87.6,0,2,0.047,Low,0
27.1,78.2,1.9,7.2,0,95.0,1,1,0.035,Low,1
24.9,83.4,21.2,2.9,2,90.0,0,2,0.174,Low,0
36.9,51.6,16.2,0.0,8,80.9,0,8,0.792,Critical,0
28.0,77.2,9.3,17.5,0,95.0,0,5,0.022,Low,0
27.8,81.4,12.2,12.7,0,95.0,1,5,0.027,Low,0
24.3,85.5,14.0,3.0,1,92.1,0,10,0.089,Low,0
28.0,83.5,14.2,5.1,0,95.0,1,4,0.106,Low,0
28.6,51.0,12.8,0.0,23,39.3,0,7,0.657,High,1
25.5,89.3,5.7,12.3,2,90.3,0,5,0.02,Low,0
28.3,89.7,4.8,16.0,4,86.7,0,3,0.086,Low,0
26.9,77.7,15.6,3.8,2,91.0,0,5,0.068,Low,0
29.8,83.8,4.1,9.0,0,95.0,0,11,0.104,Low,0
29.3,72.7,16.2,0.8,14,62.1,1,12,0.623,High,1
29.0,63.5,4.2,4.6,3,89.5,1,10,0.324,Low,0
29.3,83.6,3.9,2.2,4,87.2,0,5,0.195,Low,1
27.0,83.1,17.3,4.3,4,86.0,0,11,0.036,Low,0
28.2,86.3,13.4,8.2,0,95.0,0,2,0.073,Low,1
26.4,72.6,39.3,3.2,0,95.0,0,5,0.231,Low,0
28.9,82.0,10.8,22.7,4,87.0,0,4,0.137,Low,0
25.5,89.7,7.7,22.0,3,87.7,1,11,0.0,Low,0
31.5,78.3,8.6,3.8,1,95.0,0,3,0.186,Low,0
26.6,85.5,7.4,6.8,0,95.0,0,10,0.056,Low,0
26.5,74.4,8.2,0.7,8,75.7,0,10,0.322,Low,1
34.0,40.5,16.0,0.0,9,77.0,1,8,1.0,Critical,1
24.0,69.1,6.8,10.8,1,92.0,0,5,0.026,Low,1
26.2,81.6,12.3,16.0,1,93.1,0,5,0.04,Low,0
30.8,72.0,24.4,3.6,4,87.9,0,10,0.293,Low,0
28.5,73.0,4.5,3.7,3,89.3,0,3,0.204,Low,0
30.2,43.5,13.5,0.0,11,70.1,1,6,0.996,Critical,0
24.8,77.9,12.8,6.2,3,87.4,0,11,0.118,Low,0
29.3,77.5,22.0,0.7,12,67.1,1,11,0.657,High,0
30.9,69.4,8.8,6.1,3,90.4,1,12,0.426,Medium,1
27.3,88.0,4.0,5.7,1,93.7,1,1,0.088,Low,0
27.8,82.6,4.5,11.4,0,95.0,0,4,0.006,Low,1
26.8,68.7,10.5,2.5,0,95.0,0,10,0.161,Low,0
32.9,62.2,2.7,0.0,23,41.4,0,9,0.545,Medium,0
26.9,75.1,10.0,33.1,4,85.9,1,1,0.007,Low,0
31.0,52.5,20.8,0.0,21,45.5,0,7,0.872,Critical,1
26.5,49.8,6.0,0.0,13,63.3,1,8,0.632,High,0
36.8,67.9,8.0,3.1,3,93.4,1,9,0.568,High,1
28.8,68.7,9.8,3.0,4,86.9,0,9,0.216,Low,0
24.0,83.7,4.3,1.4,24,34.5,0,11,0.343,Low,0
28.3,83.1,1.8,8.7,0,95.0,0,3,0.123,Low,0
27.1,83.5,10.7,24.2,0,95.0,0,11,0.0,Low,0
25.3,88.3,4.7,7.3,3,87.7,1,3,0.047,Low,0
32.5,57.5,17.7,0.1,8,78.7,0,7,0.543,Medium,1
28.7,77.1,5.1,37.7,2,91.8,1,12,0.137,Low,0
26.3,66.7,7.5,44.4,1,93.2,0,3,0.143,Low,0
27.9,83.1,4.8,4.4,0,95.0,1,10,0.035,Low,0
30.5,55.5,11.1,0.0,14,62.7,0,6,0.643,High,1
29.4,66.1,15.0,3.0,1,94.7,1,5,0.303,Low,0
26.2,91.1,8.3,15.7,2,90.6,1,2,0.022,Low,1
33.1,40.1,7.8,0.0,5,86.6,1,6,0.995,Critical,0
33.3,51.6,4.4,0.0,20,49.1,1,7,1.0,Critical,0
29.6,34.0,17.6,0.5,7,79.8,0,9,0.687,High,0
24.0,71.7,23.6,30.3,3,87.0,0,3,0.0,Low,0
29.0,75.3,11.2,40.5,0,95.0,0,10,0.0,Low,1
27.4,76.2,19.1,94.0,1,93.7,1,10,0.179,Low,0
26.9,64.8,19.6,7.5,3,88.4,0,10,0.162,Low,0
24.0,70.9,12.9,37.8,3,87.0,0,12,0.091,Low,0
28.5,68.7,15.2,5.6,4,86.7,1,12,0.305,Low,0
25.8,81.7,1.5,2.3,1,92.9,0,1,0.024,Low,0
30.7,76.0,6.5,0.0,6,82.9,0,8,0.455,Medium,1
31.2,85.0,9.5,29.7,2,93.1,1,10,0.282,Low,0
29.5,78.8,6.0,1.9,12,67.3,0,10,0.298,Low,0
29.7,80.4,8.8,9.6,1,94.9,1,3,0.183,Low,0
26.1,75.7,10.7,26.4,0,95.0,0,12,0.015,Low,0
27.8,81.4,18.4,9.3,1,93.9,0,2,0.102,Low,0
33.3,52.0,6.9,0.3,14,64.1,0,7,0.802,Critical,1
27.7,80.8,9.7,1.1,10,71.4,0,5,0.102,Low,0
29.4,66.2,18.3,15.8,3,89.7,1,3,0.34,Low,0
27.8,73.1,16.1,2.7,0,95.0,1,10,0.262,Low,0
27.3,84.8,19.4,7.2,2,91.2,0,4,0.097,Low,0
26.7,85.0,15.8,21.5,0,95.0,0,2,0.042,Low,1
31.1,29.1,6.6,1.1,22,43.0,1,7,1.0,Critical,1
31.6,77.5,4.1,4.3,0,95.0,0,12,0.269,Low,0
26.6,95.0,13.0,22.4,2,90.8,1,4,0.037,Low,0
36.0,41.1,13.7,0.0,15,63.0,0,8,0.806,Critical,1
31.5,82.7,7.2,7.4,0,95.0,0,12,0.283,Low,0
26.2,80.5,3.9,8.0,1,93.1,1,10,0.007,Low,0
24.9,90.6,5.8,4.0,4,85.0,0,2,0.048,Low,0
31.6,62.7,5.9,0.0,13,65.8,1,7,0.865,Critical,1
25.0,75.2,5.0,35.8,4,85.0,0,1,0.049,Low,0
26.9,78.3,10.3,3.6,0,95.0,0,11,0.044,Low,0
28.5,72.6,1.5,9.2,0,95.0,1,2,0.16,Low,0
29.3,81.3,3.4,14.7,4,87.1,0,2,0.078,Low,0
34.6,49.1,8.8,8.6,0,95.0,0,9,0.428,Medium,0
31.6,50.1,14.3,1.9,19,50.8,1,7,0.867,Critical,1
27.4,79.3,3.3,24.0,2,91.2,0,1,0.0,Low,0
26.6,86.7,16.2,11.3,3,88.3,0,4,0.0,Low,0
26.9,73.8,6.7,15.3,1,93.5,1,2,0.0,Low,0
24.0,77.0,8.6,25.1,2,89.5,0,11,0.015,Low,0
33.8,30.0,4.7,0.1,10,74.4,1,9,0.991,Critical,1
27.2,84.3,8.9,3.2,1,93.6,0,2,0.107,Low,0
31.6,51.9,1.1,0.0,13,65.8,0,8,0.673,High,1
28.1,76.2,2.1,24.4,4,86.6,1,2,0.124,Low,0
32.9,34.1,2.1,0.0,10,73.9,1,9,1.0,Critical,1
31.9,69.1,2.2,0.0,8,78.4,0,9,0.499,Medium,1
28.2,81.7,28.9,36.0,4,86.6,0,3,0.199,Low,0
34.6,43.8,13.6,0.0,10,74.8,0,8,0.774,Critical,1
31.6,72.5,9.8,1.5,23,40.8,0,2,0.564,High,0
27.3,64.2,9.7,2.6,0,95.0,0,11,0.125,Low,0
26.5,72.5,3.6,16.1,0,95.0,1,2,0.038,Low,0
31.4,76.0,4.6,4.0,3,90.7,1,10,0.459,Medium,0
28.0,78.3,7.0,18.5,0,95.0,1,2,0.143,Low,0
27.8,55.0,7.0,19.8,4,86.4,1,10,0.213,Low,1
32.5,31.9,36.0,0.0,15,61.2,1,6,0.978,Critical,0
25.9,61.6,8.0,69.1,0,95.0,0,12,0.073,Low,0
27.6,83.6,1.1,46.9,2,91.3,1,1,0.0,Low,0
25.8,81.9,4.9,12.8,4,85.4,0,5,0.0,Low,0
29.6,84.5,12.8,3.9,3,89.8,0,11,0.187,Low,0
34.2,58.0,9.1,3.1,0,95.0,0,7,0.379,Medium,0
27.5,75.6,4.0,1.3,6,81.2,0,11,0.152,Low,0
29.0,64.0,21.5,7.7,4,87.0,0,5,0.287,Low,0
28.3,70.5,2.1,15.1,3,89.1,1,5,0.122,Low,0
31.0,50.0,3.5,0.0,24,38.0,1,9,1.0,Critical,1
31.4,59.9,4.1,0.0,23,40.7,1,7,0.941,Critical,1
29.0,84.4,13.8,0.0,23,39.5,0,5,0.466,Medium,1
27.3,84.1,14.6,3.1,0,95.0,1,11,0.12,Low,0
30.5,48.4,12.6,1.3,13,65.2,0,6,0.586,High,1
28.0,88.4,7.1,31.2,0,95.0,1,1,0.044,Low,0
32.3,77.4,5.3,0.0,21,46.1,0,9,0.529,Medium,0
25.6,63.8,23.4,19.4,3,87.8,0,11,0.125,Low,0
25.3,75.5,10.7,7.1,0,95.0,1,12,0.0,Low,0
32.6,45.5,5.1,2.0,18,53.8,1,9,0.967,Critical,1
31.3,35.4,9.3,0.0,24,38.2,0,6,0.833,Critical,1
26.7,61.9,4.9,26.4,1,93.3,1,4,0.133,Low,0
31.3,40.7,2.5,4.7,3,90.7,1,6,0.608,High,1
29.2,66.7,8.2,28.9,2,92.1,1,10,0.181,Low,1
33.1,60.8,2.3,4.0,4,89.0,0,8,0.487,Medium,0
30.4,71.6,1.3,1.2,14,62.7,0,5,0.372,Medium,0
26.6,75.9,0.6,50.0,3,88.3,0,5,0.0,Low,0
24.0,83.7,19.3,0.5,13,62.0,0,2,0.365,Medium,1
27.1,88.9,14.6,28.9,2,91.0,1,5,0.089,Low,0
35.1,63.9,4.3,0.0,8,80.1,0,6,0.541,Medium,1
26.5,93.2,3.5,23.9,0,95.0,0,1,0.0,Low,0
33.8,44.6,20.4,2.2,1,95.0,0,9,0.609,High,0
28.9,74.1,16.4,23.9,2,91.9,1,11,0.213,Low,0
25.5,62.2,4.1,17.2,2,90.3,1,12,0.127,Low,1
32.5,43.6,4.1,0.0,23,41.3,0,7,0.693,High,1
25.4,81.1,6.4,9.8,3,87.7,0,10,0.0,Low,1
24.9,80.1,15.5,24.4,2,89.9,0,1,0.0,Low,0
24.0,68.1,5.0,0.6,19,47.0,0,4,0.425,Medium,1
29.7,76.3,9.5,21.2,4,87.4,0,3,0.134,Low,0
25.9,77.2,1.8,0.0,17,53.0,0,11,0.381,Medium,1
29.3,78.7,10.1,19.6,3,89.7,0,11,0.141,Low,0
25.9,84.7,10.3,1.6,10,70.4,1,3,0.227,Low,0
29.5,70.7,6.3,4.0,4,87.2,0,1,0.111,Low,0
28.6,66.2,3.9,15.3,2,91.8,1,5,0.268,Low,0
24.5,82.1,13.9,21.6,4,84.7,1,10,0.0,Low,0
30.5,80.4,13.9,2.8,3,90.3,0,11,0.343,Low,0
33.8,39.4,13.3,0.0,20,49.4,0,7,0.921,Critical,1
29.3,88.6,21.8,2.1,0,95.0,0,11,0.293,Low,1
28.4,69.9,4.3,2.6,1,94.2,0,11,0.223,Low,0
27.5,83.2,2.3,0.5,13,63.8,0,1,0.233,Low,0
28.2,82.0,9.3,24.5,1,94.1,1,4,0.087,Low,0
25.5,75.3,1.8,6.7,0,95.0,0,10,0.038,Low,0
24.9,74.5,4.7,11.6,2,90.0,1,12,0.0,Low,0
27.9,81.1,1.3,0.8,9,74.0,1,11,0.322,Low,0
33.5,56.1,21.4,0.0,23,41.7,0,7,0.813,Critical,1
25.9,69.1,5.4,50.6,4,85.5,0,4,0.029,Low,0
29.6,84.6,7.8,14.8,1,94.8,0,10,0.173,Low,0
31.4,75.6,4.0,16.9,4,88.2,0,1,0.112,Low,0
26.3,74.2,14.9,1.1,12,65.7,0,10,0.093,Low,0
35.4,43.1,19.7,0.0,22,45.2,0,9,0.881,Critical,1
24.9,76.7,3.8,11.1,0,95.0,1,2,0.082,Low,0
30.2,79.7,14.5,35.0,1,95.0,1,11,0.415,Medium,0
26.7,88.6,2.4,4.4,4,85.9,0,4,0.12,Low,1
24.9,70.3,12.0,38.6,0,95.0,1,11,0.025,Low,0
24.9,68.3,3.1,12.7,0,94.9,0,2,0.096,Low,0
28.7,74.4,1.8,17.8,0,95.0,0,4,0.109,Low,0
28.3,31.1,7.5,1.4,21,44.1,1,8,0.969,Critical,1
26.2,80.4,22.1,8.4,3,88.1,0,4,0.146,Low,0
25.4,92.3,13.9,12.9,3,87.7,1,5,0.068,Low,0
25.2,85.5,3.7,6.0,0,95.0,0,1,0.148,Low,0
24.6,73.1,1.2,14.4,3,87.3,0,11,0.0,Low,0
24.0,80.9,4.2,4.1,3,87.0,0,5,0.057,Low,0
25.3,84.2,20.9,2.3,1,92.6,0,2,0.166,Low,0
31.9,65.2,7.2,0.0,5,86.0,1,6,0.669,High,1
35.8,38.1,0.8,0.0,16,60.4,0,7,0.867,Critical,1
25.9,69.5,8.5,16.8,2,90.4,0,2,0.074,Low,0
35.3,57.9,8.0,0.0,13,67.7,0,6,0.602,High,1
31.5,27.9,5.4,0.0,16,58.2,0,6,0.88,Critical,1
33.4,41.1,10.0,0.3,13,66.7,0,9,0.788,Critical,1
33.8,60.0,14.5,0.0,23,41.9,0,9,0.805,Critical,1
30.4,56.3,12.0,7.9,4,87.7,1,10,0.357,Medium,1
26.8,73.3,7.2,19.9,2,90.9,1,2,0.0,Low,0
29.9,72.4,5.6,2.8,0,95.0,0,1,0.162,Low,0
26.2,78.3,3.1,35.3,4,85.6,1,2,0.0,Low,0
27.9,80.5,6.5,18.5,0,95.0,1,5,0.045,Low,0
26.4,80.2,6.7,29.3,1,93.2,1,11,0.028,Low,0
25.5,77.2,2.8,55.9,1,92.7,0,4,0.0,Low,0
28.1,71.3,12.5,6.8,0,95.0,1,4,0.264,Low,0
24.4,60.2,1.8,0.2,18,49.7,0,5,0.354,Medium,0
34.3,40.5,8.4,0.2,7,82.2,0,7,0.725,High,1
30.9,89.5,6.8,0.0,6,82.9,0,8,0.377,Medium,0
30.4,52.2,11.8,0.0,14,62.7,1,9,1.0,Critical,1
28.2,81.5,1.5,13.7,2,91.6,0,12,0.038,Low,0
27.8,75.2,3.9,29.9,3,88.9,0,10,0.0,Low,0
27.4,33.2,3.6,2.4,0,95.0,0,9,0.285,Low,0
25.7,81.9,24.0,15.0,3,87.9,0,2,0.109,Low,0
26.7,74.2,7.3,6.9,1,93.3,0,5,0.032,Low,0
25.7,70.4,6.1,18.1,1,92.9,1,12,0.017,Low,0
25.6,82.3,6.7,28.6,1,92.8,1,2,0.097,Low,0
28.6,76.5,16.9,23.9,2,91.8,0,1,0.097,Low,0
24.0,84.3,5.5,1.1,5,82.0,1,4,0.136,Low,1
30.0,85.2,16.3,0.4,19,50.0,1,1,0.688,High,0
34.6,58.5,26.5,0.0,20,49.8,0,7,0.792,Critical,0
29.0,79.9,3.1,0.0,11,69.5,1,6,0.571,High,1
30.4,44.3,23.6,0.0,19,50.2,1,6,0.949,Critical,1
34.0,42.6,14.1,0.0,12,69.5,1,7,0.9,Critical,1
34.5,62.0,3.6,1.8,8,79.8,1,7,0.778,Critical,1
27.0,77.8,4.8,6.0,2,91.0,1,11,0.006,Low,0
31.5,66.0,6.8,0.0,16,58.3,0,9,0.52,Medium,0
29.9,80.5,5.0,0.7,16,57.4,0,2,0.521,Medium,0
28.1,80.7,10.4,9.8,1,94.1,0,2,0.115,Low,0
27.7,74.7,6.0,8.7,2,91.4,0,4,0.009,Low,0
26.9,92.8,11.3,2.0,16,56.0,0,12,0.237,Low,0
28.3,28.5,1.7,12.8,4,86.7,0,6,0.408,Medium,0
27.3,89.0,14.5,4.5,4,86.2,0,5,0.035,Low,1
27.4,71.7,9.0,16.7,3,88.7,0,4,0.009,Low,0
27.3,66.0,26.2,0.9,22,41.1,0,4,0.467,Medium,0
25.3,92.5,3.5,12.1,0,95.0,0,12,0.035,Low,1
31.4,60.3,3.9,0.8,21,45.7,0,7,0.6,High,1
31.6,50.5,12.8,0.0,23,40.8,1,9,0.962,Critical,1
36.2,36.8,19.9,0.0,15,63.1,0,7,0.944,Critical,1
24.0,95.0,4.7,6.2,4,84.5,0,2,0.023,Low,0
33.6,29.5,1.1,1.5,24,39.3,1,8,0.984,Critical,0
27.4,71.8,1.9,11.1,3,88.7,0,4,0.0,Low,0
27.8,82.9,6.9,4.7,4,86.4,1,2,0.133,Low,1
28.3,90.3,13.6,7.4,2,91.7,0,10,0.141,Low,0
33.7,26.0,16.3,0.0,9,76.9,0,8,0.878,Critical,1
35.9,47.1,8.8,0.0,11,73.0,1,6,1.0,Critical,1
25.1,74.9,4.8,11.0,2,90.1,0,1,0.063,Low,0
24.0,72.1,8.4,13.9,1,92.0,0,3,0.016,Low,0
25.3,80.1,14.4,9.8,1,92.6,0,5,0.0,Low,0
24.0,84.3,5.5,37.5,3,87.0,0,2,0.062,Low,0
29.5,84.5,2.6,9.9,0,95.0,1,3,0.173,Low,0
27.3,66.3,2.2,8.3,3,88.7,0,4,0.06,Low,0
29.7,25.8,10.4,0.0,18,52.3,1,8,1.0,Critical,1
27.6,85.3,10.8,6.8,0,95.0,1,2,0.122,Low,0
26.3,69.4,12.9,1.8,24,35.7,0,1,0.302,Low,0
30.5,41.7,12.1,0.0,22,42.8,1,8,1.0,Critical,1
28.4,83.0,7.0,9.6,4,86.7,0,1,0.116,Low,0
24.3,72.8,9.7,14.6,4,84.7,1,11,0.059,Low,1
27.4,66.1,8.6,12.0,0,95.0,0,2,0.136,Low,0
25.7,91.7,4.9,30.7,0,95.0,0,10,0.012,Low,0
27.9,73.7,24.5,7.7,3,89.0,0,10,0.146,Low,0
27.7,61.0,14.8,0.0,17,53.8,0,7,0.45,Medium,0
33.5,46.5,18.6,0.0,15,61.7,1,6,1.0,Critical,1
25.1,93.0,6.7,0.6,12,65.0,0,12,0.26,Low,0
25.2,84.5,3.8,35.7,4,85.1,0,4,0.026,Low,0
28.4,86.1,17.1,74.5,1,94.2,1,5,0.142,Low,0
27.6,93.2,16.0,1.0,6,81.3,0,3,0.218,Low,0
24.1,58.4,5.1,23.4,1,92.0,0,12,0.047,Low,0
24.9,60.9,9.8,0.0,20,44.9,0,11,0.414,Medium,0
33.9,41.5,7.5,0.0,17,56.9,1,9,0.959,Critical,1
24.1,88.4,2.6,14.0,2,89.6,0,11,0.016,Low,0
34.3,55.2,2.6,0.0,11,72.2,0,7,0.58,High,1
25.3,91.3,18.1,44.2,1,92.6,1,11,0.117,Low,0
25.8,80.7,6.0,8.7,0,95.0,0,11,0.0,Low,0
25.6,64.0,6.0,10.5,4,85.3,1,4,0.041,Low,0
32.4,70.2,15.5,8.1,4,88.7,0,12,0.223,Low,0
34.2,47.1,1.7,0.0,5,87.1,0,9,0.558,High,1
26.8,72.4,12.5,32.7,3,88.4,0,10,0.0,Low,0
31.2,44.1,13.4,0.5,18,53.1,0,6,0.813,Critical,1
31.2,70.5,6.3,0.7,14,63.1,0,6,0.413,Medium,1
29.0,33.4,5.8,0.0,22,42.0,1,7,0.964,Critical,1
25.4,72.0,2.8,17.9,0,95.0,0,1,0.0,Low,0
26.1,79.4,7.9,38.8,1,93.1,0,10,0.029,Low,0
29.1,93.9,23.8,11.3,4,87.0,1,1,0.193,Low,0
26.3,73.8,23.2,18.9,0,95.0,1,5,0.134,Low,0
25.0,72.4,28.1,53.8,1,92.5,0,12,0.01,Low,0
27.2,76.7,22.4,35.9,0,95.0,0,2,0.032,Low,0
33.3,82.6,2.7,1.6,9,76.7,1,4,0.589,High,1
27.7,73.3,4.0,10.9,4,86.3,1,5,0.032,Low,0
24.9,85.3,7.7,8.4,3,87.4,0,1,0.0,Low,0
30.4,78.5,7.5,11.4,4,87.7,1,2,0.295,Low,0
25.6,68.1,7.6,19.8,1,92.8,0,12,0.073,Low,0
36.4,44.2,2.6,1.7,9,78.2,0,8,0.677,High,1
24.0,68.9,7.0,10.3,1,92.0,0,4,0.181,Low,0
26.8,74.7,4.5,26.7,4,85.9,1,11,0.06,Low,0
24.1,81.3,7.2,12.5,3,87.0,0,10,0.0,Low,0
34.9,51.4,5.5,0.0,23,42.5,1,9,1.0,Critical,0
27.3,76.8,4.7,32.6,2,91.1,1,4,0.0,Low,0
26.8,81.3,7.5,4.8,0,95.0,1,3,0.037,Low,0
30.1,93.0,10.8,5.4,4,87.6,1,3,0.327,Low,0
28.4,75.1,8.0,13.8,0,95.0,1,1,0.183,Low,0
30.5,80.6,18.4,52.6,3,90.2,1,3,0.36,Medium,0
24.8,69.1,9.0,50.1,1,92.4,0,11,0.092,Low,0
26.6,67.2,27.8,24.6,2,90.8,1,11,0.157,Low,0
31.4,36.0,9.8,0.0,20,48.2,1,6,0.98,Critical,1
26.7,81.6,5.1,12.2,1,93.4,1,4,0.0,Low,0
32.0,51.2,1.7,0.2,16,58.5,1,7,1.0,Critical,1
31.8,40.6,16.5,3.8,1,95.0,0,6,0.321,Low,0
26.3,58.5,2.5,16.5,3,88.1,0,5,0.0,Low,0
31.1,48.9,23.4,0.0,16,58.1,0,6,0.851,Critical,0
30.3,79.4,7.9,8.8,3,90.2,1,10,0.317,Low,0
24.8,76.2,13.3,21.4,3,87.4,1,12,0.095,Low,0
25.6,81.9,32.4,1.9,23,37.8,0,3,0.308,Low,0
32.3,42.2,9.6,0.6,17,56.1,0,6,0.699,High,1
27.2,80.4,4.3,4.5,2,91.1,0,2,0.032,Low,0
30.9,93.3,9.7,20.9,2,93.0,0,1,0.181,Low,0
35.3,48.3,14.0,0.0,7,82.6,0,9,0.782,Critical,1
31.7,63.9,16.2,0.8,16,58.4,0,7,0.583,High,1
29.9,54.9,7.1,1.1,20,47.4,0,7,0.518,Medium,1
32.5,63.2,2.9,8.2,2,93.7,0,9,0.194,Low,0
29.4,85.6,11.7,8.3,1,94.7,0,11,0.065,Low,0
29.7,52.0,8.0,5.9,3,89.8,1,6,0.425,Medium,0
36.8,49.0,6.9,0.0,10,75.9,0,7,0.683,High,1
27.5,85.0,11.1,22.5,0,95.0,1,10,0.0,Low,0
27.4,59.6,12.5,1.5,18,51.2,1,5,0.513,Medium,0
31.9,65.5,4.1,0.0,8,78.5,0,7,0.475,Medium,0
35.2,49.4,23.6,2.3,3,92.6,0,9,0.668,High,0
31.3,54.0,11.3,0.0,23,40.6,0,7,0.68,High,1
30.9,59.1,1.7,0.0,6,82.9,1,7,0.76,Critical,0
29.6,76.5,2.6,5.2,3,89.8,0,5,0.233,Low,0
27.5,73.6,5.4,0.4,22,41.2,0,11,0.388,Medium,0
31.3,57.7,9.2,7.7,4,88.1,1,7,0.323,Low,0
31.5,37.9,21.8,0.0,23,40.7,1,7,1.0,Critical,1
37.2,65.5,5.1,0.0,18,56.1,1,6,1.0,Critical,1
24.0,58.8,1.6,1.8,23,37.0,0,6,0.256,Low,0
29.5,42.5,3.8,1.4,6,82.3,1,9,0.559,High,1
28.2,93.8,10.5,9.2,1,94.1,0,2,0.091,Low,0
33.0,45.5,7.0,0.0,9,76.5,0,6,0.598,High,0
28.8,88.1,12.8,0.5,11,69.4,0,3,0.405,Medium,0
36.4,52.7,20.4,0.0,22,45.7,0,7,0.827,Critical,1
30.1,57.1,8.3,0.3,18,52.6,0,6,0.567,High,1
33.0,34.1,2.6,0.0,14,64.0,0,8,0.727,High,1
28.5,89.9,7.4,10.2,3,89.2,0,12,0.043,Low,0
30.7,51.7,16.3,3.2,1,95.0,0,7,0.475,Medium,0
34.5,48.0,5.3,0.0,17,57.2,0,9,0.742,High,1
24.0,69.6,19.4,6.7,4,84.5,1,11,0.156,Low,0
28.6,75.1,3.4,2.3,1,94.3,0,8,0.324,Low,0
36.8,36.3,14.1,5.6,1,95.0,0,7,0.589,High,0
25.2,79.7,2.2,58.6,0,95.0,0,4,0.072,Low,0
27.6,74.5,17.0,5.7,3,88.8,1,11,0.089,Low,0
26.0,69.2,9.1,28.3,2,90.5,1,1,0.102,Low,0
27.2,74.2,4.9,18.1,2,91.1,0,11,0.0,Low,0
27.5,56.0,24.5,0.0,16,56.3,0,8,0.439,Medium,0
28.1,48.4,1.0,0.0,11,69.1,0,7,0.492,Medium,0
32.3,49.7,10.7,0.0,18,53.6,1,9,0.938,Critical,1
31.6,55.9,11.2,6.6,2,93.3,0,6,0.343,Low,0
26.3,74.7,3.7,35.3,2,90.7,0,12,0.0,Low,0
26.6,76.3,10.9,34.9,1,93.3,0,4,0.032,Low,0
28.1,63.8,13.3,16.8,2,91.5,0,4,0.125,Low,0
34.5,44.8,8.8,0.0,10,74.7,0,7,0.733,High,1
27.3,72.3,14.5,3.6,0,95.0,0,12,0.134,Low,0
32.2,28.7,7.5,0.0,8,78.6,0,9,0.698,High,1
29.9,57.0,23.2,1.1,13,64.9,0,12,0.395,Medium,0
32.3,38.2,18.1,1.5,23,41.1,0,9,0.647,High,0
25.9,62.8,4.4,13.3,2,90.5,0,5,0.032,Low,0
29.3,82.8,19.2,0.0,14,62.2,0,5,0.417,Medium,0
29.9,45.6,3.3,0.0,16,57.5,0,9,0.643,High,0
31.2,34.3,12.4,0.0,8,78.1,0,9,0.653,High,0
27.4,75.1,4.2,29.8,4,86.2,0,5,0.0,Low,0
28.0,90.0,3.2,7.6,0,95.0,0,3,0.068,Low,0
25.7,84.3,1.2,76.1,4,85.3,0,5,0.06,Low,0
36.1,75.2,13.7,0.0,10,75.6,1,6,0.936,Critical,1
29.1,88.3,17.2,5.5,0,95.0,1,1,0.222,Low,0
35.1,39.8,8.4,0.0,9,77.6,0,7,0.761,Critical,1
26.2,76.9,5.6,18.2,4,85.6,0,5,0.115,Low,0
24.6,72.8,16.3,10.4,1,92.3,1,12,0.092,Low,0
26.3,67.9,7.6,0.3,7,78.2,0,4,0.27,Low,0
32.2,69.4,4.5,1.1,14,63.6,0,8,0.508,Medium,0
32.1,54.6,8.1,0.0,21,46.0,1,9,1.0,Critical,1
27.7,89.3,6.5,3.3,2,91.4,1,12,0.04,Low,0
27.8,61.9,14.1,23.3,1,93.9,0,3,0.223,Low,0
27.7,78.7,3.7,0.7,19,48.9,1,1,0.501,Medium,1
35.2,60.6,3.4,5.8,0,95.0,0,8,0.453,Medium,0
26.3,78.8,15.0,5.6,3,88.2,0,12,0.09,Low,0
28.7,88.7,22.9,20.8,4,86.9,1,2,0.22,Low,1
24.0,66.5,1.2,14.2,4,84.5,1,2,0.003,Low,0
26.3,91.9,6.3,0.1,24,35.7,0,12,0.349,Low,0
30.1,87.6,15.8,1.1,6,82.5,1,1,0.545,Medium,1
35.5,59.5,12.4,9.6,4,90.2,1,9,0.522,Medium,1
30.2,46.8,7.9,19.2,0,95.0,0,7,0.321,Low,1
32.2,82.4,10.6,16.3,4,88.6,0,4,0.268,Low,0
25.4,62.6,6.5,6.9,0,95.0,0,3,0.085,Low,0
29.0,77.3,7.7,0.3,11,69.5,1,10,0.533,Medium,0
29.5,90.3,2.6,3.5,3,89.8,1,4,0.306,Low,1
28.0,89.4,21.1,21.1,3,89.0,0,5,0.0,Low,0
31.3,61.7,1.3,1.1,13,65.6,0,8,0.47,Medium,1
26.4,79.9,2.1,5.7,0,95.0,1,11,0.051,Low,1
27.4,78.4,12.5,34.2,4,86.2,1,3,0.0,Low,0
30.1,52.0,20.6,6.3,2,92.6,1,6,0.733,High,0
30.6,70.7,10.1,0.0,15,60.3,0,11,0.534,Medium,0
25.1,77.4,10.7,1.5,8,75.0,0,12,0.071,Low,0
26.2,74.7,6.9,17.6,3,88.1,0,11,0.045,Low,0
29.4,84.9,13.3,5.4,3,89.7,0,1,0.199,Low,0
35.6,61.6,6.5,1.4,20,50.3,0,6,0.606,High,0
27.4,91.5,14.1,7.6,0,95.0,0,4,0.044,Low,0
25.9,80.5,3.2,21.9,0,95.0,1,2,0.0,Low,0
31.5,57.4,5.0,0.0,5,85.8,1,6,0.677,High,1
28.2,60.1,1.4,1.7,12,66.6,0,6,0.354,Medium,0
29.5,51.8,8.1,1.7,22,42.2,0,7,0.437,Medium,0
32.5,37.1,19.0,0.0,12,68.8,0,9,0.799,Critical,1
27.4,77.4,12.0,29.2,2,91.2,0,2,0.0,Low,0
24.0,73.0,9.0,15.7,4,84.5,0,4,0.0,Low,0
24.7,79.5,6.5,0.4,17,52.3,0,3,0.417,Medium,0
27.6,76.8,5.7,4.1,1,93.8,1,11,0.071,Low,0
29.0,77.7,18.6,42.2,1,94.5,1,5,0.232,Low,0
30.5,64.9,1.1,71.1,1,95.0,1,3,0.374,Medium,0
28.2,78.4,8.9,5.1,2,91.6,1,3,0.21,Low,0
33.5,43.1,11.6,2.3,2,94.3,1,9,0.769,Critical,0
24.2,72.9,12.8,12.7,4,84.6,1,10,0.011,Low,0
30.1,46.2,20.1,0.0,22,42.5,0,9,0.751,Critical,1
25.2,71.4,2.9,8.7,3,87.6,1,4,0.072,Low,0
33.3,44.7,11.4,4.8,3,91.6,0,8,0.544,Medium,0
26.8,81.6,9.6,6.4,3,88.4,0,10,0.055,Low,0
28.2,90.9,12.9,3.9,4,86.6,0,3,0.245,Low,0
24.2,80.2,17.5,6.3,3,87.1,1,2,0.002,Low,0
30.2,52.7,14.8,2.8,2,92.6,1,8,0.774,Critical,1
29.2,89.8,24.3,3.1,4,87.1,0,1,0.191,Low,0
26.3,71.7,11.9,7.0,0,95.0,0,11,0.14,Low,0
24.7,76.4,20.7,11.0,4,84.8,1,1,0.125,Low,0
26.7,64.0,19.3,1.3,24,35.9,0,6,0.428,Medium,1
34.3,51.3,5.1,0.0,11,72.2,1,6,1.0,Critical,0
24.9,40.2,1.9,0.2,23,37.4,0,8,0.494,Medium,0
32.5,53.6,16.6,2.6,3,91.3,0,7,0.457,Medium,0
30.7,72.3,2.0,1.2,13,65.3,0,2,0.352,Medium,1
25.3,77.4,11.7,4.7,3,87.6,0,4,0.071,Low,0
29.0,85.8,17.7,53.4,2,92.0,1,10,0.199,Low,0
28.3,76.4,5.6,10.2,4,86.7,0,4,0.19,Low,0
25.8,68.5,1.0,7.8,3,87.9,1,4,0.151,Low,0
30.0,83.7,17.6,36.2,3,90.0,0,2,0.196,Low,0
30.7,74.2,15.4,17.1,4,87.9,1,3,0.361,Medium,0
30.8,78.3,8.3,11.5,2,92.9,0,1,0.183,Low,1
25.5,82.5,7.2,0.6,20,45.2,0,11,0.327,Low,0
25.8,79.0,13.3,0.5,8,75.4,1,12,0.466,Medium,0
28.1,68.5,8.2,16.3,4,86.6,1,3,0.176,Low,0
29.6,82.5,9.3,2.7,1,94.8,0,2,0.25,Low,0
31.6,58.0,6.9,0.0,22,43.3,0,7,0.54,Medium,1
27.3,79.9,16.6,17.0,4,86.2,0,10,0.013,Low,0
25.0,72.2,3.6,9.1,4,85.0,1,12,0.109,Low,1
27.1,74.7,30.5,5.3,0,95.0,1,4,0.241,Low,0
28.2,82.4,1.1,4.4,1,94.1,1,3,0.301,Low,0
32.5,62.7,13.2,3.5,0,95.0,0,9,0.361,Medium,0
31.5,59.3,6.3,0.0,15,60.7,1,9,0.864,Critical,0
32.2,40.1,8.8,8.0,0,95.0,0,9,0.32,Low,0
28.9,92.2,12.5,1.8,8,77.0,1,5,0.449,Medium,0
26.2,94.2,8.5,37.2,0,95.0,0,5,0.023,Low,0
24.0,82.3,8.6,36.5,2,89.5,1,12,0.0,Low,0
26.1,40.0,8.6,0.0,16,55.5,1,9,0.874,Critical,1
33.1,72.6,5.2,0.0,18,54.1,0,8,0.749,High,1
25.4,88.6,2.1,6.6,1,92.7,0,2,0.06,Low,0
33.3,47.0,8.6,2.3,3,91.6,0,6,0.479,Medium,1
26.0,65.4,7.7,11.1,2,90.5,0,3,0.108,Low,0
35.0,60.8,10.4,0.7,7,82.5,0,9,0.678,High,1
31.9,59.3,5.0,0.0,20,48.5,1,8,0.961,Critical,1
25.2,81.2,1.9,1.5,6,80.1,0,12,0.247,Low,0
28.4,78.9,10.8,33.2,3,89.2,0,2,0.072,Low,0
29.5,49.7,0.6,0.0,23,39.7,0,9,0.537,Medium,1
33.3,43.7,13.9,3.7,4,89.2,0,9,0.61,High,1
25.2,88.8,11.3,57.3,2,90.1,0,2,0.0,Low,0
26.6,87.1,3.4,17.8,2,90.8,0,3,0.059,Low,1
34.5,37.3,4.4,0.0,21,47.3,1,9,0.985,Critical,1
25.4,79.5,15.7,10.8,2,90.2,1,2,0.009,Low,0
27.4,75.8,6.1,31.6,0,95.0,1,1,0.004,Low,0
30.2,37.7,23.8,0.0,11,70.1,1,9,0.978,Critical,1
33.4,59.2,4.0,2.7,1,95.0,0,9,0.454,Medium,1
26.6,85.2,7.4,2.7,3,88.3,1,12,0.159,Low,1
30.1,83.8,20.2,4.9,3,90.1,0,10,0.417,Medium,1
28.0,75.7,17.1,1.0,10,71.5,1,4,0.311,Low,0
26.8,78.2,8.9,43.4,0,95.0,0,10,0.079,Low,0
34.7,48.9,14.6,0.0,24,39.8,0,7,0.793,Critical,1
33.4,55.3,14.2,3.3,0,95.0,0,8,0.535,Medium,0
30.9,55.6,1.6,0.0,20,47.9,1,7,0.847,Critical,0
24.0,76.8,12.5,1.1,12,64.5,1,10,0.371,Medium,0
33.5,64.7,8.1,0.0,9,76.8,1,9,0.887,Critical,1
28.2,55.2,11.2,2.4,4,86.6,1,6,0.397,Medium,0
28.8,89.6,4.1,30.2,3,89.4,0,4,0.08,Low,0
26.6,90.6,11.8,1.5,15,58.3,1,10,0.281,Low,1
29.6,75.1,11.1,10.6,4,87.3,1,4,0.175,Low,0
27.4,92.8,8.2,5.5,3,88.7,0,11,0.015,Low,1
30.1,74.8,15.3,11.7,1,95.0,0,3,0.229,Low,0
26.6,84.3,8.0,2.1,2,90.8,1,12,0.143,Low,0
30.2,52.5,3.8,2.7,2,92.6,1,6,0.707,High,1
28.7,74.6,13.3,9.1,0,95.0,0,10,0.188,Low,0
31.8,28.0,8.5,0.9,11,70.9,1,9,1.0,Critical,1
28.8,32.5,2.7,0.8,10,71.9,1,8,0.866,Critical,1
29.6,73.0,1.5,46.6,3,89.8,1,11,0.11,Low,0
24.0,79.5,4.2,2.7,4,84.5,0,5,0.167,Low,0
26.6,80.8,0.8,16.5,3,88.3,0,4,0.0,Low,0
26.1,71.6,5.1,17.5,4,85.6,1,10,0.021,Low,0
26.5,87.1,45.0,0.0,13,63.3,0,1,0.443,Medium,0
35.0,48.0,20.1,0.0,18,55.0,0,7,0.836,Critical,1
26.5,77.2,27.2,36.7,4,85.8,1,1,0.117,Low,0
27.5,95.0,2.0,1.3,7,78.8,0,10,0.15,Low,0
25.7,94.1,20.3,11.2,3,87.8,1,10,0.142,Low,0
32.3,53.1,14.2,6.0,3,91.2,1,8,0.737,High,0
25.0,77.1,4.3,0.6,9,72.5,1,5,0.368,Medium,0
33.1,55.6,3.7,0.4,20,49.0,0,6,0.704,High,1
25.4,82.7,8.4,12.9,2,90.2,0,12,0.0,Low,0
28.6,85.9,7.0,0.0,15,59.3,1,11,0.644,High,1
34.7,81.7,11.8,2.0,0,95.0,1,9,0.648,High,0
33.9,47.9,31.0,0.0,9,76.9,1,6,1.0,Critical,1
25.4,65.4,4.5,21.9,4,85.2,0,11,0.0,Low,0
28.4,79.3,28.7,1.0,15,59.2,1,1,0.631,High,1
29.0,82.0,1.2,38.1,1,94.5,0,1,0.06,Low,0
26.3,69.8,13.3,29.4,2,90.6,0,11,0.165,Low,0
24.6,86.4,7.1,14.8,3,87.3,1,3,0.0,Low,0
27.7,72.3,10.9,41.1,1,93.8,0,3,0.007,Low,0
27.9,82.3,12.7,38.0,0,95.0,0,12,0.041,Low,0
25.2,82.0,4.3,18.3,1,92.6,1,3,0.044,Low,1
26.2,81.2,2.1,6.3,1,93.1,0,10,0.028,Low,0
24.0,77.2,22.9,17.9,0,94.5,0,1,0.014,Low,0
25.3,69.0,6.9,2.1,3,87.6,0,2,0.115,Low,0
27.5,66.6,7.8,7.5,1,93.7,1,4,0.18,Low,0
25.0,59.9,14.0,10.3,2,90.0,1,3,0.117,Low,0
32.7,34.5,5.6,0.0,20,48.9,1,9,0.944,Critical,1
26.9,77.3,8.9,3.8,3,88.4,0,3,0.009,Low,0
28.5,93.4,16.8,16.3,4,86.8,0,1,0.18,Low,0
27.0,85.2,7.3,6.7,3,88.5,0,2,0.051,Low,0
26.1,91.4,10.4,3.4,4,85.6,0,10,0.1,Low,0
32.8,25.0,6.3,1.4,22,43.9,0,9,0.647,High,1
26.8,84.3,32.8,14.7,1,93.4,0,1,0.109,Low,1
24.0,85.6,11.9,4.6,1,92.0,0,5,0.093,Low,0
27.2,88.7,12.0,8.0,2,91.1,1,4,0.063,Low,0
26.9,77.8,15.3,7.6,3,88.4,0,12,0.064,Low,0
25.1,83.3,13.3,6.6,1,92.6,0,4,0.0,Low,0
28.3,95.0,7.9,4.5,2,91.6,0,4,0.076,Low,0
28.4,45.2,9.2,0.6,9,74.2,0,6,0.587,High,1
25.0,65.6,3.5,6.4,0,95.0,1,1,0.163,Low,0
27.4,56.8,40.6,10.7,0,95.0,1,11,0.169,Low,0
28.1,82.0,4.4,14.3,1,94.1,1,3,0.163,Low,0
30.2,55.3,3.8,0.0,21,45.1,0,6,0.606,High,1
29.2,33.3,5.6,0.0,24,37.1,0,9,0.706,High,0
25.0,80.4,1.0,10.4,2,90.0,1,5,0.006,Low,0
26.1,73.6,12.6,27.1,0,95.0,0,11,0.0,Low,1
25.5,79.5,8.6,30.6,2,90.2,1,2,0.0,Low,0
27.7,74.7,3.1,100.0,0,95.0,0,2,0.031,Low,0
24.2,78.3,3.8,4.7,1,92.1,0,12,0.0,Low,0
27.0,66.8,9.7,21.0,0,95.0,0,2,0.071,Low,0
24.7,80.4,2.6,9.6,0,94.8,0,1,0.0,Low,0
31.6,31.3,19.8,0.3,12,68.3,0,9,0.846,Critical,1
25.2,75.2,4.1,2.9,3,87.6,1,12,0.116,Low,1
24.0,67.2,20.7,18.2,3,87.0,0,11,0.049,Low,0
28.0,71.5,5.2,34.3,0,95.0,0,5,0.048,Low,0
29.2,56.1,4.9,6.4,0,95.0,1,7,0.239,Low,0
27.5,80.6,5.6,0.0,9,73.7,0,4,0.132,Low,0
24.4,90.4,17.6,35.7,0,94.7,0,2,0.088,Low,1
27.5,68.6,2.8,16.8,2,91.2,0,4,0.059,Low,0
38.0,70.8,8.5,2.4,2,95.0,0,9,0.437,Medium,0
27.4,59.8,3.7,16.0,0,95.0,0,10,0.01,Low,0
28.9,95.0,38.7,26.6,2,91.9,0,4,0.126,Low,1
24.9,78.8,4.5,20.9,4,84.9,0,10,0.0,Low,0
32.4,48.9,11.6,5.4,0,95.0,0,6,0.41,Medium,1
28.5,76.5,8.6,8.1,1,94.3,1,5,0.103,Low,0
26.1,84.3,4.5,9.0,0,95.0,0,11,0.006,Low,0
33.3,53.0,10.3,0.0,19,51.6,1,9,0.931,Critical,1
32.5,71.9,4.4,0.3,23,41.2,1,4,0.863,Critical,0
25.3,83.6,25.1,61.1,3,87.6,0,12,0.133,Low,0
29.1,79.3,20.8,28.1,0,95.0,1,12,0.24,Low,0
27.8,79.6,12.0,43.0,4,86.4,0,1,0.028,Low,0
28.9,59.5,11.8,0.0,15,59.5,1,8,0.658,High,1
24.0,81.4,7.0,24.9,1,92.0,0,1,0.0,Low,0
35.7,40.4,16.6,0.0,16,60.4,1,8,1.0,Critical,1
25.4,71.0,18.8,2.7,4,85.2,0,12,0.139,Low,0
27.8,58.3,6.4,33.8,0,95.0,0,2,0.0,Low,0
28.9,90.0,9.9,10.2,1,94.4,0,12,0.118,Low,0
27.2,75.8,10.0,55.1,3,88.6,1,11,0.013,Low,0
31.4,74.8,13.4,0.0,20,48.2,0,6,0.669,High,1
29.2,74.4,13.2,36.8,3,89.6,1,4,0.172,Low,0
28.6,75.2,9.5,2.2,1,94.3,0,10,0.295,Low,0
31.4,90.8,3.3,8.7,3,90.7,1,2,0.283,Low,0
29.6,82.7,1.0,55.3,3,89.8,0,4,0.081,Low,0
26.7,70.5,11.5,13.0,2,90.8,0,3,0.109,Low,0
26.7,74.7,23.6,19.5,3,88.4,1,10,0.034,Low,0
26.7,77.8,16.7,48.2,0,95.0,0,12,0.112,Low,0
33.5,71.0,17.1,0.0,23,41.7,1,8,1.0,Critical,1
26.8,76.5,7.6,13.5,2,90.9,0,3,0.022,Low,0
26.6,77.1,4.8,6.3,4,85.8,0,10,0.088,Low,0
24.0,95.0,8.9,8.0,1,92.0,1,3,0.0,Low,0
27.7,78.1,3.9,9.5,2,91.4,1,1,0.018,Low,1
30.7,61.4,15.3,0.0,23,40.3,1,7,0.9,Critical,1
28.1,71.6,7.6,0.4,12,66.5,0,5,0.385,Medium,0
33.4,55.4,2.6,2.8,1,95.0,0,7,0.5,Medium,0
27.1,82.0,14.9,36.5,2,91.1,0,4,0.05,Low,0
30.6,51.3,18.7,0.0,9,75.3,0,8,0.662,High,1
35.2,55.7,4.8,9.4,3,92.6,0,9,0.291,Low,0
24.0,64.8,23.3,30.7,1,92.0,0,3,0.098,Low,0
28.1,82.6,5.5,41.9,3,89.0,0,5,0.102,Low,0
29.7,81.5,15.3,11.2,3,89.9,1,11,0.152,Low,0
26.8,90.1,9.2,14.2,1,93.4,0,1,0.043,Low,0
24.0,76.0,19.5,6.3,3,87.0,0,2,0.05,Low,0
34.6,40.5,22.1,0.0,6,84.8,0,9,0.757,Critical,1
25.5,87.9,35.3,18.6,2,90.2,0,3,0.054,Low,0
30.4,53.4,12.1,0.0,15,60.2,0,7,0.746,High,0
29.8,74.4,12.2,5.7,3,89.9,0,2,0.18,Low,0
24.0,69.8,9.2,0.9,15,57.0,1,2,0.621,High,0
30.7,50.8,6.4,0.0,14,62.9,1,8,0.904,Critical,1
29.6,31.2,5.7,0.0,7,79.8,0,6,0.516,Medium,1
34.0,38.6,3.4,4.0,0,95.0,1,7,0.926,Critical,1
30.4,78.5,21.0,7.9,0,95.0,0,5,0.391,Medium,0
31.1,37.6,12.1,5.9,1,95.0,0,7,0.477,Medium,0
31.7,64.5,23.4,0.0,21,45.8,0,8,0.565,High,0
31.0,93.3,1.7,1.4,21,45.5,1,5,0.66,High,1
32.5,55.4,4.6,2.5,2,93.8,1,6,0.488,Medium,0
29.1,82.0,29.3,14.2,0,95.0,0,2,0.188,Low,0
27.6,68.0,29.7,34.7,4,86.3,0,1,0.1,Low,1
26.8,47.6,7.8,0.2,20,45.9,0,7,0.517,Medium,0
26.9,88.4,8.6,86.8,2,91.0,0,5,0.0,Low,1
32.1,83.6,3.2,13.1,3,91.0,0,10,0.194,Low,0
29.2,70.2,10.1,2.4,3,89.6,0,5,0.157,Low,0
28.9,79.5,12.6,2.9,0,95.0,1,10,0.359,Medium,1
24.0,76.8,0.6,8.4,1,92.0,0,12,0.0,Low,0
30.5,45.2,3.1,0.0,22,42.8,0,6,0.687,High,1
34.7,50.1,10.7,0.0,24,39.8,1,7,1.0,Critical,1
35.9,44.7,11.9,1.8,19,52.9,1,8,1.0,Critical,1
26.4,83.0,6.2,4.7,4,85.7,0,1,0.033,Low,0
26.6,77.8,4.5,14.8,2,90.8,0,10,0.008,Low,0
31.8,51.2,13.5,0.0,14,63.4,0,7,0.623,High,1
26.8,73.8,3.9,13.4,0,95.0,0,1,0.063,Low,1
29.2,75.4,5.9,44.2,2,92.1,0,3,0.132,Low,0
26.8,85.4,14.5,10.5,2,90.9,1,1,0.045,Low,0
35.5,25.0,6.4,0.0,13,67.7,1,7,1.0,Critical,1
26.8,80.3,16.5,22.5,3,88.4,0,5,0.074,Low,0
35.4,65.8,4.9,5.7,1,95.0,1,6,0.562,High,0
33.2,60.7,7.0,0.0,19,51.6,0,7,0.649,High,1
35.9,50.9,20.2,0.0,11,72.9,1,9,1.0,Critical,1
29.3,77.5,10.0,4.2,0,95.0,0,2,0.101,Low,0
30.6,39.0,3.7,0.0,20,47.8,0,6,0.751,Critical,1
34.0,59.4,9.2,0.0,13,67.0,0,9,0.715,High,1
26.8,66.2,28.4,21.4,0,95.0,0,12,0.18,Low,0
27.5,65.1,14.8,10.2,4,86.3,0,1,0.097,Low,1
27.5,75.1,3.0,54.4,2,91.2,1,11,0.1,Low,0
27.2,79.2,24.3,0.2,9,73.6,1,5,0.468,Medium,1
24.0,91.3,16.8,0.1,13,62.0,0,2,0.332,Low,0
31.3,56.5,37.4,3.6,3,90.6,1,7,0.604,High,1
27.4,84.4,16.9,15.4,0,95.0,0,2,0.096,Low,0
29.5,51.1,14.8,0.0,20,47.3,0,7,0.557,High,1
29.4,69.8,15.6,11.6,2,92.2,0,1,0.171,Low,0
24.0,91.0,1.6,11.0,4,84.5,1,11,0.0,Low,0
29.8,74.0,1.2,18.1,1,94.9,0,11,0.113,Low,0
26.5,91.2,10.5,20.4,0,95.0,0,1,0.0,Low,0
34.8,41.8,9.1,0.0,14,64.9,1,8,0.963,Critical,1
29.5,71.7,8.7,52.8,4,87.2,0,5,0.147,Low,1
27.0,60.9,8.9,1.3,5,83.5,0,5,0.119,Low,0
24.0,87.4,11.7,36.2,4,84.5,1,5,0.0,Low,0
33.0,42.8,0.7,8.1,1,95.0,1,8,0.463,Medium,1
30.2,55.2,2.4,0.8,17,55.1,0,7,0.591,High,1
26.0,76.8,10.5,5.0,4,85.5,0,4,0.03,Low,0
25.4,86.1,6.8,13.7,0,95.0,0,10,0.088,Low,0
27.9,74.3,13.4,25.7,0,95.0,0,1,0.036,Low,0
27.3,85.1,9.8,2.1,4,86.2,0,1,0.05,Low,1
24.0,69.3,8.2,4.6,3,87.0,0,12,0.074,Low,0
28.5,92.3,20.7,0.3,12,66.7,0,10,0.439,Medium,0
29.8,60.5,13.7,1.7,11,69.9,0,7,0.41,Medium,0
26.9,33.8,6.9,1.9,16,55.9,0,7,0.56,High,1
25.8,76.8,2.5,100.0,3,87.9,0,2,0.0,Low,0
28.0,71.3,19.3,31.1,1,94.0,0,4,0.158,Low,1
27.2,60.6,2.7,1.4,19,48.6,1,8,0.512,Medium,0
26.4,83.9,8.0,16.2,1,93.2,0,4,0.057,Low,0
29.6,53.8,8.4,2.7,0,95.0,0,6,0.304,Low,0
30.4,81.1,4.0,0.8,12,67.7,0,10,0.518,Medium,0
29.5,82.0,1.1,64.7,0,95.0,0,12,0.153,Low,0
34.4,47.9,5.7,0.0,19,52.2,1,7,1.0,Critical,1
29.5,46.8,2.6,0.0,19,49.8,0,8,0.648,High,1
29.3,61.3,20.1,63.3,0,95.0,0,1,0.221,Low,0
34.1,45.8,6.3,0.0,14,64.5,0,8,0.736,High,1
27.4,57.8,18.3,0.0,8,76.2,0,9,0.328,Low,0
27.9,82.5,10.5,8.1,3,89.0,0,1,0.047,Low,0
28.4,67.6,17.8,14.9,4,86.7,0,2,0.23,Low,0
29.1,84.6,7.2,1.4,16,57.1,1,4,0.537,Medium,0
36.2,40.8,11.9,2.1,4,90.6,0,6,0.471,Medium,1
26.2,83.0,3.5,8.1,0,95.0,1,10,0.072,Low,0
28.3,63.8,2.7,1.4,5,84.1,0,11,0.172,Low,0
24.0,80.8,7.3,4.9,0,94.5,0,1,0.063,Low,0
29.8,75.4,6.1,13.1,3,89.9,0,5,0.101,Low,0
28.4,81.9,1.4,6.5,4,86.7,1,11,0.261,Low,0
26.1,68.3,5.2,15.9,3,88.1,0,11,0.058,Low,0
26.5,85.2,7.3,19.0,3,88.3,1,12,0.0,Low,1
25.3,85.9,7.0,60.8,4,85.1,1,2,0.0,Low,0
29.7,81.9,12.1,30.0,4,87.3,1,3,0.162,Low,0
32.6,60.2,2.1,0.0,9,76.3,0,6,0.575,High,1
28.6,36.1,12.1,0.0,5,84.3,0,6,0.577,High,0
25.3,42.1,7.9,0.0,9,72.6,0,7,0.44,Medium,0
26.9,88.2,2.7,17.5,1,93.5,0,1,0.0,Low,1
28.5,80.6,5.4,8.9,4,86.7,1,1,0.244,Low,0
24.0,58.2,1.5,36.6,4,84.5,1,1,0.054,Low,0
28.3,44.9,21.3,0.0,15,59.1,1,9,0.9,Critical,1
29.6,73.6,25.6,0.2,9,74.8,1,5,0.627,High,0
24.0,86.4,4.5,22.9,3,87.0,1,1,0.041,Low,0
32.3,44.6,6.9,0.0,11,71.2,1,9,0.948,Critical,1
24.8,73.1,10.2,11.9,0,94.9,1,2,0.042,Low,0
27.5,77.8,7.2,26.1,3,88.7,1,10,0.0,Low,1
27.2,81.3,3.0,12.6,2,91.1,1,4,0.051,Low,1
27.1,83.8,3.5,8.7,0,95.0,0,3,0.0,Low,0
26.6,81.3,0.9,60.5,3,88.3,0,10,0.0,Low,0
26.9,95.0,8.5,20.8,2,90.9,1,1,0.084,Low,0
31.6,48.5,25.4,0.5,16,58.3,1,6,1.0,Critical,1
25.7,82.2,1.7,19.7,4,85.4,0,4,0.019,Low,0
29.2,70.6,11.7,4.5,3,89.6,1,10,0.232,Low,0
26.6,87.1,2.2,10.7,0,95.0,0,12,0.027,Low,0
26.9,90.1,8.0,32.3,1,93.5,0,2,0.0,Low,0
28.0,76.7,1.6,2.3,1,94.0,0,4,0.069,Low,0
25.1,67.9,10.9,5.7,2,90.1,0,12,0.057,Low,0
30.0,95.0,13.7,23.4,0,95.0,0,1,0.084,Low,0
30.5,55.3,3.8,0.0,14,62.7,0,9,0.44,Medium,1
35.0,61.4,8.4,0.0,12,70.0,0,6,0.69,High,1
28.0,77.8,7.2,8.8,3,89.0,0,1,0.084,Low,0
35.2,57.9,6.1,0.0,16,60.1,0,8,0.728,High,1
31.1,39.3,13.3,0.0,23,40.5,0,7,0.781,Critical,0
28.9,85.3,27.4,7.6,3,89.4,0,2,0.325,Low,1
25.5,89.9,7.0,0.9,5,82.8,1,3,0.29,Low,0
28.4,80.2,3.7,32.1,4,86.7,0,4,0.052,Low,0
31.7,58.9,8.6,0.0,9,75.8,0,9,0.463,Medium,1
33.8,49.3,19.5,7.3,3,91.9,0,6,0.507,Medium,0
25.1,64.6,3.9,38.3,0,95.0,0,2,0.0,Low,0
25.3,85.7,7.6,11.3,4,85.2,0,12,0.0,Low,0
27.5,80.4,6.3,16.4,4,86.3,0,4,0.0,Low,0
30.5,54.1,4.1,6.0,2,92.7,0,7,0.345,Low,0
28.4,72.5,14.2,8.0,4,86.7,0,5,0.148,Low,0
30.0,87.0,11.6,14.4,1,95.0,0,1,0.134,Low,0
24.0,87.5,7.5,49.3,3,87.0,0,10,0.021,Low,0
24.0,75.0,1.7,2.0,2,89.5,1,2,0.117,Low,0
27.6,75.6,12.7,5.0,0,95.0,1,4,0.086,Low,0
26.8,64.2,3.8,21.5,3,88.4,1,4,0.132,Low,0
28.0,79.1,10.4,2.8,1,94.0,0,4,0.119,Low,0
28.4,82.9,4.5,57.3,0,95.0,1,12,0.139,Low,0
29.0,69.0,3.7,24.7,1,94.5,0,4,0.185,Low,0
28.6,76.0,27.1,15.5,1,94.3,1,10,0.323,Low,1
29.1,70.9,6.7,7.9,1,94.6,1,2,0.218,Low,0
30.2,89.5,39.7,2.6,3,90.1,0,3,0.348,Low,1
34.6,50.5,11.2,0.0,20,49.8,0,8,0.814,Critical,1
27.9,83.3,5.7,19.2,2,91.4,1,12,0.027,Low,0
31.9,46.9,14.9,3.4,3,91.0,0,9,0.476,Medium,0
24.0,95.0,7.9,1.9,22,39.5,0,4,0.326,Low,0
25.8,70.3,30.6,8.9,3,87.9,0,11,0.12,Low,1
27.4,73.2,9.4,19.4,3,88.7,1,10,0.0,Low,0
28.5,76.5,1.7,10.6,2,91.8,1,1,0.22,Low,0
24.2,67.5,3.4,6.3,3,87.1,0,2,0.097,Low,0
28.8,76.6,1.5,18.7,2,91.9,0,2,0.166,Low,0
28.5,53.0,4.7,0.0,10,71.7,1,6,0.683,High,0
26.1,73.4,6.5,20.5,1,93.1,0,4,0.104,Low,0
33.2,32.0,19.9,0.0,8,79.1,1,6,1.0,Critical,1
26.3,75.6,4.0,18.5,4,85.6,0,10,0.0,Low,1
27.5,74.7,24.6,9.9,3,88.7,0,3,0.038,Low,0
28.1,85.1,1.3,18.7,2,91.5,0,4,0.082,Low,0
27.8,73.7,8.9,0.3,18,51.4,0,1,0.414,Medium,1
26.5,78.6,16.8,11.3,4,85.7,0,12,0.068,Low,0
32.9,54.1,28.1,0.9,6,83.9,0,7,0.753,Critical,1
32.2,52.1,2.6,2.8,3,91.1,1,7,0.66,High,1
28.2,80.9,3.4,55.0,0,95.0,1,3,0.162,Low,0
24.9,87.9,8.5,16.0,4,84.9,0,10,0.0,Low,0
33.0,51.2,5.8,0.0,21,46.5,0,6,0.599,High,0
26.5,72.5,1.8,8.7,0,95.0,0,11,0.0,Low,0
24.0,67.7,12.7,10.2,4,84.5,1,1,0.165,Low,0
27.4,93.3,5.2,9.4,3,88.7,0,10,0.0,Low,0
26.6,88.3,13.5,3.7,3,88.3,0,4,0.106,Low,0
27.5,89.5,10.1,3.9,2,91.3,0,2,0.0,Low,0
27.8,89.6,10.8,6.0,2,91.4,0,3,0.021,Low,0
29.4,75.2,7.9,11.4,2,92.2,1,12,0.218,Low,0
28.5,76.5,4.5,28.1,1,94.3,0,11,0.117,Low,0
26.4,66.4,2.4,24.9,3,88.2,0,3,0.172,Low,0
29.6,43.5,13.3,0.2,10,72.3,0,7,0.544,Medium,0
28.6,75.0,5.9,6.6,3,89.3,1,10,0.228,Low,0
28.0,77.7,4.3,0.0,24,36.5,1,12,0.719,High,0
30.7,37.7,5.3,0.0,20,47.8,0,6,0.817,Critical,1
29.9,68.5,10.1,8.8,4,87.4,0,10,0.166,Low,0
29.0,77.6,6.9,8.8,3,89.5,0,1,0.0,Low,0
27.0,76.5,7.0,9.2,0,95.0,0,2,0.0,Low,0
25.7,83.8,16.8,5.8,0,95.0,1,2,0.208,Low,0
27.7,72.4,6.4,2.6,1,93.8,1,2,0.164,Low,0
32.8,48.9,23.3,0.5,17,56.4,0,8,0.835,Critical,1
24.0,74.3,11.7,8.9,0,94.5,0,4,0.0,Low,0
27.9,87.9,15.3,0.1,20,46.4,0,11,0.373,Medium,0
35.2,31.2,17.2,2.7,3,92.6,0,9,0.668,High,1
32.8,31.3,4.7,0.0,15,61.4,1,9,1.0,Critical,1
26.0,79.5,0.9,19.5,3,88.0,0,12,0.014,Low,0
27.2,68.2,9.4,38.7,2,91.1,0,1,0.104,Low,0
24.8,83.0,5.0,14.8,2,89.9,0,10,0.0,Low,0
25.6,76.4,17.3,25.7,2,90.3,0,1,0.042,Low,1
26.0,82.0,23.7,9.9,0,95.0,1,2,0.061,Low,0
29.9,72.9,5.7,14.8,3,90.0,0,2,0.188,Low,1
35.7,45.9,5.5,0.7,23,42.9,1,8,1.0,Critical,1
33.5,42.7,3.2,0.0,6,84.2,0,7,0.68,High,1
34.1,34.7,10.9,1.3,12,69.5,0,8,0.695,High,0
31.8,39.8,5.3,0.0,20,48.4,0,7,0.685,High,0
28.2,85.2,11.1,11.2,0,95.0,1,11,0.095,Low,0
26.5,77.8,19.3,9.3,1,93.3,0,11,0.227,Low,0
30.3,34.5,14.4,0.7,8,77.6,0,7,0.708,High,1
34.1,44.5,3.4,0.0,5,87.1,1,6,0.855,Critical,1
29.0,67.3,8.3,4.4,1,94.5,0,10,0.215,Low,0
25.4,76.3,9.8,14.9,3,87.7,0,5,0.0,Low,0
33.3,39.3,20.8,0.0,5,86.6,1,8,0.969,Critical,1
26.0,72.8,8.3,1.6,6,80.5,0,12,0.154,Low,0
30.8,47.1,5.8,0.0,18,52.9,0,6,0.778,Critical,1
27.8,77.6,6.4,2.9,4,86.4,0,3,0.143,Low,0
31.2,70.4,19.7,47.8,4,88.1,1,12,0.512,Medium,1
26.3,80.8,13.7,16.8,2,90.7,0,4,0.038,Low,0
33.7,47.9,2.1,4.4,0,95.0,0,6,0.33,Low,0
31.7,39.0,16.1,5.4,2,93.3,0,7,0.549,Medium,0
28.5,80.5,1.3,31.5,3,89.2,0,10,0.104,Low,0
28.1,80.0,5.7,12.9,1,94.1,1,10,0.233,Low,0
27.7,85.2,7.0,9.3,2,91.4,1,4,0.042,Low,0
24.3,82.7,11.0,7.1,4,84.6,0,12,0.0,Low,0
26.2,93.9,8.5,36.4,4,85.6,0,12,0.011,Low,1
29.3,75.1,11.0,18.6,0,95.0,1,4,0.121,Low,0
25.0,82.5,6.2,9.8,4,85.0,1,12,0.052,Low,0
29.2,54.4,1.4,23.7,0,95.0,1,1,0.471,Medium,1
28.2,79.1,22.6,18.5,4,86.6,1,12,0.245,Low,0
27.9,77.7,21.8,3.1,0,95.0,1,4,0.235,Low,1
28.9,86.2,6.7,86.1,1,94.4,0,11,0.111,Low,0
24.9,66.7,10.8,26.5,1,92.5,0,5,0.0,Low,0
26.9,77.4,21.9,1.0,17,53.4,0,3,0.324,Low,0
27.0,82.4,3.7,22.4,2,91.0,0,10,0.026,Low,1
26.7,81.2,8.9,1.8,15,58.3,0,11,0.25,Low,0
27.5,85.5,19.1,6.9,4,86.2,0,5,0.124,Low,1
26.2,75.3,11.4,27.0,1,93.1,0,11,0.0,Low,0
25.3,67.6,3.3,17.7,3,87.7,0,3,0.0,Low,0
24.0,79.0,8.5,5.2,2,89.5,0,3,0.031,Low,0
29.2,65.9,5.0,0.0,16,57.1,0,8,0.515,Medium,1
26.9,81.7,15.9,1.0,17,53.5,0,11,0.322,Low,1
30.3,53.4,2.2,2.1,0,95.0,1,6,0.63,High,1
36.0,50.5,3.8,0.0,5,88.0,0,7,0.693,High,1
32.7,39.2,9.0,0.0,6,83.9,0,6,0.722,High,1
27.9,79.5,6.2,42.1,4,86.5,0,2,0.0,Low,0
28.5,92.4,3.7,1.0,16,56.7,0,11,0.285,Low,0
30.9,73.4,1.6,3.9,0,95.0,0,10,0.27,Low,0
27.1,74.4,10.4,1.7,9,73.6,1,5,0.315,Low,0
33.2,42.0,6.0,0.0,16,59.1,1,6,1.0,Critical,1
29.9,75.4,25.6,1.5,8,77.4,0,2,0.345,Low,0
24.0,74.8,26.4,60.3,4,84.5,1,10,0.197,Low,0
28.1,87.8,16.7,8.7,0,95.0,0,12,0.237,Low,0
26.4,90.8,7.4,12.2,0,95.0,0,4,0.007,Low,0
29.1,84.3,4.5,10.6,3,89.6,0,2,0.041,Low,0
26.5,85.2,11.1,35.5,2,90.7,1,10,0.0,Low,0
27.1,83.8,7.2,1.6,17,53.5,0,3,0.333,Low,0
38.0,25.0,21.6,1.5,23,44.0,1,7,1.0,Critical,1
24.3,79.1,10.7,22.7,2,89.7,0,3,0.0,Low,0
26.6,72.6,4.5,11.0,1,93.3,0,3,0.07,Low,0
28.0,75.4,7.2,26.4,1,94.0,1,3,0.037,Low,0
24.5,81.5,8.1,14.9,0,94.8,1,5,0.0,Low,0
24.0,78.7,18.9,8.2,2,89.5,0,10,0.129,Low,0
28.6,82.5,6.5,17.1,1,94.3,1,12,0.166,Low,0
33.3,67.6,8.0,3.8,1,95.0,1,8,0.532,Medium,0
28.0,65.8,10.7,8.5,2,91.5,0,5,0.139,Low,0
24.0,79.3,19.0,0.1,18,49.5,0,5,0.482,Medium,1
25.2,77.0,9.3,8.4,0,95.0,0,3,0.0,Low,0
29.9,52.0,8.3,0.0,15,59.9,1,8,0.811,Critical,1
24.4,81.8,14.7,13.9,4,84.7,0,10,0.004,Low,0
25.3,67.0,1.3,3.0,1,92.7,1,3,0.215,Low,0
30.9,33.8,16.7,2.1,1,95.0,1,9,0.768,Critical,1
27.0,95.0,2.7,15.8,2,91.0,0,2,0.0,Low,0
33.2,51.6,5.0,0.0,8,79.1,0,7,0.738,High,1
32.0,49.4,3.6,0.0,21,46.0,0,9,0.668,High,1
29.9,61.5,6.4,9.8,0,95.0,0,10,0.219,Low,0
26.5,75.1,13.6,9.1,4,85.8,1,12,0.021,Low,1
29.4,57.9,1.0,5.6,4,87.2,0,11,0.197,Low,0
27.7,75.2,12.6,4.2,0,95.0,1,10,0.094,Low,0
28.3,61.6,9.2,0.0,10,71.6,0,6,0.462,Medium,0
29.3,58.2,5.4,0.0,6,82.2,0,6,0.325,Low,0
29.5,40.2,5.6,0.0,12,67.2,1,6,0.86,Critical,0
27.2,85.6,17.1,12.7,1,93.6,0,2,0.027,Low,0
25.1,85.1,5.6,1.5,11,67.6,0,12,0.225,Low,0
25.1,79.2,5.4,57.1,1,92.6,0,2,0.046,Low,0
27.4,85.1,27.1,2.9,4,86.2,1,5,0.328,Low,0
27.1,77.6,23.5,5.6,0,95.0,1,2,0.126,Low,0
24.5,86.3,4.0,9.4,1,92.3,0,1,0.022,Low,0
36.0,64.5,10.2,1.1,8,80.5,0,8,0.542,Medium,1
24.0,65.3,6.7,2.3,3,87.0,0,12,0.265,Low,1
27.5,84.3,7.8,6.3,1,93.8,0,4,0.077,Low,0
35.0,50.4,4.9,0.0,7,82.5,1,8,0.986,Critical,1
27.2,57.8,10.6,0.0,14,61.1,0,7,0.398,Medium,0
25.4,70.5,15.6,11.1,3,87.7,0,4,0.0,Low,0
27.4,83.6,7.9,9.7,2,91.2,0,10,0.0,Low,0
26.6,84.6,8.5,11.4,2,90.8,0,4,0.0,Low,0
25.7,85.9,9.7,3.4,0,95.0,0,3,0.003,Low,1
31.5,66.6,6.9,0.0,9,75.8,1,9,0.82,Critical,1
26.7,91.8,2.2,13.4,3,88.3,1,3,0.0,Low,0
29.9,78.7,4.4,6.0,2,92.5,0,5,0.155,Low,0
24.9,73.4,0.6,37.1,4,84.9,0,10,0.04,Low,0
28.6,73.0,3.9,5.8,1,94.3,0,3,0.193,Low,0
30.1,84.6,6.8,39.1,1,95.0,0,2,0.159,Low,0
26.3,80.2,4.2,3.6,4,85.6,1,12,0.083,Low,0
31.2,45.7,5.1,0.0,23,40.6,0,7,0.669,High,1
34.4,53.9,11.3,0.0,21,47.2,1,9,0.909,Critical,1
25.4,69.4,12.7,2.6,0,95.0,1,1,0.305,Low,0
31.8,46.9,11.6,2.9,0,95.0,0,9,0.418,Medium,0
26.7,78.2,3.9,0.9,14,60.8,0,12,0.276,Low,0
27.6,60.8,18.8,8.1,0,95.0,1,2,0.189,Low,0
31.0,72.6,5.3,24.6,0,95.0,0,10,0.17,Low,0
27.1,73.5,7.4,51.7,3,88.6,1,11,0.0,Low,0
27.2,90.2,12.2,43.8,3,88.6,0,12,0.081,Low,0
24.0,77.1,14.6,42.4,3,87.0,1,10,0.0,Low,0
36.2,42.9,12.5,1.1,7,83.1,0,9,0.628,High,0
31.6,44.8,18.2,5.6,2,93.3,1,7,0.656,High,0
28.3,67.7,4.1,11.6,4,86.7,0,10,0.164,Low,0
29.7,67.7,4.2,9.1,3,89.9,0,6,0.139,Low,0
30.7,50.1,7.0,0.0,15,60.4,0,6,0.695,High,1
27.4,83.0,7.4,8.2,3,88.7,0,11,0.0,Low,1
29.1,64.4,2.9,11.8,3,89.6,1,4,0.303,Low,0
27.4,83.3,17.7,7.4,3,88.7,1,4,0.137,Low,0
31.9,60.6,7.5,0.3,20,48.5,0,9,0.667,High,0
33.5,25.0,18.6,1.6,24,39.2,0,8,0.825,Critical,1
28.0,81.5,5.9,32.4,2,91.5,1,1,0.277,Low,0
31.7,64.9,19.2,5.4,1,95.0,1,6,0.539,Medium,0
31.1,44.8,1.2,0.7,20,48.1,0,8,0.707,High,1
24.1,80.6,4.8,21.3,4,84.6,0,5,0.0,Low,0
26.7,77.4,8.4,10.8,1,93.4,0,12,0.011,Low,0
31.2,41.1,14.2,2.9,4,88.1,0,6,0.47,Medium,0
25.7,81.1,11.5,37.2,1,92.9,0,5,0.0,Low,0
34.8,36.5,11.4,0.0,5,87.4,0,6,0.787,Critical,0
28.4,78.0,14.8,12.7,1,94.2,0,3,0.191,Low,0
29.1,72.4,6.5,9.2,4,87.1,0,12,0.099,Low,0
28.1,72.1,2.9,13.3,1,94.0,0,1,0.022,Low,0
28.6,69.0,10.1,4.8,2,91.8,1,2,0.262,Low,0
25.8,70.6,4.2,43.1,4,85.4,0,2,0.0,Low,0
25.5,74.0,4.3,25.7,4,85.3,0,3,0.0,Low,0
32.8,48.2,13.9,7.3,0,95.0,0,9,0.373,Medium,0
29.7,41.6,5.8,0.0,15,59.8,0,8,0.585,High,1
24.0,70.4,24.2,1.1,9,72.0,1,4,0.354,Medium,0
29.8,77.6,7.4,18.9,0,95.0,0,4,0.079,Low,0
25.7,77.7,13.6,22.5,1,92.9,0,4,0.0,Low,0
30.4,48.8,1.2,0.3,15,60.2,0,9,0.655,High,1
26.9,79.3,7.7,19.7,2,91.0,0,1,0.005,Low,0
28.3,82.1,4.4,25.0,4,86.6,1,1,0.111,Low,0
31.8,48.2,6.5,0.0,16,58.4,0,6,0.675,High,0
28.6,72.2,25.5,0.4,5,84.3,0,5,0.442,Medium,1
31.1,39.6,8.0,0.0,16,58.0,1,7,1.0,Critical,1
27.5,74.2,6.5,10.3,0,95.0,0,2,0.0,Low,0
27.7,78.9,9.2,0.7,8,76.4,1,5,0.457,Medium,0
31.1,33.7,20.1,7.0,4,88.1,1,7,0.868,Critical,1
28.4,66.1,7.3,0.5,17,54.2,1,11,0.66,High,1
26.7,81.8,11.1,1.4,22,40.8,0,11,0.162,Low,1
24.0,74.9,4.6,5.3,1,92.0,0,4,0.044,Low,0
25.5,84.5,1.7,54.7,2,90.3,0,4,0.033,Low,0
32.6,46.5,13.6,0.0,13,66.3,1,9,0.979,Critical,0
29.9,56.9,4.5,0.0,18,52.4,1,8,0.702,High,0
28.3,73.4,5.2,3.0,2,91.6,0,5,0.202,Low,0
32.6,41.4,12.6,1.7,8,78.8,0,8,0.473,Medium,1
29.1,83.6,8.3,23.4,0,95.0,1,3,0.155,Low,0
26.2,71.4,11.2,1.3,22,40.6,0,4,0.267,Low,1
27.1,88.9,13.3,11.4,2,91.0,0,10,0.0,Low,0
35.6,55.5,14.8,1.2,22,45.3,0,8,0.696,High,1
24.0,89.2,22.7,3.4,4,84.5,1,12,0.16,Low,0
32.6,41.7,17.6,6.5,3,91.3,0,7,0.443,Medium,0
25.8,74.3,15.7,6.9,2,90.4,0,11,0.059,Low,1
27.7,80.9,14.2,15.1,1,93.9,0,2,0.0,Low,0
33.2,58.6,3.0,0.0,16,59.1,0,6,0.661,High,1
28.8,80.1,2.1,15.0,1,94.4,0,10,0.202,Low,1
27.7,79.6,25.9,10.5,2,91.3,0,11,0.166,Low,0
28.9,70.3,2.3,13.6,4,87.0,0,10,0.173,Low,0
25.6,83.2,12.9,5.6,2,90.3,0,4,0.064,Low,0
29.7,27.0,4.4,0.2,12,67.3,0,7,0.679,High,1
25.1,78.5,7.8,0.8,17,52.6,0,12,0.354,Medium,0
31.0,71.3,4.5,0.3,7,80.5,1,7,0.681,High,0
32.1,27.2,12.5,0.0,22,43.5,1,7,1.0,Critical,1
35.2,43.6,25.9,0.1,10,75.1,0,7,0.853,Critical,1
36.4,63.2,3.4,0.0,20,50.7,1,8,1.0,Critical,0
24.2,83.7,10.4,10.1,0,94.6,1,5,0.0,Low,0
32.6,35.8,5.4,4.0,0,95.0,1,6,0.739,High,1
29.2,25.0,4.5,0.0,15,59.6,1,6,0.956,Critical,1
32.6,54.6,17.8,0.1,7,81.3,1,9,0.863,Critical,0
27.1,79.8,3.7,34.5,3,88.5,0,11,0.0,Low,0
27.3,84.6,9.7,19.2,2,91.2,1,3,0.046,Low,0
30.2,78.5,8.9,27.3,1,95.0,1,12,0.247,Low,0
32.3,66.5,6.0,2.4,2,93.7,1,8,0.499,Medium,1
31.8,44.0,27.3,0.0,20,48.4,1,8,1.0,Critical,1
28.5,91.9,4.4,13.1,0,95.0,0,11,0.117,Low,0
25.2,77.1,3.4,17.4,0,95.0,1,4,0.0,Low,0
32.7,40.1,12.5,0.0,10,73.8,0,7,0.684,High,1
26.0,72.1,3.2,9.7,2,90.5,1,12,0.008,Low,0
31.8,48.9,9.8,3.8,3,90.9,0,7,0.379,Medium,0
27.9,78.4,7.7,10.7,0,95.0,0,11,0.035,Low,0
28.1,77.3,4.7,20.9,4,86.5,1,10,0.097,Low,1
28.6,83.6,6.0,9.2,4,86.8,1,11,0.094,Low,0
25.9,81.9,20.2,7.8,4,85.4,0,1,0.135,Low,0
30.2,54.0,6.2,2.9,1,95.0,0,9,0.383,Medium,0
25.2,67.4,2.3,69.0,3,87.6,0,2,0.04,Low,0
24.0,73.2,14.2,75.3,2,89.5,0,11,0.058,Low,0
28.2,64.6,6.1,19.1,4,86.6,0,4,0.184,Low,0
28.3,73.3,4.3,2.6,3,89.2,0,10,0.215,Low,0
28.0,77.7,11.7,6.0,2,91.5,1,2,0.083,Low,0
34.5,55.8,2.8,0.0,13,67.3,0,7,0.601,High,1
31.4,61.3,14.8,3.6,2,93.2,1,7,0.438,Medium,0
25.5,84.4,4.7,1.0,20,45.2,1,12,0.464,Medium,0
30.7,47.9,10.4,8.7,4,87.8,1,7,0.545,Medium,0
27.9,70.0,6.4,8.3,2,91.5,0,2,0.044,Low,0
28.3,65.1,7.4,3.5,2,91.7,0,1,0.314,Low,0
32.5,31.9,15.6,2.2,4,88.7,0,7,0.591,High,0
31.1,62.5,19.9,0.0,17,55.6,0,9,0.662,High,0
36.4,62.0,10.1,4.4,4,90.7,1,9,0.641,High,0
27.7,89.9,9.6,12.7,2,91.4,0,11,0.006,Low,0
33.5,38.5,10.3,0.0,23,41.8,1,6,0.957,Critical,1
24.9,75.6,14.7,21.3,4,84.9,0,5,0.108,Low,0
26.2,77.8,17.6,21.2,3,88.1,1,5,0.0,Low,0
31.0,45.3,4.9,1.4,14,63.0,0,6,0.495,Medium,1
30.0,73.3,4.7,4.8,3,90.0,1,11,0.427,Medium,1
24.0,74.7,14.8,5.9,4,84.5,0,10,0.073,Low,0
24.0,91.6,4.5,0.2,5,82.0,0,12,0.171,Low,0
26.6,73.3,13.6,0.5,23,38.3,0,11,0.382,Medium,1
27.6,79.8,21.0,10.7,4,86.3,0,10,0.049,Low,0
26.5,71.9,22.8,19.0,3,88.2,0,3,0.065,Low,0
29.8,59.1,11.9,0.0,10,72.4,1,8,0.622,High,1
25.7,78.8,16.0,8.1,2,90.4,1,3,0.079,Low,0
29.0,76.6,5.7,3.5,4,87.0,0,4,0.077,Low,0
32.9,48.5,6.4,6.6,3,91.4,0,8,0.433,Medium,0
31.4,69.0,3.2,0.0,15,60.7,1,6,0.88,Critical,0
33.3,51.6,8.8,0.0,11,71.7,0,8,0.786,Critical,1
26.3,76.7,7.9,3.7,1,93.2,0,2,0.033,Low,1
27.5,82.4,10.1,43.8,4,86.3,0,10,0.019,Low,0
27.8,74.3,10.8,56.9,3,88.9,0,12,0.048,Low,0
33.5,27.6,7.9,0.0,7,81.7,1,7,0.993,Critical,1
28.7,71.3,10.9,11.2,2,91.9,1,5,0.103,Low,0
24.4,75.3,2.4,37.3,2,89.7,0,12,0.0,Low,1
24.1,78.5,6.2,4.8,2,89.5,0,5,0.043,Low,0
27.0,81.8,14.2,62.6,0,95.0,0,11,0.101,Low,0
24.6,84.7,2.6,22.6,3,87.3,0,3,0.125,Low,1
25.8,72.5,13.5,48.1,3,87.9,0,4,0.121,Low,0
28.2,95.0,4.5,18.0,1,94.1,0,10,0.0,Low,0
33.8,42.3,10.8,5.3,3,91.9,0,8,0.471,Medium,0
28.3,74.4,12.2,4.0,2,91.6,1,10,0.24,Low,0
30.9,43.0,28.7,0.0,5,85.5,0,7,0.616,High,1
28.6,82.6,1.6,18.0,4,86.8,1,1,0.115,Low,0
33.1,50.8,9.5,0.0,24,39.1,0,6,0.819,Critical,1
25.9,68.1,4.9,25.9,4,85.4,0,12,0.065,Low,0
26.9,75.6,10.9,18.5,1,93.4,0,10,0.024,Low,0
33.5,39.2,5.2,0.0,10,74.2,0,8,0.787,Critical,1
24.0,70.4,20.6,4.0,4,84.5,1,1,0.204,Low,0
29.2,92.4,10.2,1.2,14,62.1,0,5,0.29,Low,0
25.9,77.0,19.1,33.1,1,93.0,0,11,0.0,Low,0
30.3,71.0,12.9,0.3,23,40.1,1,6,0.829,Critical,1
34.0,57.3,4.1,1.2,20,49.5,1,7,0.9,Critical,0
24.2,75.5,17.5,0.9,17,52.1,1,1,0.577,High,1
34.4,49.6,0.5,4.7,4,89.7,1,8,0.746,High,1
30.7,61.2,7.6,0.0,16,57.8,0,7,0.482,Medium,1
24.0,77.6,11.8,7.3,3,87.0,0,12,0.075,Low,0
26.7,86.1,3.2,6.1,2,90.8,1,1,0.124,Low,0
24.0,75.8,11.3,24.9,4,84.5,0,10,0.0,Low,0
28.8,81.1,4.1,40.8,0,95.0,1,5,0.2,Low,0
38.0,42.9,2.1,0.0,7,84.0,0,6,0.647,High,0
24.7,79.1,14.4,49.7,4,84.8,1,11,0.082,Low,0
27.9,68.4,8.9,20.1,4,86.5,1,2,0.089,Low,0
31.7,56.9,29.1,0.0,24,38.3,1,7,0.956,Critical,1
32.4,56.4,11.8,12.7,3,91.2,0,8,0.205,Low,0
25.1,81.3,2.7,13.8,2,90.1,0,2,0.0,Low,0
25.2,88.0,1.9,49.6,0,95.0,0,1,0.085,Low,0
32.1,71.6,0.6,0.3,18,53.5,0,7,0.607,High,1
28.5,55.0,3.6,1.6,9,74.3,0,8,0.273,Low,0
25.7,60.0,9.3,23.4,4,85.3,0,11,0.013,Low,0
25.2,63.5,6.5,7.3,4,85.1,1,1,0.229,Low,0
26.3,75.8,5.8,7.6,2,90.6,1,5,0.15,Low,0
28.6,79.2,12.6,20.8,0,95.0,0,5,0.11,Low,0
25.6,64.4,12.7,0.8,22,40.3,1,11,0.732,High,0
28.9,75.1,14.2,1.6,17,54.5,1,3,0.643,High,0
27.8,61.8,11.1,16.8,4,86.4,0,5,0.111,Low,0
31.0,33.2,11.4,2.6,1,95.0,0,7,0.6,High,0
27.3,65.8,7.7,0.0,14,61.1,0,11,0.277,Low,0
35.7,38.3,28.6,0.0,6,85.4,1,7,1.0,Critical,1
31.5,55.7,3.5,7.6,3,90.7,0,9,0.344,Low,0
25.9,81.7,11.9,32.7,0,95.0,0,5,0.0,Low,0
30.1,61.1,17.5,0.0,12,67.6,0,6,0.605,High,1
24.0,77.4,2.2,7.2,0,94.5,1,12,0.052,Low,0
38.0,41.3,11.9,0.0,20,51.5,0,9,0.823,Critical,1
30.7,38.3,12.2,0.0,12,67.9,0,7,0.714,High,1
27.2,64.1,1.3,23.9,3,88.6,0,11,0.001,Low,0
33.3,49.7,7.2,0.0,9,76.6,0,8,0.643,High,1
27.7,88.1,6.4,17.1,2,91.4,0,11,0.026,Low,0
33.4,34.1,11.0,0.0,8,79.2,0,6,0.835,Critical,1
24.0,74.4,15.4,36.2,1,92.0,1,1,0.0,Low,0
27.0,82.5,2.1,11.3,1,93.5,0,3,0.0,Low,0
27.2,81.7,14.1,9.9,2,91.1,1,2,0.072,Low,0
27.2,76.7,14.6,27.0,1,93.6,0,1,0.066,Low,0
28.9,79.7,5.8,1.4,11,69.5,1,1,0.38,Medium,1
27.1,72.6,22.2,27.9,4,86.1,1,3,0.095,Low,0
30.3,68.7,7.3,0.9,24,37.6,1,6,0.86,Critical,1
31.5,61.7,14.9,0.0,20,48.2,0,8,0.615,High,1
26.5,78.7,30.7,34.7,2,90.7,1,12,0.201,Low,0
25.9,66.9,17.9,22.2,3,88.0,0,11,0.074,Low,0
28.6,95.0,5.7,15.7,0,95.0,1,2,0.101,Low,0
28.2,63.0,4.1,0.0,12,66.6,0,8,0.476,Medium,1
29.5,59.0,16.1,6.8,2,92.3,0,9,0.269,Low,0
34.5,50.6,0.7,0.0,8,79.8,0,9,0.637,High,0
35.1,59.0,8.1,0.0,22,45.0,1,7,0.922,Critical,0
25.3,78.9,15.3,34.6,1,92.6,1,3,0.123,Low,0
29.2,76.2,5.8,7.8,4,87.1,1,2,0.211,Low,0
28.1,79.4,8.5,37.0,3,89.0,1,2,0.159,Low,0
24.1,69.3,2.5,13.0,0,94.6,1,5,0.019,Low,1
24.8,79.0,8.9,1.6,9,72.4,0,5,0.191,Low,0
31.8,81.3,5.6,14.5,2,93.4,0,3,0.302,Low,0
29.0,68.1,13.1,8.6,2,92.0,0,5,0.161,Low,1
30.0,49.1,15.6,0.0,10,72.5,0,6,0.533,Medium,0
34.3,49.4,2.3,0.0,13,67.1,0,7,0.739,High,1
26.0,69.7,15.9,2.3,1,93.0,1,1,0.349,Low,0
29.3,41.2,16.8,0.0,18,52.1,0,9,0.583,High,0
24.0,67.9,12.1,0.7,24,34.5,0,1,0.387,Medium,0
35.5,60.8,5.0,0.2,19,52.7,0,7,0.675,High,0
29.5,49.4,35.2,0.0,10,72.3,0,7,0.587,High,0
25.6,72.1,7.6,18.1,2,90.3,0,10,0.013,Low,0
30.3,94.5,9.8,0.8,5,85.2,0,1,0.386,Medium,0
32.3,44.8,11.5,3.3,3,91.2,0,9,0.433,Medium,0
28.1,81.8,3.8,6.6,1,94.0,1,4,0.154,Low,0
27.6,71.6,10.1,43.1,2,91.3,1,1,0.0,Low,0
24.2,85.2,13.5,9.0,4,84.6,0,4,0.0,Low,0
34.2,73.4,8.4,0.0,8,79.6,0,9,0.571,High,1
31.4,70.3,12.3,34.9,1,95.0,0,4,0.244,Low,0
24.0,75.2,9.2,37.0,0,94.5,1,4,0.0,Low,1
30.0,77.0,19.5,27.9,0,95.0,1,11,0.296,Low,0
30.9,85.3,21.3,0.1,6,83.0,0,5,0.383,Medium,0
37.9,70.8,14.4,0.0,6,86.4,0,7,0.563,High,1
33.3,49.1,16.7,0.0,14,64.1,1,8,0.999,Critical,1
25.3,85.4,6.2,7.2,1,92.7,0,5,0.031,Low,1
27.8,74.7,7.8,20.8,3,88.9,1,5,0.03,Low,0
32.4,43.1,6.3,8.3,3,91.2,0,7,0.281,Low,0
27.8,66.0,41.6,11.6,3,88.9,0,5,0.186,Low,0
27.8,84.5,30.0,22.4,4,86.4,0,2,0.076,Low,0
26.8,69.7,4.5,34.0,2,90.9,0,2,0.0,Low,0
25.7,94.3,5.9,6.1,4,85.3,0,12,0.069,Low,0
27.5,72.7,12.8,20.2,2,91.3,1,3,0.082,Low,0
24.0,85.6,4.6,4.2,4,84.5,0,11,0.039,Low,0
31.4,59.7,18.4,0.0,8,78.2,1,8,0.9,Critical,1
28.2,80.1,4.0,31.1,1,94.1,1,1,0.176,Low,0
33.1,46.9,10.5,4.5,1,95.0,0,9,0.537,Medium,0
35.8,47.9,9.7,3.6,4,90.4,1,8,0.776,Critical,1
28.4,81.1,5.4,2.4,4,86.7,1,5,0.319,Low,0
30.3,59.0,13.1,0.0,7,80.1,0,8,0.512,Medium,0
26.5,68.9,25.7,1.1,6,80.8,0,11,0.219,Low,0
29.8,66.5,42.0,4.1,0,95.0,0,4,0.279,Low,0
27.3,75.3,7.9,19.2,2,91.2,0,5,0.0,Low,0
29.5,82.0,11.3,5.1,0,95.0,0,10,0.163,Low,0
30.0,49.2,8.2,0.2,12,67.5,0,8,0.713,High,0
31.9,43.3,4.6,0.0,11,71.0,0,9,0.646,High,1
26.2,89.0,2.8,19.5,4,85.6,0,11,0.004,Low,0
31.6,36.5,4.4,0.0,7,80.8,1,9,1.0,Critical,1
28.5,81.9,2.7,4.6,4,86.8,0,2,0.166,Low,0
26.8,69.9,14.6,27.7,1,93.4,0,12,0.091,Low,0
28.4,88.0,2.2,8.0,0,95.0,0,5,0.011,Low,0
32.6,64.1,2.7,6.3,2,93.8,0,6,0.358,Medium,0
29.5,71.8,1.8,26.9,3,89.7,1,1,0.051,Low,0
25.5,84.9,12.1,29.6,4,85.2,1,1,0.057,Low,0
33.0,46.4,20.9,0.6,8,79.0,0,7,0.783,Critical,1
26.7,36.5,1.5,2.9,2,90.8,0,8,0.466,Medium,0
26.9,81.9,8.2,1.5,20,46.0,1,5,0.359,Medium,1
35.4,45.6,4.1,0.0,5,87.7,1,7,0.98,Critical,1
29.9,70.2,16.2,7.9,4,87.5,1,4,0.233,Low,0
30.7,67.7,10.8,0.0,5,85.4,0,9,0.466,Medium,0
29.8,72.0,10.9,21.8,2,92.4,0,12,0.082,Low,0
27.8,91.9,11.7,7.1,3,88.9,0,3,0.061,Low,0
32.8,45.3,18.8,0.3,14,63.9,1,7,1.0,Critical,1
24.0,86.7,6.0,37.3,4,84.5,0,4,0.0,Low,0
25.9,65.4,8.3,0.9,23,38.0,0,2,0.38,Medium,1
28.9,84.8,4.8,10.2,4,86.9,1,1,0.143,Low,0
29.3,80.9,10.5,12.4,2,92.1,0,1,0.04,Low,1
27.2,76.5,28.0,19.2,4,86.1,1,3,0.207,Low,0
27.9,79.9,7.3,4.7,0,95.0,1,10,0.09,Low,0
33.8,32.2,13.7,0.0,17,56.9,1,9,1.0,Critical,1
24.9,68.6,9.8,14.8,3,87.4,0,1,0.048,Low,0
27.7,78.9,14.9,9.3,2,91.3,1,3,0.086,Low,0
24.4,93.6,24.0,5.5,4,84.7,0,4,0.07,Low,0
29.0,68.6,16.3,1.0,6,82.0,0,3,0.268,Low,0
31.5,41.8,30.6,0.5,19,50.7,1,9,1.0,Critical,1
25.7,56.7,3.9,10.9,0,95.0,0,12,0.042,Low,0
28.1,78.3,6.5,10.0,2,91.5,0,5,0.117,Low,0
37.8,58.9,11.6,5.4,4,91.4,0,7,0.432,Medium,0
29.8,72.9,14.1,42.3,1,94.9,0,1,0.082,Low,0
25.3,76.1,11.8,4.5,3,87.7,1,12,0.08,Low,0
25.0,68.3,5.8,2.5,1,92.5,0,12,0.212,Low,0
24.0,67.0,10.1,4.5,0,94.5,1,3,0.123,Low,0
33.4,49.7,1.4,0.0,18,54.2,0,6,0.845,Critical,1
32.6,59.2,10.9,0.3,14,63.8,1,9,0.864,Critical,1
28.3,33.6,2.0,0.0,12,66.7,1,6,1.0,Critical,1
32.4,45.4,24.3,0.0,6,83.7,1,6,0.981,Critical,1
32.4,54.3,4.7,0.0,21,46.2,0,9,0.663,High,0
24.2,84.7,6.7,6.5,3,87.1,0,2,0.08,Low,0
26.0,89.1,3.3,9.9,0,95.0,0,11,0.0,Low,0
29.7,76.8,5.2,12.6,0,95.0,0,1,0.085,Low,0
25.1,75.7,11.4,3.4,4,85.1,1,10,0.065,Low,1
27.1,70.8,11.3,20.3,4,86.0,0,11,0.018,Low,0
29.8,80.8,9.2,1.3,19,49.9,1,12,0.539,Medium,1
27.5,79.5,11.6,1.3,18,51.2,0,1,0.234,Low,0
27.9,55.6,19.6,1.2,15,59.0,1,7,0.447,Medium,0
27.9,84.7,11.9,1.5,6,81.4,1,1,0.222,Low,0
29.8,38.4,5.7,0.0,10,72.4,1,8,0.847,Critical,1
34.6,53.3,9.8,0.0,6,84.8,1,7,0.967,Critical,1
32.4,51.0,18.7,0.0,18,53.7,0,6,0.73,High,0
29.5,69.2,5.7,47.0,1,94.7,1,4,0.291,Low,0
26.5,92.4,9.3,6.3,2,90.7,1,11,0.115,Low,0
25.4,80.0,12.2,6.5,0,95.0,0,4,0.195,Low,1
27.1,72.5,6.2,11.1,4,86.1,0,2,0.0,Low,0
32.0,37.1,7.2,0.0,16,58.5,0,6,0.727,High,1
31.0,49.1,1.7,3.3,0,95.0,0,6,0.33,Low,0
30.4,87.3,17.8,11.1,0,95.0,0,10,0.227,Low,1
25.7,71.8,30.8,6.5,0,95.0,0,2,0.14,Low,0
29.4,68.8,15.5,11.6,3,89.7,1,5,0.335,Low,0
27.5,76.4,7.0,6.8,3,88.8,0,5,0.062,Low,0
27.5,65.4,23.3,38.4,2,91.3,0,3,0.177,Low,0
29.9,76.2,9.6,15.9,1,94.9,0,4,0.064,Low,0
28.0,71.8,18.5,34.6,4,86.5,0,12,0.078,Low,0
35.3,61.3,10.0,0.0,14,65.1,0,8,0.606,High,0
35.3,72.9,19.0,1.4,14,65.1,0,9,0.545,Medium,0
24.0,78.4,18.2,1.1,8,74.5,0,2,0.26,Low,0
24.0,71.4,2.6,27.2,1,92.0,1,12,0.089,Low,0
32.0,78.2,15.2,0.0,12,68.5,1,7,0.844,Critical,1
33.5,52.9,29.0,0.0,18,54.2,0,6,0.882,Critical,1
30.3,73.0,3.9,1.3,6,82.6,0,5,0.351,Medium,1
33.4,29.2,0.9,0.0,8,79.2,0,8,0.813,Critical,1
27.7,72.6,8.3,19.0,2,91.3,0,3,0.0,Low,0
25.4,95.0,9.6,23.1,1,92.7,0,1,0.021,Low,0
33.4,49.0,3.6,1.1,15,61.7,0,6,0.632,High,1
26.2,76.5,9.4,6.4,2,90.6,0,5,0.083,Low,0
26.1,84.6,13.1,2.3,0,95.0,0,2,0.146,Low,0
24.0,68.5,4.6,6.2,3,87.0,0,5,0.148,Low,0
33.2,25.0,1.1,0.0,5,86.6,0,7,0.642,High,0
30.7,84.6,15.7,9.4,4,87.9,1,3,0.237,Low,0
24.9,86.1,9.5,5.2,0,94.9,0,11,0.085,Low,0
33.3,34.2,2.0,0.0,21,46.6,1,8,0.89,Critical,1
24.0,78.0,5.0,0.7,13,62.0,1,4,0.407,Medium,1
27.0,65.8,15.1,36.8,1,93.5,1,10,0.183,Low,0
28.9,81.3,11.3,5.8,2,92.0,0,10,0.065,Low,0
28.6,70.3,16.9,6.1,4,86.8,1,5,0.229,Low,0
34.7,51.1,0.7,0.0,14,64.8,1,9,0.958,Critical,1
26.5,86.7,13.2,0.4,17,53.2,1,1,0.619,High,1
29.2,49.1,3.7,4.4,4,87.1,0,9,0.246,Low,0
26.0,82.2,1.1,30.7,2,90.5,0,5,0.064,Low,0
25.9,88.9,7.0,8.0,4,85.5,0,4,0.0,Low,0
32.7,42.0,5.4,0.0,9,76.3,0,8,0.656,High,0
26.0,74.7,4.3,14.9,4,85.5,0,4,0.017,Low,1
32.4,53.6,17.5,1.4,6,83.7,1,7,0.834,Critical,1
26.8,79.0,9.3,24.0,2,90.9,0,5,0.0,Low,0
29.0,78.8,1.0,4.2,1,94.5,0,3,0.133,Low,0
28.5,60.7,5.7,11.4,3,89.3,1,9,0.201,Low,0
30.8,51.1,11.9,0.0,13,65.4,1,6,0.934,Critical,1
27.0,84.5,1.7,3.3,4,86.0,0,3,0.018,Low,0
32.4,51.3,5.0,1.9,23,41.2,1,6,0.905,Critical,1
32.1,57.7,18.2,0.0,16,58.6,0,8,0.771,Critical,0
24.3,75.7,10.4,27.1,0,94.6,0,4,0.018,Low,1
24.0,70.1,28.4,4.1,2,89.5,1,12,0.164,Low,0
27.5,73.3,4.5,4.1,1,93.8,1,3,0.079,Low,0
31.7,90.9,8.2,3.1,3,90.8,1,12,0.329,Low,0
32.2,74.9,26.1,6.8,1,95.0,0,7,0.448,Medium,0
27.9,86.2,7.3,19.8,3,89.0,1,2,0.0,Low,0
33.3,60.8,23.8,0.0,7,81.7,0,7,0.693,High,1
24.2,77.6,4.3,21.1,2,89.6,0,12,0.056,Low,1
25.8,81.4,11.9,10.2,3,87.9,0,4,0.023,Low,0
28.0,80.3,24.2,6.0,1,94.0,0,2,0.208,Low,0
27.5,81.1,6.1,14.6,1,93.8,0,11,0.0,Low,1
24.0,74.2,6.5,0.4,23,37.0,1,2,0.509,Medium,0
31.0,68.0,5.9,10.6,3,90.5,0,10,0.278,Low,1
25.8,87.1,6.9,13.2,4,85.4,1,2,0.0,Low,0
29.8,73.5,3.0,0.0,5,84.9,0,7,0.252,Low,0
27.6,54.5,8.3,0.1,5,83.8,1,9,0.515,Medium,0
31.3,55.1,3.5,1.2,10,73.1,1,7,0.702,High,0
25.8,71.6,1.1,9.9,4,85.4,1,4,0.0,Low,0
35.2,50.6,6.3,0.0,15,62.6,1,7,1.0,Critical,1
25.9,77.7,2.4,19.9,1,92.9,0,10,0.0,Low,0
30.5,47.7,2.8,0.0,16,57.7,1,7,0.951,Critical,1
34.9,64.8,5.2,0.0,12,69.9,1,9,0.935,Critical,1
34.5,41.8,9.7,1.4,9,77.2,1,6,0.934,Critical,1
32.1,71.8,8.8,0.0,23,41.1,1,8,0.776,Critical,1
27.6,73.1,5.1,2.2,4,86.3,0,12,0.14,Low,0
26.8,83.0,12.6,2.0,18,50.9,1,2,0.48,Medium,1
29.5,77.7,18.4,40.8,1,94.8,0,5,0.127,Low,0
25.2,73.0,2.6,0.6,20,45.1,1,5,0.521,Medium,0
27.3,75.0,2.1,5.2,0,95.0,0,4,0.067,Low,0
29.2,78.2,6.4,19.8,2,92.1,0,4,0.089,Low,0
33.2,47.2,12.4,0.0,11,71.6,1,7,0.934,Critical,1
24.4,77.4,14.8,0.1,6,79.7,0,1,0.264,Low,0
28.5,84.1,4.7,11.2,2,91.8,0,3,0.186,Low,0
34.6,53.6,11.2,3.0,4,89.8,0,8,0.53,Medium,0
29.5,79.4,2.0,3.3,0,95.0,1,1,0.164,Low,0
33.3,35.6,17.0,0.0,19,51.7,1,8,0.972,Critical,1
24.1,70.4,13.0,31.9,2,89.5,0,4,0.0,Low,0
25.9,95.0,10.6,2.3,0,95.0,1,2,0.137,Low,0
30.1,72.2,8.1,1.3,21,45.0,0,10,0.416,Medium,0
27.9,78.1,2.9,7.8,0,95.0,1,10,0.123,Low,0
29.2,73.7,6.8,11.8,2,92.1,0,4,0.088,Low,0
26.1,81.2,3.8,9.7,0,95.0,0,10,0.0,Low,0
28.4,44.2,3.3,1.0,17,54.2,0,8,0.539,Medium,0
30.3,88.9,13.7,4.9,2,92.7,0,5,0.263,Low,1
24.7,72.1,13.8,2.1,1,92.3,0,3,0.109,Low,1
24.0,75.6,5.3,15.3,0,94.5,1,10,0.009,Low,0
26.9,74.7,19.5,23.9,2,91.0,0,5,0.07,Low,0
26.8,72.1,0.9,9.0,1,93.4,0,11,0.019,Low,0
24.0,69.7,4.5,28.6,0,94.5,1,10,0.034,Low,0
34.6,50.5,10.4,0.0,13,67.3,0,6,0.803,Critical,1
29.7,48.2,3.8,3.5,0,95.0,1,6,0.479,Medium,0
26.4,91.3,8.5,29.0,3,88.2,0,3,0.0,Low,0
28.9,85.9,13.0,9.1,4,86.9,0,10,0.198,Low,0
32.7,53.5,5.8,0.1,22,43.9,1,8,0.958,Critical,0
32.0,55.3,7.6,0.0,21,46.0,0,8,0.634,High,1
25.0,76.5,1.2,28.4,3,87.5,1,4,0.074,Low,0
26.3,77.9,5.3,1.0,24,35.6,1,4,0.426,Medium,0
33.2,65.2,3.9,4.9,4,89.1,0,8,0.363,Medium,0
24.4,81.4,12.1,5.5,1,92.2,0,11,0.09,Low,0
28.4,78.6,4.9,26.6,2,91.7,0,4,0.089,Low,0
27.2,73.2,19.1,2.3,1,93.6,1,5,0.282,Low,0
25.9,69.9,10.7,0.5,14,60.5,0,11,0.458,Medium,0
36.3,49.6,4.9,0.0,20,50.6,0,9,0.778,Critical,1
24.0,77.1,1.0,17.1,2,89.5,1,12,0.041,Low,0
29.2,72.9,3.0,13.1,4,87.1,1,2,0.214,Low,0
26.4,83.3,4.2,15.6,0,95.0,0,4,0.004,Low,1
25.1,83.1,4.0,16.2,4,85.1,1,10,0.0,Low,0
27.7,67.4,7.6,0.8,18,51.3,1,8,0.586,High,1
33.8,33.4,18.4,0.0,20,49.4,1,6,0.976,Critical,1
28.9,81.6,11.6,0.6,13,64.4,0,11,0.337,Low,0
26.4,92.0,4.9,15.2,4,85.7,0,12,0.01,Low,0
29.7,66.9,17.5,22.6,3,89.9,1,5,0.238,Low,0
27.6,77.3,9.1,18.4,2,91.3,0,3,0.0,Low,0
24.0,77.3,16.0,27.5,0,94.5,0,2,0.084,Low,0
26.8,72.5,18.1,15.3,2,90.9,1,1,0.148,Low,0
29.1,72.0,4.3,16.3,2,92.1,0,4,0.103,Low,1
29.8,76.5,9.1,0.0,6,82.4,1,9,0.538,Medium,0
32.2,71.8,25.7,0.0,9,76.1,0,8,0.6,High,0
30.9,68.1,7.8,0.1,23,40.5,1,1,0.96,Critical,1
34.5,45.8,8.0,1.4,15,62.3,0,7,0.634,High,1
31.5,65.9,3.3,0.6,5,85.8,0,7,0.505,Medium,0
25.0,85.7,8.8,0.2,11,67.5,1,12,0.421,Medium,0
26.4,93.8,7.4,10.9,4,85.7,0,2,0.028,Low,0
26.8,78.8,9.9,17.5,1,93.4,0,11,0.002,Low,0
33.0,60.3,16.3,0.1,14,64.0,1,6,0.888,Critical,1
31.2,51.7,9.1,0.0,24,38.1,1,8,1.0,Critical,1
33.6,29.6,3.7,0.0,22,44.3,0,8,0.8,Critical,1
24.2,75.1,16.6,12.9,3,87.1,0,11,0.019,Low,0
25.7,72.5,1.9,31.0,3,87.9,1,5,0.0,Low,0
25.3,86.8,3.1,4.1,0,95.0,1,4,0.016,Low,0
29.3,73.7,13.5,1.3,14,62.2,0,4,0.291,Low,0
26.0,87.7,17.4,53.0,4,85.5,1,10,0.034,Low,1
24.5,88.0,0.7,0.1,8,74.7,1,2,0.47,Medium,1
27.2,89.3,15.8,14.3,0,95.0,0,5,0.0,Low,0
27.3,72.4,15.3,0.0,10,71.1,1,6,0.452,Medium,0
24.9,78.6,2.5,22.6,3,87.5,0,1,0.051,Low,0
28.4,72.4,5.6,0.3,15,59.2,1,10,0.674,High,1
31.2,54.6,8.5,3.7,3,90.6,0,9,0.497,Medium,1
27.1,67.2,26.0,1.5,23,38.5,0,10,0.408,Medium,0
35.5,42.1,17.6,1.4,21,47.7,1,8,1.0,Critical,1
26.3,89.5,14.7,14.2,3,88.2,0,3,0.07,Low,1
26.8,79.6,8.5,1.8,19,48.4,0,2,0.336,Low,0
32.2,71.6,5.3,5.3,4,88.6,1,5,0.325,Low,0
25.1,71.9,7.8,37.9,2,90.1,0,1,0.022,Low,0
26.8,78.8,5.0,1.6,11,68.4,0,12,0.18,Low,0
33.4,52.4,2.8,0.1,10,74.2,1,7,0.939,Critical,1
28.5,84.1,2.8,23.3,3,89.2,0,12,0.089,Low,0
27.4,75.7,29.0,0.1,18,51.2,0,11,0.47,Medium,0
30.2,62.1,8.8,0.0,12,67.6,0,8,0.493,Medium,1
31.8,42.1,7.6,6.9,4,88.4,0,9,0.354,Medium,0
37.0,37.4,4.7,0.0,16,61.0,1,8,1.0,Critical,0
28.0,73.5,4.1,8.2,0,95.0,0,12,0.073,Low,0
24.0,86.0,10.8,5.9,2,89.5,0,12,0.082,Low,0
26.0,77.4,14.9,96.7,1,93.0,1,12,0.109,Low,0
34.8,43.6,9.6,1.4,8,79.9,0,6,0.633,High,0
25.9,75.4,4.1,39.5,2,90.4,0,1,0.0,Low,0
30.6,38.5,4.2,6.5,0,95.0,1,8,0.676,High,1
27.3,92.0,38.5,9.2,4,86.2,0,10,0.194,Low,0
31.0,56.7,3.7,0.3,5,85.5,1,9,0.673,High,1
32.8,36.7,4.0,0.0,15,61.4,0,6,0.731,High,1
29.0,84.5,16.6,89.4,3,89.5,0,11,0.192,Low,1
30.7,29.3,7.1,0.1,9,75.4,0,7,0.698,High,1
28.7,76.1,1.9,13.9,0,95.0,0,5,0.0,Low,0
31.6,48.3,2.5,2.1,1,95.0,1,9,0.67,High,1
29.2,72.4,2.2,9.7,4,87.1,1,4,0.108,Low,0
29.8,27.2,1.6,0.0,13,64.9,0,6,0.605,High,1
27.0,87.3,2.5,3.6,0,95.0,0,12,0.105,Low,0
28.4,79.2,10.8,25.1,0,95.0,0,4,0.163,Low,0
25.4,84.8,6.0,38.7,0,95.0,1,10,0.0,Low,0
27.2,78.8,23.6,16.7,3,88.6,0,12,0.022,Low,0
26.3,76.5,12.8,46.9,2,90.6,0,1,0.051,Low,0
30.9,51.2,5.2,7.1,0,95.0,0,9,0.375,Medium,1
33.2,53.5,2.6,0.0,8,79.1,0,9,0.708,High,1
25.9,71.4,14.5,1.3,5,83.0,1,3,0.17,Low,0
31.7,44.8,15.6,0.0,9,75.9,0,9,0.626,High,1
29.2,74.8,19.1,22.5,2,92.1,0,10,0.169,Low,0
27.4,77.6,8.5,6.0,2,91.2,1,11,0.062,Low,0
33.6,52.8,4.3,0.7,10,74.3,1,7,0.945,Critical,1
29.8,57.0,9.6,17.5,3,89.9,1,10,0.268,Low,0
29.7,84.6,25.5,15.1,3,89.9,0,2,0.173,Low,0
27.9,60.3,10.3,1.2,7,78.9,1,9,0.337,Low,0
28.2,74.5,16.8,26.8,4,86.6,0,5,0.118,Low,0
31.5,47.8,24.4,0.5,9,75.8,1,7,1.0,Critical,1
30.5,84.7,16.5,28.3,0,95.0,0,2,0.244,Low,0
28.2,74.0,8.7,16.2,3,89.1,0,11,0.036,Low,0
28.1,91.3,0.7,18.1,4,86.6,0,12,0.008,Low,0
25.2,78.5,15.1,2.0,21,42.6,0,5,0.245,Low,0
26.5,76.4,10.2,5.4,0,95.0,0,9,0.029,Low,0
31.1,43.5,6.3,0.0,12,68.1,0,9,0.666,High,1
28.7,72.4,7.2,2.8,3,89.4,1,12,0.253,Low,0
25.4,77.1,24.0,52.4,1,92.7,0,4,0.195,Low,0
28.1,63.2,4.9,5.9,4,86.6,1,2,0.306,Low,0
26.1,95.0,11.8,29.5,2,90.5,1,5,0.0,Low,0
27.3,80.5,12.4,6.4,0,95.0,1,5,0.103,Low,0
25.3,79.7,3.6,10.9,3,87.6,1,12,0.0,Low,0
25.0,82.1,5.3,3.1,0,95.0,0,4,0.106,Low,1
28.6,88.5,19.2,42.5,2,91.8,0,1,0.187,Low,0
26.7,77.5,2.0,2.9,0,95.0,0,10,0.002,Low,0
28.8,76.6,14.1,55.7,4,86.9,1,3,0.145,Low,0
35.8,52.3,8.4,1.0,7,82.9,0,7,0.699,High,1
26.2,68.5,3.3,9.7,2,90.6,1,5,0.095,Low,0
26.2,70.2,3.5,45.9,1,93.1,1,1,0.0,Low,0
24.1,78.7,7.2,0.2,24,34.6,1,2,0.557,High,1
29.0,74.3,14.2,3.4,4,87.0,0,5,0.206,Low,1
26.0,63.1,7.0,0.6,22,40.5,0,11,0.391,Medium,0
25.6,79.5,23.8,6.9,0,95.0,0,1,0.193,Low,0
24.5,74.3,8.9,50.0,0,94.7,0,3,0.077,Low,0
32.6,46.9,1.1,0.7,23,41.3,0,7,0.69,High,1
26.2,77.1,8.9,17.5,0,95.0,1,2,0.0,Low,0
31.1,39.8,7.5,0.5,16,58.0,0,8,0.849,Critical,0
25.9,63.5,25.3,1.5,9,73.0,0,10,0.411,Medium,0
28.7,72.5,11.3,23.2,0,95.0,0,12,0.0,Low,1
28.3,88.4,1.7,2.4,0,95.0,1,3,0.276,Low,0
29.8,42.2,4.7,0.0,8,77.4,0,8,0.531,Medium,1
24.3,85.7,15.6,7.2,0,94.7,0,1,0.02,Low,0
28.0,92.4,9.7,26.8,0,95.0,0,12,0.064,Low,0
26.6,54.1,5.0,0.6,9,73.3,1,3,0.599,High,0
27.0,77.5,1.3,17.1,4,86.0,0,4,0.0,Low,1
27.2,82.5,4.1,3.3,4,86.1,1,3,0.089,Low,0
28.7,74.7,4.5,6.4,1,94.4,1,5,0.193,Low,0
29.8,76.5,21.6,8.8,3,89.9,0,10,0.132,Low,1
28.6,83.3,8.9,8.7,3,89.3,0,3,0.07,Low,0
28.0,87.0,17.5,1.6,9,74.0,0,3,0.302,Low,0
27.1,79.6,25.4,3.8,3,88.6,0,3,0.046,Low,0
26.6,76.2,9.1,40.2,2,90.8,1,3,0.089,Low,1
24.6,59.9,10.8,21.8,0,94.8,0,5,0.071,Low,0
24.0,66.4,10.0,18.2,2,89.5,0,1,0.0,Low,0
29.2,92.4,3.5,45.2,3,89.6,1,4,0.137,Low,0
26.0,77.7,2.3,18.4,4,85.5,0,11,0.03,Low,0
28.3,70.8,5.7,35.7,3,89.2,0,2,0.122,Low,0
31.7,59.7,14.3,0.3,15,60.9,0,7,0.658,High,1
26.6,73.3,22.8,1.5,14,60.8,1,5,0.454,Medium,0
31.7,40.5,3.6,0.0,17,55.8,1,9,1.0,Critical,0
26.4,74.3,14.0,24.4,2,90.7,1,1,0.054,Low,0
33.6,47.2,13.5,2.7,0,95.0,0,8,0.517,Medium,0
24.7,84.3,17.7,17.6,1,92.3,1,4,0.069,Low,0
33.0,44.6,9.9,0.0,24,39.0,0,6,0.679,High,0
32.3,49.5,11.0,4.0,1,95.0,0,9,0.442,Medium,0
29.5,85.5,8.1,13.8,2,92.3,1,10,0.162,Low,0
28.0,76.5,8.3,5.6,1,94.0,0,12,0.12,Low,0
29.6,88.4,2.4,5.8,0,95.0,0,5,0.159,Low,0
30.3,74.8,3.7,4.0,1,95.0,0,4,0.312,Low,0
28.6,87.8,16.7,12.5,1,94.3,0,1,0.058,Low,0
30.6,72.2,5.1,25.4,1,95.0,0,4,0.155,Low,0
28.4,84.3,16.0,15.0,0,95.0,0,2,0.159,Low,0
28.9,92.9,3.6,2.2,0,95.0,0,11,0.205,Low,0
27.5,80.4,7.7,5.7,4,86.3,0,1,0.048,Low,0
31.8,70.1,11.1,6.0,2,93.4,0,2,0.223,Low,0
25.0,86.0,8.4,7.4,2,90.0,1,3,0.072,Low,0
25.4,71.1,10.5,20.6,1,92.7,0,10,0.002,Low,0
34.7,39.0,1.5,0.0,11,72.3,0,9,0.813,Critical,1
30.3,86.5,3.5,7.9,1,95.0,0,12,0.271,Low,0
36.1,83.3,15.7,0.0,20,50.5,0,7,0.663,High,1
28.4,82.9,6.9,11.2,0,95.0,1,5,0.235,Low,0
29.3,50.1,8.3,0.0,17,54.6,0,9,0.609,High,0
31.5,73.2,11.6,0.0,9,75.8,0,7,0.481,Medium,0
27.6,69.6,11.8,3.8,2,91.3,0,4,0.123,Low,0
31.9,58.3,15.9,0.0,5,86.0,0,9,0.543,Medium,1
27.9,75.3,5.4,0.8,11,69.0,0,12,0.268,Low,0
24.9,77.3,18.9,14.2,2,90.0,0,11,0.097,Low,1
28.2,81.3,12.4,24.1,2,91.6,1,5,0.099,Low,0
31.1,54.7,6.0,0.0,6,83.1,0,9,0.627,High,1
25.8,76.8,7.4,53.7,4,85.4,0,2,0.0,Low,0
36.8,51.5,7.6,0.0,5,88.4,1,8,0.937,Critical,1
31.3,37.3,6.3,4.1,3,90.6,0,6,0.481,Medium,0
24.9,82.1,7.7,15.2,0,95.0,0,3,0.038,Low,0
32.7,55.2,4.9,0.0,12,68.8,1,9,0.837,Critical,1
30.2,86.9,8.7,15.0,3,90.1,1,5,0.343,Low,0
30.8,27.9,7.2,0.0,14,62.9,0,8,0.773,Critical,1
32.3,42.1,27.6,0.0,13,66.1,0,8,0.747,High,1
28.8,80.2,2.2,6.7,2,91.9,1,2,0.222,Low,0
26.6,77.6,16.7,12.6,0,95.0,0,1,0.0,Low,0
34.6,49.0,6.1,0.0,6,84.8,0,9,0.694,High,0
27.0,90.7,4.1,25.0,4,86.0,1,3,0.019,Low,0
30.2,63.6,17.1,2.7,1,95.0,1,8,0.606,High,1
29.1,76.7,14.2,0.8,9,74.5,0,4,0.402,Medium,1
29.9,54.1,4.7,0.0,17,55.0,1,8,0.91,Critical,1
28.4,68.5,6.9,2.4,1,94.2,0,5,0.348,Low,0
28.2,69.2,4.2,14.2,2,91.6,1,3,0.327,Low,1
30.0,40.2,4.2,1.2,23,40.0,1,9,0.704,High,1
27.8,57.0,4.9,2.2,3,88.9,1,7,0.208,Low,0
25.6,75.3,12.4,59.3,2,90.3,1,3,0.0,Low,0
34.0,48.3,16.0,0.6,19,52.0,0,8,0.92,Critical,1
27.6,81.1,24.7,11.9,0,95.0,0,5,0.078,Low,0
33.4,67.2,9.0,1.2,15,61.7,1,7,0.78,Critical,1
26.1,78.8,8.6,37.1,1,93.0,0,3,0.0,Low,0
28.3,74.0,17.3,0.1,20,46.7,1,10,0.764,Critical,1
26.2,76.4,7.5,72.9,1,93.1,0,3,0.0,Low,0
33.4,61.1,9.0,6.9,2,94.2,0,9,0.469,Medium,1
33.1,68.5,10.9,0.0,19,51.5,0,6,0.634,High,0
33.8,40.9,9.1,0.0,11,71.9,1,6,1.0,Critical,1
27.3,86.7,19.3,22.5,2,91.1,0,4,0.127,Low,0
30.1,53.1,13.4,0.0,7,80.0,0,9,0.536,Medium,1
25.3,83.3,8.9,11.9,4,85.1,1,2,0.0,Low,0
28.3,87.8,10.8,11.4,4,86.6,0,10,0.154,Low,0
27.0,73.6,16.3,57.5,3,88.5,1,10,0.072,Low,0
32.1,50.7,19.5,0.0,20,48.6,0,6,0.723,High,1
35.1,78.0,16.1,4.6,4,90.1,0,7,0.341,Low,0
27.8,76.3,0.9,17.9,1,93.9,0,1,0.06,Low,0
25.4,78.4,4.3,37.9,1,92.7,0,2,0.0,Low,0
24.3,95.0,11.9,0.9,23,37.1,0,4,0.372,Medium,0
28.2,75.7,14.8,34.1,1,94.1,0,2,0.085,Low,0
29.9,88.7,6.1,23.1,0,95.0,1,12,0.075,Low,0
30.7,71.4,33.8,7.9,2,92.9,1,5,0.524,Medium,1
30.6,77.2,20.9,1.0,14,62.8,1,11,0.868,Critical,1
26.7,78.7,5.1,8.5,3,88.4,1,10,0.034,Low,0
29.2,71.6,11.1,0.4,13,64.6,0,11,0.407,Medium,1
27.3,82.1,9.8,13.6,0,95.0,0,5,0.016,Low,0
31.9,65.6,3.3,5.0,0,95.0,0,6,0.269,Low,0
28.5,83.9,12.0,6.6,0,95.0,1,4,0.169,Low,1
28.7,61.0,2.8,0.8,5,84.3,1,9,0.57,High,0
29.2,76.8,9.2,27.6,0,95.0,1,11,0.096,Low,0
24.0,81.3,4.8,3.8,1,92.0,0,11,0.029,Low,0
35.0,59.4,20.6,3.0,3,92.5,0,6,0.489,Medium,0
27.4,86.6,6.7,2.6,0,95.0,0,12,0.059,Low,0
27.8,77.3,7.5,4.9,4,86.4,0,1,0.05,Low,0
34.8,70.6,1.7,0.0,5,87.4,0,7,0.542,Medium,0
26.8,77.9,13.2,54.2,4,85.9,0,10,0.0,Low,0
27.9,73.9,6.5,15.0,2,91.4,0,5,0.041,Low,1
31.2,51.3,14.2,1.7,10,73.1,1,7,0.834,Critical,1
25.9,84.9,10.0,0.3,22,40.4,0,2,0.32,Low,1
28.0,87.3,14.2,2.8,3,89.0,1,10,0.144,Low,0
29.3,90.5,2.4,8.0,1,94.6,0,1,0.207,Low,0
29.1,79.2,21.1,24.6,0,95.0,0,10,0.198,Low,1
33.0,57.6,12.1,2.6,4,89.0,0,9,0.436,Medium,1
26.2,75.9,29.9,0.0,18,50.6,0,1,0.487,Medium,0
32.3,60.5,18.5,0.0,12,68.7,0,9,0.596,High,1
27.4,92.0,10.4,5.2,3,88.7,0,3,0.0,Low,0
30.8,33.7,5.4,6.6,4,87.9,0,9,0.586,High,0
30.0,54.5,7.5,0.0,8,77.5,1,8,0.931,Critical,1
29.1,92.1,12.2,10.4,4,87.0,1,4,0.256,Low,0
31.8,37.9,6.5,1.8,19,50.9,0,9,0.723,High,1
29.3,87.3,1.4,2.0,3,89.7,0,11,0.221,Low,0
24.0,80.0,7.6,25.7,1,92.0,0,4,0.0,Low,0
25.6,84.3,14.3,7.4,3,87.8,0,5,0.064,Low,0
28.2,63.4,12.2,3.8,4,86.6,0,10,0.188,Low,0
29.6,69.9,7.1,2.5,1,94.8,1,3,0.418,Medium,0
25.6,66.3,2.8,10.1,2,90.3,0,3,0.035,Low,1
35.4,53.7,1.8,0.0,21,47.7,0,7,0.825,Critical,1
24.6,76.7,25.6,23.6,1,92.3,1,3,0.139,Low,0
27.2,76.4,11.0,12.5,2,91.1,1,2,0.0,Low,1
30.9,39.6,7.2,0.0,19,50.4,0,8,0.725,High,1
25.4,73.8,2.1,0.2,13,62.7,0,4,0.31,Low,0
26.0,79.8,5.2,15.6,0,95.0,1,3,0.0,Low,0
27.1,73.4,15.7,20.7,2,91.0,0,10,0.0,Low,1
28.4,81.4,2.8,4.8,1,94.2,0,3,0.127,Low,0
35.5,34.4,9.4,0.0,16,60.3,0,6,0.878,Critical,1
26.2,82.0,4.6,8.3,4,85.6,1,1,0.017,Low,0
33.1,35.9,9.6,0.0,11,71.5,0,7,0.82,Critical,0
35.0,53.1,4.8,0.0,5,87.5,0,7,0.558,High,1
29.3,70.1,29.1,47.9,1,94.7,0,11,0.258,Low,0
29.5,64.9,20.2,20.0,0,95.0,1,1,0.286,Low,1
29.3,78.2,19.1,19.1,2,92.1,1,11,0.156,Low,0
32.2,69.6,24.7,0.0,22,43.6,1,8,1.0,Critical,1
26.6,68.9,24.8,9.0,4,85.8,1,4,0.243,Low,0
24.0,79.8,10.6,21.1,4,84.5,1,3,0.037,Low,0
28.8,64.4,5.4,0.0,15,59.4,0,7,0.399,Medium,0
32.4,62.4,2.2,0.5,15,61.2,0,7,0.558,High,1
26.6,88.9,7.0,15.3,4,85.8,0,4,0.0,Low,1
31.0,48.5,9.6,0.0,5,85.5,0,7,0.633,High,0
37.2,63.0,11.1,0.0,21,48.6,0,7,0.761,Critical,1
32.6,32.5,16.9,0.0,12,68.8,1,7,1.0,Critical,1
25.5,78.4,26.8,17.1,1,92.8,1,12,0.242,Low,0
30.8,64.5,11.3,13.7,3,90.4,1,9,0.334,Low,0
24.0,68.2,4.1,2.9,2,89.5,0,2,0.137,Low,0
24.0,88.9,8.1,13.4,3,87.0,0,3,0.0,Low,1
32.4,50.6,3.9,0.0,14,63.7,1,8,0.94,Critical,1
24.7,75.4,7.3,5.6,0,94.8,0,2,0.07,Low,0
24.0,70.5,7.9,19.4,3,87.0,1,4,0.0,Low,0
27.1,88.8,8.0,1.0,12,66.0,0,5,0.346,Low,0
30.2,70.2,8.4,34.5,3,90.1,0,2,0.198,Low,0
26.4,63.5,6.9,1.8,7,78.2,1,12,0.318,Low,0
29.7,81.9,42.4,11.7,1,94.8,1,2,0.293,Low,0
27.1,85.6,8.8,2.4,1,93.5,0,10,0.133,Low,0
28.3,62.1,21.9,12.9,1,94.1,0,10,0.185,Low,1
35.0,52.6,6.2,0.0,17,57.5,1,6,1.0,Critical,1
28.1,75.9,14.3,1.8,11,69.1,1,10,0.565,High,1
26.1,84.6,9.6,19.0,3,88.0,1,1,0.062,Low,0
34.2,47.0,21.2,0.3,14,64.6,0,9,0.805,Critical,1
29.0,34.7,10.1,0.0,20,47.0,0,9,0.662,High,0
26.8,81.4,2.0,6.8,4,85.9,0,2,0.058,Low,0
26.0,69.9,24.5,1.3,10,70.5,0,11,0.291,Low,1
30.5,87.5,7.6,5.5,4,87.7,0,11,0.349,Low,0
27.9,80.9,4.4,19.4,0,95.0,0,10,0.011,Low,0
32.2,67.0,17.6,0.0,6,83.6,1,9,0.726,High,1
29.2,35.2,19.8,10.4,2,92.1,1,9,0.723,High,1
26.1,83.5,8.8,6.7,4,85.6,0,11,0.0,Low,0
28.6,83.1,9.7,2.3,2,91.8,0,11,0.185,Low,0
32.0,65.6,2.6,5.9,4,88.5,1,9,0.412,Medium,1
27.9,81.3,4.2,6.2,4,86.5,0,11,0.076,Low,0
33.1,40.0,3.4,1.7,19,51.5,1,9,0.997,Critical,1
32.7,73.6,3.7,4.0,4,88.9,0,9,0.352,Medium,0
34.0,46.0,29.7,11.1,4,89.5,1,7,0.911,Critical,1
29.7,40.8,3.7,0.0,10,72.4,1,7,0.706,High,0
31.6,53.3,21.7,0.0,19,50.8,0,9,0.691,High,1
24.0,84.8,19.5,4.7,0,94.5,0,4,0.108,Low,0
24.3,85.3,3.8,1.1,13,62.1,0,5,0.128,Low,0
32.1,43.3,3.4,14.5,3,91.1,1,8,0.554,High,1
27.0,85.8,9.2,0.9,9,73.5,0,2,0.136,Low,0
27.1,67.4,6.5,7.6,1,93.6,1,1,0.262,Low,0
30.1,68.8,21.8,79.6,4,87.6,1,12,0.49,Medium,0
30.2,47.4,19.5,4.6,4,87.6,0,8,0.462,Medium,1
27.7,78.8,7.9,14.4,3,88.9,0,12,0.021,Low,0
27.7,86.7,19.6,0.1,10,71.4,1,3,0.466,Medium,0
26.2,85.1,7.4,5.1,1,93.1,0,5,0.015,Low,0
31.7,48.2,7.8,0.0,16,58.4,1,8,0.981,Critical,1
32.8,42.0,5.9,0.0,5,86.4,1,7,0.884,Critical,1
27.0,77.2,5.8,4.1,2,91.0,1,11,0.098,Low,0
27.0,69.8,22.8,3.2,3,88.5,0,10,0.24,Low,0
27.9,76.1,13.5,8.5,2,91.4,0,10,0.035,Low,0
27.5,70.1,12.1,0.2,13,63.8,0,4,0.344,Low,0
25.7,73.8,4.2,14.3,1,92.9,1,1,0.0,Low,1
29.8,70.7,2.4,78.9,0,95.0,1,11,0.168,Low,0
28.5,78.7,2.2,6.3,2,91.8,1,5,0.253,Low,0
28.6,75.2,19.6,0.6,21,44.3,0,10,0.517,Medium,1
33.9,65.1,9.6,0.0,8,79.4,0,6,0.6,High,0
26.3,82.6,17.2,1.4,10,70.7,1,12,0.248,Low,0
24.8,72.8,2.9,18.2,2,89.9,0,10,0.0,Low,1
34.5,49.3,4.0,3.8,4,89.7,0,8,0.511,Medium,0
31.4,51.5,29.1,0.0,5,85.7,0,9,0.597,High,0
28.2,40.3,3.4,0.0,13,64.1,0,7,0.474,Medium,0
26.4,93.2,5.4,4.9,0,95.0,0,4,0.0,Low,0
28.7,60.4,4.4,13.6,3,89.4,0,1,0.116,Low,0
28.6,85.5,6.8,10.7,0,95.0,1,10,0.09,Low,0
34.5,25.0,12.8,0.0,17,57.3,1,8,1.0,Critical,1
33.1,45.8,14.6,0.0,9,76.5,1,9,1.0,Critical,1
26.1,90.2,18.7,26.4,4,85.6,0,12,0.125,Low,0
29.9,68.6,6.9,3.1,3,89.9,0,10,0.223,Low,0
35.1,25.0,15.7,0.0,16,60.0,1,6,0.974,Critical,1
24.0,72.5,7.1,55.5,4,84.5,0,2,0.008,Low,0
24.1,55.6,2.1,21.0,1,92.0,0,12,0.115,Low,0
28.1,83.8,23.1,30.2,4,86.6,0,12,0.159,Low,0
24.3,52.3,3.9,1.8,13,62.2,1,12,0.482,Medium,0
25.9,79.2,5.4,12.7,2,90.4,0,12,0.014,Low,0
29.7,74.8,7.2,31.5,4,87.3,0,2,0.073,Low,0
26.8,70.6,5.0,9.8,4,85.9,0,12,0.0,Low,0
28.4,71.8,7.7,46.7,0,95.0,1,1,0.142,Low,0
28.6,91.2,4.6,6.0,4,86.8,1,11,0.262,Low,0
26.6,86.8,13.8,1.2,14,60.8,0,11,0.166,Low,0
27.3,70.5,11.6,3.5,0,95.0,1,3,0.035,Low,0
28.4,54.6,7.8,1.2,8,76.7,0,9,0.374,Medium,0
30.8,68.4,16.7,4.3,4,87.9,0,4,0.314,Low,0
31.3,25.0,1.9,0.0,17,55.6,1,9,1.0,Critical,1
28.1,80.5,8.2,2.0,0,95.0,0,10,0.18,Low,0
31.6,48.1,2.5,1.8,19,50.8,0,9,0.489,Medium,0
30.1,89.5,12.7,22.6,1,95.0,1,5,0.426,Medium,0
26.7,76.1,9.5,0.7,20,45.8,0,2,0.402,Medium,0
36.5,41.4,8.7,0.0,20,50.8,1,6,0.991,Critical,1
26.0,72.7,4.9,18.1,4,85.5,0,2,0.0,Low,1
30.4,44.0,16.4,0.0,13,65.2,0,8,0.648,High,1
27.8,73.6,2.9,10.0,0,95.0,0,4,0.0,Low,0
34.3,44.3,8.1,0.0,13,67.1,1,8,0.986,Critical,1
29.0,32.9,9.5,0.0,8,77.0,0,7,0.577,High,1
27.4,84.2,8.0,22.6,1,93.7,1,4,0.009,Low,1
28.0,90.0,7.6,22.1,4,86.5,0,2,0.094,Low,0
32.5,52.8,2.6,0.0,18,53.7,0,8,0.647,High,1
30.6,31.6,14.9,0.5,11,70.3,1,6,1.0,Critical,0
31.3,68.3,1.8,0.2,14,63.2,0,6,0.494,Medium,0
30.8,56.0,9.0,1.0,24,37.9,0,9,0.645,High,1
33.7,41.2,6.2,0.0,10,74.3,0,7,0.665,High,0
27.6,43.4,4.7,0.0,7,78.8,1,9,0.63,High,1
28.0,90.1,11.4,4.4,2,91.5,0,2,0.136,Low,0
27.2,80.2,4.7,7.9,0,95.0,0,3,0.087,Low,0
35.7,61.4,11.4,0.0,17,57.8,1,8,1.0,Critical,1
28.2,80.1,19.4,6.4,0,95.0,0,10,0.207,Low,0
29.6,68.6,4.0,14.3,4,87.3,0,12,0.159,Low,0
26.2,61.5,7.1,8.1,1,93.1,1,10,0.007,Low,0
27.6,80.6,9.1,40.0,2,91.3,0,11,0.0,Low,0
28.2,71.2,4.4,3.3,0,95.0,0,2,0.077,Low,0
24.0,78.5,13.4,7.5,2,89.5,1,12,0.156,Low,1
30.5,79.0,3.8,48.6,3,90.3,1,2,0.287,Low,0
35.5,38.2,4.5,0.0,7,82.7,1,6,1.0,Critical,0
29.6,87.6,1.5,3.5,3,89.8,1,1,0.228,Low,0
33.0,42.4,7.8,0.0,23,41.5,0,9,0.773,Critical,1
25.7,76.4,13.4,6.0,2,90.3,0,2,0.015,Low,0
31.3,72.8,0.6,2.1,4,88.2,1,11,0.428,Medium,0
24.0,95.0,9.9,9.1,3,87.0,1,10,0.004,Low,0
26.0,88.6,8.3,30.1,4,85.5,1,12,0.062,Low,1
24.7,95.0,5.5,4.6,0,94.8,1,4,0.071,Low,0
28.2,81.3,15.0,13.5,3,89.1,1,4,0.127,Low,0
27.8,84.9,14.5,8.9,2,91.4,1,10,0.048,Low,0
24.7,68.0,3.7,20.5,3,87.4,0,1,0.063,Low,0
28.2,82.5,9.4,3.0,0,95.0,1,12,0.269,Low,0
26.7,50.0,14.4,0.0,14,60.9,0,8,0.533,Medium,1
31.0,75.1,5.0,11.9,2,93.0,0,4,0.196,Low,0
29.6,55.8,17.9,0.5,23,39.8,0,8,0.551,High,0
29.2,74.0,16.2,3.9,1,94.6,0,3,0.167,Low,0
28.6,82.5,9.9,1.6,7,79.3,1,10,0.338,Low,0
27.0,79.7,25.0,21.8,4,86.0,1,5,0.062,Low,0
28.6,56.3,2.5,0.0,23,39.3,1,9,0.817,Critical,1
30.1,82.8,10.4,0.5,16,57.5,0,3,0.505,Medium,0
28.0,89.2,32.9,6.8,1,94.0,1,3,0.24,Low,0
27.1,80.8,11.8,30.9,2,91.1,0,1,0.022,Low,0
27.2,83.6,12.1,3.7,2,91.1,0,2,0.044,Low,0
26.9,81.0,15.3,6.9,3,88.5,1,1,0.102,Low,0
26.6,81.7,4.7,4.0,4,85.8,1,12,0.0,Low,0
29.7,42.4,4.9,2.0,10,72.4,1,9,0.555,High,1
28.6,74.8,19.9,14.9,1,94.3,0,2,0.217,Low,0
26.9,79.2,11.8,18.6,2,90.9,1,2,0.038,Low,0
27.2,80.5,7.7,27.6,3,88.6,0,2,0.06,Low,0
27.2,88.7,2.2,46.1,0,95.0,0,12,0.005,Low,0
25.4,78.7,5.5,10.8,1,92.7,0,4,0.008,Low,1
29.2,76.8,6.0,0.6,23,39.6,1,3,0.669,High,0
27.3,95.0,4.7,20.1,0,95.0,0,10,0.03,Low,0
33.7,45.8,1.6,4.1,0,95.0,1,7,0.785,Critical,1
27.3,79.3,11.5,23.5,4,86.1,0,12,0.02,Low,0
25.3,84.5,8.9,12.0,3,87.7,0,4,0.011,Low,0
27.0,66.2,6.6,29.6,0,95.0,0,11,0.026,Low,0
27.6,79.7,2.6,11.5,1,93.8,1,5,0.0,Low,0
31.1,45.0,1.3,0.0,13,65.5,1,6,0.994,Critical,1
24.6,71.9,9.7,10.7,4,84.8,1,10,0.029,Low,0
31.9,51.2,30.7,0.0,23,40.9,1,6,0.87,Critical,1
28.6,67.1,4.4,2.1,0,95.0,1,4,0.489,Medium,0
25.2,79.5,9.7,11.9,4,85.1,0,1,0.015,Low,0
29.2,78.3,2.7,13.8,0,95.0,1,10,0.12,Low,0
24.6,67.5,17.3,13.7,0,94.8,0,11,0.074,Low,0
26.9,70.2,7.8,29.3,0,95.0,0,2,0.0,Low,0
34.9,48.0,9.6,2.4,4,89.9,1,8,0.911,Critical,1
25.4,77.9,3.9,6.6,3,87.7,0,1,0.008,Low,0
27.8,84.3,19.7,12.9,3,88.9,0,10,0.086,Low,0
31.7,37.6,24.0,0.0,19,50.9,1,8,0.977,Critical,1
28.1,89.6,5.1,22.2,3,89.1,0,3,0.116,Low,0
28.3,86.9,2.4,65.7,2,91.7,1,5,0.11,Low,0
24.8,88.1,15.6,4.4,0,94.9,0,1,0.0,Low,0
26.2,82.4,13.6,8.3,2,90.6,1,3,0.13,Low,0
24.0,79.7,16.9,2.4,4,84.5,0,4,0.128,Low,1
28.2,73.1,7.0,24.9,4,86.6,0,2,0.127,Low,0
26.2,86.0,15.8,2.7,1,93.1,0,1,0.102,Low,0
29.2,86.1,4.7,20.7,1,94.6,0,1,0.024,Low,0
29.8,81.8,3.2,5.9,2,92.4,1,10,0.306,Low,1
27.8,76.0,9.6,25.3,1,93.9,0,1,0.0,Low,0
30.9,39.9,14.1,12.9,2,93.0,0,6,0.468,Medium,1
31.6,78.7,15.1,26.8,0,95.0,0,10,0.308,Low,0
24.1,80.2,10.1,1.4,18,49.5,0,10,0.32,Low,0
33.1,36.2,1.3,1.8,23,41.6,0,6,0.781,Critical,0
27.9,43.6,8.0,0.0,21,43.9,0,6,0.408,Medium,0
35.7,63.8,35.6,0.3,5,87.8,1,7,1.0,Critical,1
25.5,70.5,6.0,6.5,3,87.8,0,4,0.046,Low,0
34.8,37.1,1.8,0.0,5,87.4,0,8,0.817,Critical,1
24.0,71.6,4.4,36.8,0,94.5,1,4,0.0,Low,0
26.2,82.9,24.2,2.0,2,90.6,0,10,0.158,Low,0
27.5,66.6,9.9,20.8,2,91.3,0,1,0.101,Low,0
32.3,60.9,36.9,0.0,20,48.7,1,8,0.942,Critical,1
25.1,43.1,20.8,0.0,12,65.1,1,7,0.722,High,0
28.5,64.3,26.6,11.3,2,91.8,0,1,0.269,Low,0
28.2,77.2,8.0,5.7,1,94.1,1,3,0.266,Low,0
32.3,57.8,10.7,0.0,5,86.2,0,9,0.582,High,0
26.7,76.0,7.0,1.2,20,45.8,0,12,0.206,Low,0
31.8,53.5,11.0,0.0,24,38.4,1,9,1.0,Critical,0
25.2,77.7,3.4,32.9,2,90.1,1,10,0.086,Low,0
26.3,82.9,10.7,16.2,4,85.7,1,2,0.0,Low,0
26.8,82.3,11.2,5.5,4,85.9,0,3,0.05,Low,0
29.7,33.3,12.0,0.0,23,39.8,1,8,1.0,Critical,1
32.7,57.3,4.6,0.0,14,63.9,0,7,0.519,Medium,1
29.3,60.6,17.8,0.0,9,74.6,0,7,0.413,Medium,1
34.0,35.6,1.4,0.0,10,74.5,0,9,0.74,High,1
26.7,83.2,4.3,7.8,1,93.3,1,10,0.168,Low,0
24.8,72.7,4.4,22.4,1,92.4,1,4,0.014,Low,0
27.0,69.4,14.6,9.3,2,91.0,0,11,0.06,Low,0
33.9,41.0,1.4,0.0,9,77.0,0,6,0.746,High,1
26.2,88.8,7.3,26.0,4,85.6,0,5,0.0,Low,1
24.0,84.4,7.5,4.9,1,92.0,0,3,0.058,Low,0
30.1,87.3,6.7,5.7,4,87.5,0,3,0.358,Medium,1
28.7,58.4,5.6,1.7,21,44.3,0,5,0.445,Medium,0
30.4,71.1,21.0,14.1,2,92.7,0,5,0.274,Low,0
29.2,83.6,3.6,17.5,1,94.6,1,1,0.115,Low,0
25.8,81.4,3.5,1.6,13,62.9,1,4,0.259,Low,0
27.7,45.1,5.3,0.0,18,51.4,1,8,0.732,High,1
27.4,91.8,5.2,1.9,23,38.7,0,11,0.303,Low,0
32.9,55.0,18.4,0.8,9,76.5,1,8,1.0,Critical,1
30.0,86.3,5.8,2.4,2,92.5,0,2,0.101,Low,0
24.1,76.1,4.2,18.4,3,87.0,1,3,0.0,Low,0
26.9,84.4,10.0,2.5,2,91.0,1,5,0.156,Low,1
28.4,73.8,2.8,1.0,6,81.7,1,11,0.379,Medium,1
26.2,78.7,22.7,4.5,1,93.1,0,4,0.035,Low,0
27.3,65.4,2.8,5.4,4,86.2,0,11,0.118,Low,0
31.2,47.3,10.7,0.9,9,75.6,0,8,0.603,High,1
33.0,45.8,3.9,0.5,13,66.5,1,7,0.888,Critical,1
26.4,76.3,14.5,5.5,4,85.7,0,5,0.093,Low,0
24.9,86.0,15.0,26.2,0,95.0,1,5,0.174,Low,0
29.4,54.3,5.7,4.7,3,89.7,1,8,0.558,High,1
30.0,50.0,12.5,13.7,3,90.0,0,9,0.349,Low,1
30.0,73.2,12.3,19.5,0,95.0,0,5,0.29,Low,0
25.7,78.3,6.8,8.3,0,95.0,1,3,0.0,Low,0
27.9,69.0,12.6,11.3,3,89.0,1,4,0.168,Low,0
27.2,77.9,9.4,10.5,4,86.1,1,12,0.0,Low,0
31.3,36.6,8.3,0.0,22,43.1,0,8,0.801,Critical,1
31.9,37.7,4.9,0.0,21,46.0,1,7,0.937,Critical,1
30.2,36.8,9.6,0.0,9,75.1,0,8,0.723,High,0
26.0,79.3,8.4,10.0,1,93.0,1,1,0.0,Low,0
27.0,82.0,1.2,8.9,2,91.0,0,2,0.014,Low,0
27.4,66.6,5.0,6.3,1,93.7,0,10,0.14,Low,0
30.7,43.1,9.6,0.0,10,72.8,0,8,0.608,High,0
33.8,39.0,12.2,2.9,1,95.0,0,9,0.666,High,0
26.5,69.5,7.5,100.0,0,95.0,1,3,0.106,Low,0
32.8,54.7,4.6,8.2,0,95.0,0,7,0.329,Low,0
26.4,78.3,1.8,29.9,4,85.7,1,2,0.026,Low,0
36.8,70.2,1.3,1.2,19,53.4,0,8,0.497,Medium,1
28.1,85.7,3.3,18.8,1,94.1,1,5,0.1,Low,0
24.0,95.0,2.2,22.4,4,84.5,1,11,0.099,Low,0
25.7,84.2,15.0,46.9,2,90.3,1,1,0.0,Low,0
28.7,47.7,8.9,0.0,22,41.8,1,7,0.907,Critical,1
26.2,78.6,3.4,26.5,4,85.6,1,4,0.007,Low,0
35.3,47.2,4.0,1.8,13,67.7,0,6,0.639,High,1
26.4,84.5,20.3,0.1,13,63.2,0,12,0.315,Low,0
33.6,48.0,3.4,0.0,11,71.8,1,8,1.0,Critical,1
30.3,59.3,25.8,3.4,3,90.1,1,9,0.585,High,1
35.6,41.8,1.9,0.0,20,50.3,0,7,0.8,Critical,1
30.7,42.7,6.4,0.0,8,77.8,1,8,0.892,Critical,1
26.8,63.1,14.3,2.0,15,58.4,0,5,0.379,Medium,1
25.6,73.6,18.2,30.1,0,95.0,1,5,0.153,Low,0
27.9,70.7,25.1,20.3,1,93.9,0,5,0.206,Low,1
26.5,74.0,11.4,3.0,3,88.2,0,1,0.141,Low,0
27.0,72.9,1.7,3.3,1,93.5,1,5,0.106,Low,0
31.2,53.1,1.2,0.0,23,40.6,1,7,0.968,Critical,1
25.5,72.0,19.8,16.1,4,85.2,1,10,0.153,Low,0
24.8,87.1,14.1,28.1,1,92.4,1,10,0.067,Low,0
28.6,62.2,6.6,1.3,22,41.8,0,4,0.37,Medium,1
31.3,53.6,10.9,0.0,11,70.6,0,7,0.729,High,1
31.9,59.7,4.2,11.2,4,88.4,0,6,0.238,Low,0
34.2,55.5,7.6,0.0,21,47.1,0,6,0.793,Critical,1
24.0,70.5,4.8,28.9,4,84.5,0,5,0.0,Low,0
29.3,83.6,8.0,19.9,0,95.0,0,10,0.081,Low,0
30.7,61.6,4.2,0.0,12,67.8,0,6,0.543,Medium,0
28.9,63.6,6.5,9.0,4,86.9,0,12,0.193,Low,0
25.2,71.0,7.5,19.1,2,90.1,0,11,0.03,Low,0
26.9,42.1,11.9,3.6,2,91.0,0,6,0.179,Low,0
25.9,83.8,11.1,12.4,1,93.0,0,10,0.093,Low,0
26.9,77.3,4.6,2.6,0,95.0,1,12,0.146,Low,0
29.5,85.9,6.5,6.9,4,87.2,1,4,0.099,Low,0
26.1,86.4,5.3,3.4,3,88.1,0,5,0.0,Low,1
32.8,47.5,19.6,0.0,24,38.9,1,6,0.988,Critical,1
30.2,35.9,13.4,0.0,10,72.6,1,8,1.0,Critical,1
28.5,83.4,3.0,2.8,2,91.7,0,4,0.219,Low,0
26.1,87.7,2.9,25.0,0,95.0,1,11,0.0,Low,0
27.2,73.0,9.4,13.0,1,93.6,1,3,0.0,Low,0
26.2,81.7,15.6,3.2,0,95.0,0,3,0.099,Low,0
24.9,75.1,10.0,1.8,9,72.4,0,10,0.136,Low,1
29.0,76.6,3.2,15.6,0,95.0,0,10,0.161,Low,0
28.9,76.1,4.9,16.4,3,89.4,1,10,0.141,Low,0
30.9,49.7,4.5,0.0,9,75.5,0,7,0.605,High,1
34.4,61.3,11.7,2.6,3,92.2,1,6,0.691,High,1
34.8,55.1,12.5,2.2,3,92.4,0,6,0.426,Medium,0
31.9,50.1,7.0,4.7,0,95.0,0,7,0.432,Medium,1
35.9,57.0,10.2,2.6,2,95.0,1,9,0.744,High,1
30.2,59.5,6.3,0.0,20,47.6,0,6,0.65,High,0
27.0,75.6,19.0,2.7,4,86.0,1,1,0.303,Low,0
24.0,73.7,11.0,5.1,3,87.0,1,1,0.027,Low,0
26.4,74.6,12.1,29.0,3,88.2,1,10,0.049,Low,0
30.4,59.6,3.1,0.0,15,60.2,0,9,0.538,Medium,0
25.8,78.3,2.8,6.2,0,95.0,1,11,0.128,Low,0
36.3,59.6,16.5,0.0,11,73.1,1,9,1.0,Critical,1
29.2,52.1,16.3,0.0,11,69.6,1,6,0.889,Critical,0
25.8,76.5,2.0,34.2,1,92.9,1,12,0.0,Low,0
27.7,78.3,32.1,2.6,2,91.4,0,3,0.235,Low,0
25.1,77.5,19.4,22.8,0,95.0,1,5,0.145,Low,0
28.5,84.7,12.0,19.9,4,86.7,1,1,0.21,Low,0
26.3,70.7,4.2,21.2,4,85.6,0,3,0.01,Low,0
29.0,67.0,2.6,11.4,3,89.5,1,11,0.303,Low,0
24.0,82.0,6.7,35.7,0,94.5,1,10,0.083,Low,1
24.3,70.8,9.1,4.4,1,92.1,0,4,0.02,Low,0
24.6,83.5,6.0,6.5,2,89.8,0,4,0.025,Low,0
30.1,43.6,37.2,0.0,19,50.1,0,6,0.782,Critical,1
25.9,76.4,7.4,13.1,0,95.0,0,4,0.0,Low,0
24.9,81.6,4.5,1.9,23,37.5,0,2,0.228,Low,0
27.0,76.7,10.3,24.7,2,91.0,0,11,0.062,Low,0
24.0,92.3,11.2,32.6,3,87.0,1,5,0.0,Low,0
25.3,94.4,11.3,7.3,2,90.1,1,10,0.043,Low,0
28.3,55.7,16.3,1.0,18,51.6,1,7,0.791,Critical,1
30.3,64.0,10.0,3.2,4,87.6,1,8,0.325,Low,0
24.7,73.3,6.6,9.9,2,89.8,1,1,0.0,Low,0
34.4,41.1,12.8,4.5,0,95.0,0,8,0.514,Medium,0
31.2,58.9,6.2,0.0,10,73.1,0,9,0.522,Medium,0
24.0,84.8,22.3,25.7,3,87.0,0,5,0.058,Low,0
27.2,89.0,20.4,2.1,0,95.0,0,3,0.126,Low,0
24.3,87.9,12.4,11.7,3,87.1,0,12,0.114,Low,0
32.9,43.7,6.1,2.6,1,95.0,0,9,0.443,Medium,0
31.2,36.1,6.5,0.0,17,55.6,0,8,0.821,Critical,1
33.6,30.5,6.2,7.3,1,95.0,0,7,0.61,High,1
27.8,77.1,22.8,35.1,3,88.9,0,3,0.135,Low,0
27.4,82.5,13.6,3.4,4,86.2,0,3,0.175,Low,0
32.5,42.7,17.3,3.2,4,88.7,0,6,0.387,Medium,0
27.8,84.8,24.5,0.8,9,73.9,0,11,0.364,Medium,1
26.7,81.6,9.8,14.9,2,90.8,1,5,0.0,Low,1
24.2,86.1,23.8,11.2,0,94.6,1,11,0.1,Low,0
29.1,65.3,4.1,28.6,4,87.1,0,4,0.169,Low,1
27.8,90.0,10.9,12.8,3,88.9,0,5,0.0,Low,1
30.9,52.8,6.4,0.8,15,60.5,1,7,0.924,Critical,1
31.2,68.2,2.2,0.0,14,63.1,0,8,0.632,High,1
36.7,53.1,8.7,0.0,11,73.3,0,7,0.747,High,0
26.0,88.0,8.6,1.7,24,35.5,1,11,0.353,Medium,0
24.4,62.3,3.4,1.5,5,82.2,0,12,0.16,Low,0
30.9,31.7,4.1,0.0,18,52.9,1,8,1.0,Critical,1
26.6,66.8,3.8,13.7,0,95.0,1,3,0.038,Low,0
35.3,40.7,8.9,0.0,14,65.2,0,7,0.699,High,0
25.2,67.1,3.8,2.6,2,90.1,0,11,0.199,Low,0
25.8,72.5,5.5,23.2,3,87.9,1,4,0.107,Low,0
25.4,79.1,8.1,1.0,10,70.2,1,3,0.352,Medium,1
24.0,75.1,26.3,7.4,0,94.5,0,4,0.231,Low,0
29.4,70.7,1.6,3.0,0,95.0,1,5,0.209,Low,0
30.4,62.0,10.5,10.7,4,87.7,1,12,0.342,Low,0
25.5,61.7,3.5,17.6,4,85.2,0,11,0.029,Low,0
32.1,41.7,9.9,0.0,23,41.1,1,6,0.944,Critical,0
27.4,78.0,19.3,2.5,2,91.2,0,11,0.094,Low,0
24.8,92.1,12.1,8.5,1,92.4,0,2,0.0,Low,0
32.1,46.8,3.7,0.0,23,41.1,0,8,0.73,High,1
35.0,33.9,1.4,6.6,0,95.0,0,8,0.584,High,1
26.1,76.3,2.1,16.1,3,88.1,1,1,0.0,Low,0
26.0,72.7,10.4,8.7,0,95.0,0,3,0.0,Low,0
26.6,69.9,13.9,5.3,1,93.3,1,12,0.176,Low,0
31.0,55.7,0.5,0.0,19,50.5,1,8,0.939,Critical,1
25.1,70.8,13.4,7.0,4,85.1,0,11,0.0,Low,0
24.5,85.3,7.8,8.5,3,87.2,0,5,0.0,Low,0
25.8,79.3,2.8,19.9,4,85.4,1,1,0.0,Low,0
25.2,69.6,13.3,41.9,2,90.1,0,11,0.006,Low,0
29.4,39.9,7.6,0.0,12,67.2,1,6,0.848,Critical,1
34.3,55.9,3.7,0.0,7,82.1,0,7,0.502,Medium,0
30.9,38.5,25.8,1.9,23,40.5,1,7,0.977,Critical,1
27.5,87.6,7.4,5.2,4,86.3,0,3,0.055,Low,0
25.9,80.4,4.9,5.2,0,95.0,0,2,0.012,Low,0
30.1,68.9,7.4,0.0,20,47.6,0,7,0.553,High,1
24.0,61.8,3.7,13.3,4,84.5,0,1,0.0,Low,0
31.0,68.6,9.5,1.9,18,53.0,0,8,0.404,Medium,1
38.0,48.2,3.5,0.0,21,49.0,0,8,0.752,Critical,1
31.2,45.8,4.6,0.0,18,53.1,0,9,0.731,High,0
30.0,60.4,2.9,5.8,0,95.0,1,8,0.331,Low,0
25.9,40.6,18.4,0.0,18,50.4,1,6,0.845,Critical,1
24.0,79.5,10.7,8.9,4,84.5,1,10,0.0,Low,0
28.3,80.2,2.5,28.8,4,86.7,1,12,0.221,Low,0
28.5,78.5,10.0,23.3,3,89.3,1,12,0.19,Low,0
27.4,83.2,13.4,8.0,2,91.2,1,2,0.151,Low,0
33.9,48.3,7.2,0.0,7,81.9,1,8,0.977,Critical,1
32.8,63.0,19.7,0.0,15,61.4,0,9,0.694,High,1
33.8,55.9,10.6,0.0,16,59.4,1,6,1.0,Critical,1
27.9,75.5,10.5,2.8,4,86.5,0,4,0.115,Low,0
30.9,67.2,6.7,11.3,2,92.9,0,5,0.284,Low,0
25.2,79.8,4.0,14.9,4,85.1,0,3,0.0,Low,0
25.5,83.5,17.6,39.5,1,92.8,1,5,0.045,Low,0
30.5,72.5,13.5,10.6,4,87.7,1,2,0.338,Low,0
31.8,65.4,6.6,5.5,4,88.4,0,8,0.219,Low,0
27.2,83.0,28.9,15.4,0,95.0,0,10,0.092,Low,0
24.2,83.6,4.1,5.9,0,94.6,0,5,0.097,Low,0
27.6,95.0,11.8,24.1,0,95.0,0,12,0.023,Low,0
29.6,54.7,16.1,0.0,20,47.3,0,7,0.583,High,1
31.2,51.0,3.4,0.0,17,55.6,1,9,1.0,Critical,1
24.9,77.3,5.2,5.3,2,89.9,1,1,0.06,Low,0
28.6,71.3,5.6,22.0,4,86.8,0,3,0.054,Low,0
26.5,69.5,5.1,0.9,7,78.2,0,4,0.274,Low,0
27.8,61.3,1.8,1.5,17,53.9,0,2,0.318,Low,0
26.2,80.2,9.2,6.1,2,90.6,0,3,0.0,Low,0
27.7,71.2,10.7,29.7,2,91.3,1,1,0.0,Low,1
34.2,52.4,5.8,2.4,0,95.0,1,7,0.719,High,0
32.0,56.9,2.1,2.5,0,95.0,0,9,0.386,Medium,1
32.8,42.8,6.4,6.2,2,93.9,0,9,0.342,Low,0
32.4,56.7,9.3,0.0,15,61.2,0,9,0.554,High,1
24.7,67.6,12.0,4.8,2,89.9,1,11,0.045,Low,0
27.1,86.1,10.3,54.7,0,95.0,0,1,0.0,Low,1
29.6,57.5,8.1,0.0,24,37.3,1,8,0.778,Critical,1
28.0,75.9,10.1,0.5,16,56.5,0,2,0.464,Medium,1
29.6,31.2,8.4,0.0,15,59.8,1,9,0.899,Critical,1
27.6,25.0,5.3,2.5,3,88.8,1,6,0.554,High,0
27.9,71.7,15.2,2.5,0,95.0,0,12,0.169,Low,0
26.9,81.3,7.3,13.4,0,95.0,1,4,0.0,Low,0
26.0,84.9,0.7,27.1,3,88.0,0,1,0.0,Low,0
26.3,46.6,4.4,10.1,0,95.0,0,6,0.021,Low,1
25.2,74.7,20.0,27.5,4,85.1,1,1,0.01,Low,0
27.6,71.8,16.8,37.8,1,93.8,0,5,0.097,Low,0
30.5,89.3,22.3,0.2,13,65.2,1,1,0.846,Critical,1
26.3,72.4,1.4,8.1,4,85.6,0,1,0.029,Low,0
27.3,91.6,3.7,6.4,2,91.2,0,3,0.103,Low,0
24.0,85.2,9.3,9.7,0,94.5,1,12,0.121,Low,0
31.1,89.1,8.0,12.6,3,90.6,0,10,0.184,Low,0
29.6,73.5,6.5,1.8,18,52.3,0,5,0.295,Low,0
25.1,83.3,16.3,21.0,0,95.0,0,3,0.0,Low,0
28.6,78.0,24.2,42.5,3,89.3,0,2,0.168,Low,0
26.1,78.6,3.2,34.2,3,88.0,1,2,0.0,Low,0
29.4,31.7,7.5,0.5,17,54.7,0,8,0.723,High,1
24.5,80.4,7.8,11.4,1,92.3,0,4,0.035,Low,0
30.8,63.2,16.1,6.5,0,95.0,0,6,0.356,Medium,0
28.1,90.4,7.1,39.9,1,94.0,1,5,0.163,Low,0
28.6,76.7,3.2,12.1,2,91.8,0,12,0.05,Low,0
27.9,65.6,2.9,19.4,0,95.0,1,2,0.059,Low,0
28.7,84.0,28.3,2.2,2,91.8,0,3,0.258,Low,1
28.3,73.4,2.3,29.7,3,89.2,0,5,0.01,Low,0
27.8,89.8,20.9,41.7,2,91.4,0,1,0.048,Low,1
27.5,63.5,3.4,7.1,4,86.2,0,5,0.002,Low,0
33.2,37.5,15.7,0.0,14,64.1,0,8,0.914,Critical,1
27.2,73.3,7.1,0.1,13,63.6,0,10,0.305,Low,0
26.6,74.8,21.1,8.1,3,88.3,1,3,0.075,Low,0
27.5,79.7,5.4,31.4,1,93.7,1,1,0.0,Low,0
24.0,72.7,21.6,11.8,3,87.0,0,10,0.087,Low,0
24.0,77.7,13.3,8.7,0,94.5,1,1,0.053,Low,0
33.2,31.8,22.6,0.9,11,71.6,1,7,1.0,Critical,1
33.0,68.5,2.3,0.0,10,74.0,1,7,0.838,Critical,0
30.6,40.4,10.7,0.0,18,52.8,1,8,1.0,Critical,0
26.1,90.5,7.1,17.0,2,90.6,1,1,0.0,Low,1
27.1,66.7,10.7,22.4,3,88.6,1,4,0.095,Low,0
29.4,76.1,1.5,17.5,4,87.2,1,5,0.158,Low,0
34.8,39.5,12.3,0.0,8,79.9,0,8,0.809,Critical,1
32.9,60.7,8.2,0.4,16,58.9,1,9,0.847,Critical,0
30.4,49.1,4.8,0.0,13,65.2,1,8,0.987,Critical,1
35.4,78.8,43.2,0.0,16,60.2,1,9,1.0,Critical,1
31.5,87.5,6.4,1.5,19,50.7,0,2,0.397,Medium,0
27.4,89.1,12.4,1.6,10,71.2,1,2,0.232,Low,0
24.0,72.7,10.8,2.3,2,89.5,1,2,0.235,Low,0
35.2,35.5,20.4,0.0,14,65.1,1,9,0.98,Critical,1
25.9,80.0,10.3,6.5,2,90.5,0,5,0.036,Low,0
29.0,72.2,6.8,52.4,0,95.0,0,5,0.056,Low,0
27.4,89.0,3.6,45.1,4,86.2,1,2,0.0,Low,1
27.0,68.5,2.8,11.7,4,86.0,1,4,0.002,Low,0
25.2,69.4,7.1,0.5,23,37.6,0,1,0.417,Medium,0
25.2,64.8,8.1,3.8,4,85.1,1,5,0.225,Low,0
32.2,61.5,3.9,0.0,5,86.1,1,6,0.782,Critical,1
33.1,28.2,15.7,0.0,22,44.1,0,8,0.904,Critical,1
29.4,73.0,5.3,44.6,4,87.2,1,11,0.212,Low,0
27.8,87.3,25.5,16.3,3,88.9,1,11,0.056,Low,1
30.4,47.6,2.5,0.0,20,47.7,1,6,1.0,Critical,0
30.5,31.5,2.5,0.0,15,60.3,1,8,0.984,Critical,1
25.4,68.1,3.1,0.1,24,35.2,0,10,0.396,Medium,1
28.2,85.1,10.4,37.4,3,89.1,0,1,0.167,Low,0
27.4,91.4,19.2,26.6,0,95.0,0,2,0.074,Low,0
34.5,56.4,7.9,0.0,23,42.3,0,8,0.686,High,1
26.1,77.0,6.7,6.6,0,95.0,1,12,0.132,Low,0
24.8,95.0,26.6,22.2,1,92.4,1,1,0.163,Low,0
26.1,72.9,11.3,9.8,1,93.0,0,2,0.107,Low,0
26.2,79.0,10.1,16.7,1,93.1,0,11,0.0,Low,0
27.1,66.1,6.6,9.6,1,93.6,1,2,0.085,Low,0
35.8,65.2,5.5,0.0,7,82.9,1,8,0.908,Critical,0
28.0,80.9,31.8,32.2,2,91.5,0,2,0.036,Low,0
31.3,80.1,0.9,11.0,4,88.1,1,11,0.348,Low,0
27.2,79.1,11.0,0.8,11,68.6,0,4,0.303,Low,0
31.0,75.0,1.2,8.8,1,95.0,1,1,0.32,Low,0
26.0,81.1,12.1,3.8,0,95.0,0,2,0.058,Low,0
24.0,81.1,25.1,24.4,0,94.5,1,3,0.124,Low,0
27.4,72.3,18.1,9.0,4,86.2,1,10,0.184,Low,0
25.5,84.2,2.1,5.2,4,85.3,0,4,0.102,Low,0
25.7,89.9,5.8,4.7,0,95.0,0,4,0.0,Low,0
29.3,43.4,12.3,0.0,21,44.6,1,7,1.0,Critical,1
28.7,73.3,13.4,14.8,4,86.9,1,12,0.264,Low,0
26.4,70.6,12.7,2.5,4,85.7,0,3,0.083,Low,0
27.8,78.6,5.3,67.5,1,93.9,1,12,0.0,Low,0
32.6,44.9,5.4,0.0,11,71.3,1,9,1.0,Critical,1
32.7,43.7,4.3,0.8,8,78.8,0,9,0.572,High,1
25.7,83.9,8.7,1.4,9,72.9,0,5,0.081,Low,0
26.1,73.3,6.6,5.7,3,88.1,1,10,0.075,Low,0
26.9,73.0,7.2,3.3,4,85.9,0,4,0.093,Low,0
28.7,65.9,2.1,29.6,1,94.4,0,5,0.094,Low,0
27.7,53.2,16.9,0.0,22,41.4,0,7,0.542,Medium,0
26.7,68.7,11.2,10.4,4,85.8,0,2,0.169,Low,0
25.7,83.5,11.0,6.5,3,87.8,1,2,0.093,Low,0
25.0,80.1,12.6,13.5,3,87.5,0,5,0.054,Low,0
27.3,64.5,16.6,14.7,0,95.0,0,1,0.08,Low,1
27.0,92.2,11.1,29.5,1,93.5,0,1,0.0,Low,0
24.0,72.6,2.7,43.9,4,84.5,0,1,0.0,Low,0
29.8,79.2,6.9,41.1,4,87.4,0,10,0.105,Low,0
30.0,32.7,10.5,0.0,13,65.0,1,6,1.0,Critical,1
31.9,36.4,9.6,0.0,11,71.0,1,8,1.0,Critical,0
32.1,62.2,6.7,5.5,2,93.6,1,9,0.425,Medium,0
29.4,46.9,14.1,0.0,9,74.7,1,7,0.828,Critical,1
28.0,72.2,9.7,9.8,3,89.0,1,3,0.174,Low,0
29.3,73.9,12.4,14.3,0,95.0,1,12,0.147,Low,0
31.3,51.1,4.3,0.3,8,78.1,1,9,0.888,Critical,1
33.5,40.0,18.8,1.1,6,84.3,1,6,0.929,Critical,1
24.8,80.8,33.2,14.9,1,92.4,0,2,0.189,Low,0
28.1,70.1,6.1,21.3,0,95.0,0,11,0.04,Low,0
28.8,80.8,8.1,12.6,3,89.4,0,1,0.165,Low,0
31.8,82.3,7.1,39.4,1,95.0,0,2,0.155,Low,0
27.7,85.4,7.9,38.7,4,86.3,1,3,0.084,Low,0
24.9,83.9,6.8,5.5,4,85.0,0,10,0.063,Low,0
30.5,25.0,8.6,0.0,7,80.2,1,8,0.992,Critical,1
30.0,73.8,19.7,3.9,3,90.0,0,12,0.143,Low,1
26.8,84.9,1.8,17.0,1,93.4,0,2,0.065,Low,0
31.2,56.3,21.5,0.0,20,48.1,0,7,0.56,High,1
29.7,50.5,13.9,0.0,17,54.9,1,8,0.912,Critical,1
32.3,64.3,22.4,0.0,15,61.1,0,6,0.605,High,1
35.8,26.9,10.5,0.0,19,52.9,0,8,0.95,Critical,1
26.4,56.1,11.1,9.0,4,85.7,1,11,0.069,Low,0
26.9,85.7,2.2,0.4,10,71.0,1,10,0.423,Medium,0
35.5,71.9,13.7,0.0,12,70.3,1,6,0.995,Critical,1
30.8,44.3,4.3,0.0,18,52.9,0,7,0.702,High,1
26.0,89.1,18.2,6.5,2,90.5,0,5,0.206,Low,0
28.3,74.9,7.1,31.2,3,89.2,0,1,0.067,Low,0
24.5,80.3,4.7,12.4,3,87.3,1,10,0.051,Low,0
25.6,89.5,13.2,1.4,16,55.3,1,11,0.472,Medium,0
27.0,85.6,4.8,6.0,2,91.0,1,10,0.111,Low,0
28.9,75.9,6.6,18.8,0,95.0,0,1,0.085,Low,0
30.6,43.7,4.3,2.6,1,95.0,0,8,0.523,Medium,0
30.3,40.7,11.7,2.8,1,95.0,0,9,0.467,Medium,1
36.2,55.4,13.1,2.9,3,93.1,0,8,0.614,High,1
31.2,41.6,2.7,0.0,7,80.6,0,7,0.66,High,1
30.4,46.8,5.1,1.5,11,70.2,0,7,0.532,Medium,1
26.5,78.2,8.6,9.1,4,85.8,1,3,0.0,Low,0
28.9,86.7,1.1,1.3,6,82.0,0,11,0.276,Low,0
27.5,66.5,5.3,19.5,4,86.2,0,11,0.02,Low,0
25.8,73.1,9.8,16.2,3,87.9,0,10,0.0,Low,0
30.3,72.2,19.8,25.7,0,95.0,1,11,0.445,Medium,1
33.4,53.7,26.7,3.9,4,89.2,0,8,0.51,Medium,0
29.6,37.9,10.9,4.0,0,95.0,0,7,0.385,Medium,0
24.0,80.9,14.8,33.4,2,89.5,0,1,0.0,Low,0
28.0,73.2,7.6,1.3,10,71.5,0,1,0.115,Low,0
26.8,79.4,15.8,16.2,4,85.9,0,11,0.0,Low,0
25.4,79.8,5.4,11.6,4,85.2,1,4,0.083,Low,0
24.8,75.6,11.3,28.3,0,94.9,1,3,0.0,Low,0
30.0,77.3,16.3,1.8,15,60.0,0,4,0.335,Low,0
28.1,70.8,13.6,4.6,0,95.0,0,3,0.119,Low,0
27.6,76.8,12.6,9.0,4,86.3,1,12,0.157,Low,0
30.7,73.6,1.8,0.0,15,60.4,0,7,0.548,Medium,1
29.9,71.2,8.0,22.4,0,95.0,0,3,0.103,Low,0
28.1,82.2,21.9,7.9,4,86.6,1,2,0.31,Low,0
28.9,40.5,6.6,2.3,4,87.0,0,6,0.34,Low,0
26.9,69.6,13.5,6.6,3,88.4,0,5,0.07,Low,0
32.1,25.8,4.5,0.0,21,46.0,0,6,0.84,Critical,0
27.1,81.5,6.5,7.9,1,93.5,0,3,0.055,Low,0
27.6,83.8,11.6,22.3,3,88.8,0,4,0.039,Low,0
29.6,38.3,8.4,0.0,12,67.3,1,6,1.0,Critical,1
26.3,76.9,23.8,9.9,4,85.7,1,2,0.248,Low,0
31.8,40.0,6.7,0.0,20,48.4,0,6,0.821,Critical,1
24.8,80.5,28.2,17.7,0,94.9,1,12,0.239,Low,0
34.5,62.6,17.7,0.0,20,49.8,1,7,0.962,Critical,1
26.7,78.2,3.6,7.5,0,95.0,0,12,0.027,Low,0
29.8,50.5,5.5,3.0,4,87.4,0,9,0.297,Low,0
34.4,49.8,3.3,1.2,19,52.2,1,8,1.0,Critical,1
29.7,59.3,7.8,0.7,5,84.9,0,3,0.315,Low,1
31.4,66.4,0.3,8.5,2,93.2,1,4,0.445,Medium,0
33.0,55.5,5.0,0.0,23,41.5,0,6,0.662,High,1
24.8,78.2,10.8,13.5,4,84.9,0,5,0.0,Low,0
36.1,49.6,4.9,1.7,10,75.6,0,7,0.615,High,0
28.0,52.8,11.3,0.0,15,59.0,0,8,0.649,High,0
26.5,85.8,3.9,28.0,3,88.3,0,4,0.075,Low,1
28.3,37.5,13.0,0.0,18,51.6,1,8,0.978,Critical,1
28.7,76.3,16.3,0.3,7,79.3,0,11,0.368,Medium,0
29.1,70.1,6.1,39.7,0,95.0,0,11,0.149,Low,0
27.3,78.2,2.3,2.3,2,91.1,1,3,0.205,Low,0
24.0,92.4,11.8,6.1,1,92.0,0,3,0.09,Low,0
32.5,58.0,10.2,0.0,11,71.3,1,9,0.936,Critical,1
26.7,67.9,20.2,48.6,2,90.8,0,10,0.021,Low,0
32.4,40.3,40.0,0.8,18,53.7,0,7,0.725,High,0
29.5,75.9,1.7,20.1,3,89.7,0,12,0.15,Low,0
29.1,50.5,5.2,3.6,4,87.1,0,6,0.383,Medium,1
26.7,81.7,4.4,12.3,1,93.4,1,4,0.0,Low,0
29.1,76.2,9.8,8.0,3,89.5,0,4,0.21,Low,0
31.7,69.9,12.0,1.8,6,83.3,0,7,0.368,Medium,0
28.0,73.1,2.9,5.1,0,95.0,1,12,0.144,Low,0
27.2,80.7,22.3,1.6,10,71.1,0,4,0.119,Low,0
26.3,76.6,9.3,19.4,4,85.7,1,4,0.0,Low,0
32.0,50.6,4.1,0.6,9,76.0,0,7,0.585,High,0
32.6,49.6,5.7,0.0,11,71.3,1,8,1.0,Critical,1
29.0,73.4,7.1,17.2,3,89.5,1,1,0.153,Low,0
25.2,87.1,4.9,9.2,4,85.1,0,3,0.0,Low,0
30.4,56.1,4.0,0.0,19,50.2,1,6,0.879,Critical,1
30.0,58.4,4.5,0.0,5,85.0,0,7,0.29,Low,0
27.1,83.0,11.1,3.0,0,95.0,1,12,0.115,Low,0
26.4,81.6,8.2,8.6,2,90.7,1,11,0.068,Low,0
25.5,75.2,1.6,54.5,1,92.7,1,12,0.027,Low,0
28.2,78.4,3.2,31.1,1,94.1,0,12,0.025,Low,0
31.7,54.4,5.2,1.6,8,78.3,1,8,0.852,Critical,0
24.0,68.6,9.6,47.9,3,87.0,0,1,0.087,Low,0
27.3,90.9,7.3,1.8,19,48.7,0,5,0.282,Low,0
32.6,59.2,5.6,0.0,12,68.8,1,7,0.748,High,1
28.8,78.8,9.4,15.1,4,86.9,1,12,0.121,Low,0
26.8,85.0,1.9,0.1,9,73.4,0,12,0.245,Low,0
30.1,33.0,8.3,1.9,22,42.5,0,9,0.707,High,0
27.7,80.5,17.0,33.2,1,93.9,0,2,0.157,Low,0
24.2,70.6,2.1,11.6,1,92.1,1,11,0.06,Low,0
26.8,95.0,9.5,19.6,4,85.9,0,2,0.0,Low,0
26.2,70.8,2.7,12.4,2,90.6,1,5,0.017,Low,0
26.9,69.0,20.4,5.0,4,85.9,0,12,0.147,Low,0
27.8,60.9,5.4,20.2,1,93.9,0,10,0.072,Low,0
27.6,83.5,33.5,18.2,2,91.3,1,3,0.181,Low,0
29.8,62.1,21.0,6.3,4,87.4,1,9,0.329,Low,0
24.0,79.1,24.0,6.4,1,92.0,0,10,0.183,Low,0
29.7,41.3,19.5,0.0,15,59.9,1,8,0.946,Critical,1
29.7,70.2,4.4,0.0,5,84.9,1,9,0.384,Medium,0
28.6,72.5,4.7,25.6,3,89.3,1,12,0.153,Low,0
28.3,74.4,2.6,7.2,3,89.1,1,3,0.267,Low,0
29.1,67.7,6.5,26.3,4,87.1,1,12,0.259,Low,0
32.1,44.6,2.8,2.7,3,91.0,0,9,0.464,Medium,1
27.9,77.8,4.4,8.6,2,91.4,1,12,0.066,Low,0
26.5,81.4,10.7,8.3,4,85.8,0,1,0.0,Low,0
29.4,88.8,8.2,59.9,4,87.2,0,2,0.093,Low,0
28.0,84.2,7.4,1.4,22,41.5,0,10,0.302,Low,0
28.2,80.8,15.2,3.7,1,94.1,0,4,0.203,Low,0
26.0,70.8,6.8,1.0,15,58.0,1,3,0.492,Medium,1
24.4,74.5,0.3,13.4,0,94.7,0,4,0.065,Low,0
32.4,77.9,11.5,17.2,2,93.7,1,2,0.27,Low,0
28.4,79.1,11.5,11.4,3,89.2,0,2,0.13,Low,0
32.6,59.3,15.8,3.2,2,93.8,0,6,0.312,Low,0
25.4,86.1,19.5,8.4,3,87.7,0,11,0.042,Low,0
24.0,94.5,11.6,38.4,4,84.5,0,4,0.0,Low,0
25.6,76.7,11.3,13.9,2,90.3,1,1,0.012,Low,0
24.0,75.9,7.6,5.1,0,94.5,1,5,0.106,Low,0
31.7,54.9,9.1,0.0,12,68.4,1,9,0.981,Critical,1
26.9,73.2,16.0,10.5,4,86.0,1,12,0.096,Low,0
24.6,69.4,9.3,16.5,3,87.3,1,4,0.069,Low,0
28.7,78.0,4.0,6.2,4,86.8,1,2,0.129,Low,1
24.6,76.8,2.5,13.9,2,89.8,1,2,0.0,Low,0
28.4,83.5,4.9,10.5,3,89.2,0,2,0.079,Low,0
29.2,69.2,19.3,22.8,1,94.6,0,10,0.175,Low,0
29.5,40.6,2.0,0.7,20,47.3,0,6,0.566,High,0
37.3,44.5,17.3,0.0,8,81.2,0,7,0.733,High,1
26.0,69.0,21.9,11.9,4,85.5,0,5,0.017,Low,0
27.7,75.7,5.2,55.0,1,93.8,1,3,0.01,Low,0
35.9,25.7,5.5,9.0,0,95.0,1,9,0.822,Critical,0
29.0,76.9,6.5,17.3,1,94.5,1,5,0.15,Low,0
26.2,77.0,2.3,12.4,1,93.1,0,11,0.0,Low,0
27.6,83.7,15.6,1.5,22,41.3,0,2,0.148,Low,1
26.4,85.1,1.3,9.1,0,95.0,0,5,0.0,Low,0
27.0,81.3,24.1,0.9,18,51.0,0,4,0.403,Medium,0
30.1,30.1,1.2,0.6,12,67.5,0,8,0.669,High,1
25.6,76.6,7.3,16.0,0,95.0,0,3,0.028,Low,0
30.6,31.6,4.2,0.0,20,47.8,0,6,0.784,Critical,1
31.5,54.9,24.2,0.0,18,53.2,1,9,1.0,Critical,1
33.9,42.7,5.7,0.0,18,54.5,1,6,1.0,Critical,1
31.1,43.8,11.6,1.3,10,73.0,0,7,0.574,High,1
25.6,62.3,1.4,10.5,0,95.0,1,11,0.055,Low,0
28.7,80.8,7.5,25.8,0,95.0,1,3,0.137,Low,0
31.9,47.2,3.6,0.0,8,78.5,1,9,0.888,Critical,1
32.0,64.8,8.1,0.0,15,61.0,1,9,0.769,Critical,1
29.9,87.3,7.4,15.0,4,87.5,0,4,0.0,Low,0
33.9,58.4,8.4,0.0,9,76.9,0,7,0.537,Medium,1
26.8,61.8,6.8,8.9,4,85.9,0,1,0.068,Low,0
25.1,73.4,13.3,13.7,4,85.1,0,2,0.101,Low,0
28.6,79.8,5.6,33.1,2,91.8,1,11,0.057,Low,0
27.4,42.8,23.5,0.6,6,81.2,0,8,0.45,Medium,0
29.0,95.0,2.3,11.6,4,87.0,1,12,0.173,Low,0
32.4,65.5,15.4,0.0,7,81.2,1,7,0.78,Critical,1
25.8,64.1,6.6,3.9,3,87.9,0,10,0.075,Low,0
27.8,90.1,5.7,0.7,10,71.4,1,5,0.429,Medium,0
31.2,54.9,22.5,0.0,14,63.1,1,9,0.829,Critical,1
30.0,66.9,17.9,36.6,2,92.5,0,1,0.168,Low,0
26.1,86.1,31.7,12.2,4,85.6,1,3,0.199,Low,0
29.7,79.2,2.3,4.4,3,89.9,0,3,0.132,Low,0
27.1,83.2,19.5,0.2,5,83.5,0,3,0.266,Low,0
32.6,61.3,10.7,8.7,2,93.8,0,6,0.159,Low,0
25.3,74.6,9.3,25.2,3,87.7,0,12,0.005,Low,0
28.4,79.2,5.9,21.1,2,91.7,0,4,0.146,Low,0
26.8,76.0,7.7,24.2,0,95.0,0,12,0.062,Low,0
29.7,34.5,20.5,0.0,24,37.3,0,7,0.715,High,0
24.5,82.5,12.5,3.4,2,89.7,1,5,0.08,Low,0
35.0,49.8,10.7,1.1,8,80.0,0,9,0.621,High,0
25.9,82.4,10.5,26.3,2,90.4,1,4,0.021,Low,0
26.7,81.5,2.9,1.5,22,40.9,1,1,0.357,Medium,0
31.5,46.3,4.5,1.8,14,63.3,0,9,0.448,Medium,1
28.8,76.0,6.4,22.3,4,86.9,0,4,0.057,Low,1
29.8,44.8,2.6,1.8,21,44.9,0,6,0.547,Medium,1
35.0,69.4,17.3,0.0,11,72.5,1,8,0.997,Critical,0
29.9,68.5,1.5,0.5,14,62.5,0,7,0.442,Medium,0
30.3,79.6,5.0,6.8,1,95.0,1,4,0.406,Medium,0
35.6,29.0,3.7,0.0,20,50.3,1,6,1.0,Critical,1
27.1,90.5,1.0,10.4,4,86.1,1,10,0.0,Low,0
25.7,72.0,14.0,10.1,0,95.0,1,10,0.0,Low,0
28.5,77.1,18.7,5.2,0,95.0,1,10,0.38,Medium,0
26.7,79.9,7.7,5.5,2,90.8,0,3,0.035,Low,0
34.1,49.9,12.8,0.0,16,59.5,1,7,1.0,Critical,1
30.2,78.8,3.5,20.7,3,90.1,0,10,0.238,Low,0
27.8,77.3,3.1,13.5,3,88.9,1,3,0.072,Low,0
26.9,79.1,5.9,11.3,3,88.4,1,12,0.005,Low,0
36.5,63.8,5.1,0.7,19,53.3,1,7,0.982,Critical,1
27.6,74.8,7.0,41.1,1,93.8,0,5,0.005,Low,1
32.1,72.5,11.5,0.0,6,83.5,0,8,0.484,Medium,1
37.1,51.1,17.2,0.2,21,48.5,0,9,0.842,Critical,1
33.3,62.9,12.6,0.0,9,76.7,1,7,0.983,Critical,0
28.4,78.6,8.9,25.1,1,94.2,0,11,0.127,Low,0
32.5,50.8,19.1,0.0,19,51.3,0,7,0.765,Critical,1
25.6,84.3,11.3,24.0,1,92.8,1,10,0.007,Low,1
34.4,48.5,3.7,0.0,13,67.2,0,8,0.722,High,0
29.0,69.4,3.2,0.5,24,37.0,1,10,0.734,High,1
26.7,73.2,10.8,3.0,2,90.8,0,12,0.082,Low,0
29.2,44.6,9.4,0.0,22,42.1,0,7,0.592,High,1
24.0,85.9,11.8,79.1,1,92.0,0,5,0.027,Low,0
27.9,75.3,12.1,29.0,2,91.4,0,12,0.121,Low,0
27.5,79.2,3.0,12.7,2,91.3,0,4,0.031,Low,0
28.8,76.7,4.4,1.3,19,49.4,1,10,0.459,Medium,0
28.5,71.8,9.0,45.1,0,95.0,1,5,0.159,Low,1
25.3,83.4,4.5,1.3,8,75.1,0,2,0.117,Low,0
28.5,47.3,3.1,0.0,24,36.7,0,9,0.583,High,1
33.0,81.2,16.0,0.0,15,61.5,0,7,0.675,High,0
26.6,45.9,8.5,0.0,20,45.8,1,8,0.766,Critical,1
29.2,95.0,5.0,30.2,4,87.1,0,4,0.06,Low,0
25.7,75.6,6.1,4.1,3,87.9,0,12,0.049,Low,0
27.0,87.3,21.8,21.7,4,86.0,0,2,0.046,Low,0
25.6,78.6,15.3,8.7,3,87.8,1,5,0.08,Low,0
27.5,69.0,2.3,3.5,2,91.3,0,4,0.175,Low,1
28.0,72.4,13.0,46.6,2,91.5,0,11,0.118,Low,0
25.8,86.1,12.4,0.5,22,40.4,0,4,0.412,Medium,0
26.3,73.7,6.5,20.0,0,95.0,0,5,0.0,Low,0
25.1,69.9,2.1,18.6,2,90.0,1,5,0.142,Low,0
33.4,41.5,1.2,0.1,8,79.2,1,7,1.0,Critical,0
34.1,46.0,20.8,0.0,16,59.6,1,9,1.0,Critical,0
27.6,79.5,8.3,10.5,0,95.0,0,12,0.0,Low,0
27.0,64.1,1.8,10.1,3,88.5,1,1,0.011,Low,0
30.3,60.8,8.9,0.0,16,57.6,0,9,0.561,High,1
30.9,29.6,5.4,1.9,11,70.4,0,7,0.621,High,1
26.2,82.0,16.1,16.4,0,95.0,1,10,0.0,Low,0
32.8,49.0,26.0,1.8,23,41.4,0,8,0.74,High,0
24.3,71.3,11.8,1.2,9,72.1,1,5,0.241,Low,0
33.6,49.5,14.9,0.0,16,59.3,1,9,0.988,Critical,1
27.4,72.8,2.9,62.9,2,91.2,0,4,0.0,Low,0
27.6,80.8,16.8,10.9,4,86.3,0,3,0.034,Low,0
27.3,65.9,12.7,63.9,4,86.1,0,10,0.109,Low,0
28.1,84.9,13.7,15.9,4,86.6,0,1,0.14,Low,1
28.9,82.5,4.9,1.6,7,79.5,0,3,0.253,Low,0
34.1,42.5,18.2,0.0,5,87.1,1,9,0.931,Critical,1
25.5,64.3,4.7,17.1,2,90.3,0,10,0.084,Low,0
29.9,59.7,3.5,0.0,9,75.0,0,8,0.394,Medium,0
25.3,79.7,9.4,3.0,4,85.2,0,12,0.06,Low,0
25.2,46.2,5.4,0.0,21,42.6,0,6,0.468,Medium,1
28.0,71.3,14.1,10.7,4,86.5,0,10,0.075,Low,0
27.3,76.4,21.8,6.6,1,93.7,0,2,0.08,Low,0
28.4,75.4,16.6,57.5,2,91.7,0,11,0.12,Low,0
27.6,83.5,3.5,5.1,0,95.0,0,2,0.0,Low,1
26.2,62.1,6.3,9.3,1,93.1,0,10,0.098,Low,0
27.2,79.8,19.2,11.4,2,91.1,0,11,0.173,Low,0
31.9,72.6,14.6,0.0,20,48.5,0,9,0.567,High,0
25.7,80.2,3.9,72.5,3,87.9,0,3,0.0,Low,1
27.1,80.1,8.1,39.8,3,88.5,0,5,0.018,Low,0
31.8,39.8,18.1,0.0,20,48.4,0,9,0.971,Critical,1
24.0,75.3,15.1,5.5,3,87.0,1,2,0.221,Low,0
28.9,58.2,11.6,1.2,9,74.4,1,7,0.489,Medium,1
27.5,70.5,5.6,8.9,0,95.0,0,4,0.0,Low,1
29.5,72.5,2.5,1.0,10,72.3,1,7,0.415,Medium,1
29.1,84.7,14.6,1.9,8,77.1,0,1,0.259,Low,0
28.8,88.6,11.0,5.5,2,91.9,1,5,0.213,Low,0
30.4,42.1,9.6,0.0,14,62.7,1,7,0.958,Critical,0
29.6,79.9,2.8,9.9,0,95.0,1,12,0.114,Low,0
25.8,82.6,11.1,8.5,2,90.4,0,3,0.024,Low,0
29.4,78.5,5.8,7.6,2,92.2,1,1,0.074,Low,0
27.9,67.8,18.4,1.5,10,71.4,1,10,0.421,Medium,0
32.7,45.9,9.7,0.0,6,83.8,0,6,0.555,High,0
28.9,83.0,9.9,5.5,2,91.9,0,12,0.227,Low,0
27.2,78.7,9.3,12.8,1,93.6,1,2,0.0,Low,0
30.5,58.5,0.8,0.0,13,65.2,1,9,0.839,Critical,1
29.0,64.6,11.6,1.4,12,67.0,0,8,0.379,Medium,1
24.4,73.6,5.4,35.4,2,89.7,0,4,0.0,Low,0
24.6,85.9,7.8,9.8,4,84.8,1,4,0.0,Low,0
27.3,86.3,8.3,15.3,2,91.1,0,1,0.086,Low,0
32.1,52.7,4.2,0.0,6,83.5,0,7,0.634,High,0
31.9,44.9,14.7,0.0,18,53.5,0,9,0.73,High,1
28.8,71.6,13.4,0.6,23,39.4,0,3,0.522,Medium,0
28.2,91.6,10.5,22.9,3,89.1,1,3,0.109,Low,0
34.8,67.0,14.5,0.0,10,74.9,1,7,0.89,Critical,1
28.2,74.2,8.7,7.0,3,89.1,1,5,0.216,Low,0
25.5,79.1,25.1,0.0,17,52.7,1,5,0.748,High,0
28.2,74.9,3.6,15.3,3,89.1,0,11,0.116,Low,0
33.8,72.5,22.0,2.3,4,89.4,1,6,0.66,High,0
31.1,52.3,8.2,0.0,13,65.5,0,7,0.621,High,1
30.2,74.2,13.3,48.7,3,90.1,0,1,0.229,Low,0
28.8,89.4,19.7,2.1,0,95.0,0,5,0.373,Medium,0
29.2,75.0,13.5,1.4,19,49.6,0,2,0.338,Low,0
24.0,68.3,3.8,7.2,0,94.5,0,5,0.118,Low,0
29.8,43.5,1.2,0.0,9,74.9,1,7,0.791,Critical,0
28.1,87.0,4.6,2.4,2,91.6,1,5,0.263,Low,0
25.8,93.4,27.2,6.3,1,92.9,0,12,0.214,Low,1
30.0,55.8,5.8,0.0,20,47.5,1,7,0.789,Critical,1
26.9,73.9,15.2,47.1,4,85.9,1,4,0.016,Low,0
37.0,53.6,12.3,3.4,0,95.0,0,9,0.509,Medium,0
29.7,75.5,5.1,8.4,1,94.8,1,6,0.24,Low,0
29.8,33.5,12.2,14.1,2,92.4,0,6,0.387,Medium,1
27.9,84.4,13.1,1.3,12,66.4,0,4,0.184,Low,0
27.7,78.8,15.4,5.3,0,95.0,0,1,0.008,Low,0
37.7,37.0,12.1,0.0,24,41.4,1,7,1.0,Critical,1
29.6,50.0,2.6,0.0,13,64.8,1,8,0.828,Critical,1
26.6,74.7,0.5,9.0,3,88.3,0,11,0.0,Low,0
28.1,68.7,9.7,4.2,2,91.6,0,5,0.128,Low,0
35.3,47.5,15.3,0.0,17,57.7,1,8,1.0,Critical,1
25.6,69.8,11.7,15.9,1,92.8,0,1,0.038,Low,0
28.4,74.3,14.9,4.1,1,94.2,1,10,0.352,Medium,1
29.6,67.9,4.8,0.9,5,84.8,0,6,0.314,Low,0
31.9,31.7,25.4,0.2,8,78.5,0,8,0.739,High,1
34.6,84.5,7.1,0.5,14,64.8,1,7,1.0,Critical,1
32.4,73.2,9.5,0.0,10,73.7,0,6,0.437,Medium,1
27.2,60.1,10.7,9.2,2,91.1,0,11,0.015,Low,0
24.0,81.4,5.2,3.2,0,94.5,1,12,0.057,Low,0
31.7,66.1,2.6,1.1,15,60.9,1,8,0.701,High,0
27.6,81.9,8.9,11.7,0,95.0,0,12,0.0,Low,1
27.3,78.8,1.0,1.8,23,38.6,0,3,0.275,Low,0
26.8,66.6,22.7,5.3,0,95.0,0,1,0.166,Low,0
32.3,46.7,26.3,0.0,7,81.1,0,7,0.72,High,1
28.9,74.6,26.5,18.7,2,91.9,0,10,0.241,Low,0
26.0,68.4,9.2,23.3,4,85.5,0,4,0.0,Low,0
36.0,42.0,18.5,0.0,20,50.5,0,7,0.877,Critical,1
26.7,41.3,9.3,0.0,11,68.4,0,6,0.454,Medium,1
27.4,66.9,18.0,40.0,1,93.7,1,4,0.26,Low,0
30.9,74.1,5.6,5.0,1,95.0,0,11,0.251,Low,0
24.7,74.6,9.0,9.7,3,87.4,0,2,0.0,Low,0
26.4,90.1,6.9,13.7,0,95.0,1,4,0.02,Low,0
28.7,70.6,16.7,17.6,0,95.0,0,4,0.167,Low,1
25.4,67.6,5.8,11.4,2,90.2,0,3,0.031,Low,0
26.1,75.2,8.6,10.3,4,85.6,0,12,0.052,Low,0
29.3,49.9,15.9,0.8,11,69.7,0,7,0.575,High,0
25.7,72.9,3.0,47.0,1,92.8,0,2,0.052,Low,0
29.5,50.5,6.5,0.0,5,84.7,0,7,0.362,Medium,0
27.5,89.3,5.5,9.3,1,93.7,0,2,0.123,Low,0
25.5,87.3,9.4,22.0,4,85.3,1,1,0.064,Low,0
28.4,67.9,5.5,4.7,0,95.0,1,2,0.29,Low,0
25.7,70.3,1.3,39.2,1,92.9,1,2,0.033,Low,0
26.4,67.2,6.4,34.7,2,90.7,1,5,0.048,Low,0
25.2,79.5,12.8,15.9,3,87.6,1,11,0.084,Low,0
30.8,91.9,6.0,0.2,24,37.9,1,10,0.884,Critical,1
28.6,88.9,6.9,5.2,4,86.8,0,12,0.169,Low,0
28.6,81.8,7.7,12.4,0,95.0,0,10,0.104,Low,0
26.0,75.5,1.3,54.3,4,85.5,1,5,0.0,Low,0
27.2,90.0,7.6,28.0,3,88.6,0,10,0.03,Low,0
31.0,74.2,3.5,1.1,10,73.0,0,12,0.336,Low,0
27.0,61.0,9.6,1.8,15,58.5,0,9,0.238,Low,0
32.2,54.8,9.2,0.0,24,38.6,1,6,0.975,Critical,1
24.0,65.0,7.0,10.5,1,92.0,0,11,0.077,Low,0
35.3,70.2,11.3,0.0,17,57.7,0,7,0.731,High,1
26.9,79.2,6.0,17.6,1,93.5,0,5,0.055,Low,0
26.1,69.9,13.5,3.5,3,88.1,1,11,0.222,Low,0
30.3,67.4,9.8,0.0,6,82.6,0,8,0.527,Medium,0
26.8,71.5,2.8,8.5,2,90.9,0,1,0.035,Low,0
32.6,50.0,12.7,0.0,17,56.3,0,8,0.705,High,1
36.0,46.3,2.4,0.0,11,73.0,0,8,0.729,High,1
27.3,88.4,27.1,1.5,18,51.2,0,10,0.367,Medium,0
29.5,85.6,17.5,2.7,3,89.7,1,3,0.275,Low,0
32.1,47.0,14.1,0.0,7,81.0,1,7,0.877,Critical,1
30.0,77.9,14.7,10.9,2,92.5,0,4,0.204,Low,0
28.8,53.0,2.7,0.0,9,74.4,0,7,0.455,Medium,1
28.6,52.3,12.9,0.3,10,71.8,1,6,0.771,Critical,1
30.3,84.4,2.5,20.7,1,95.0,1,2,0.279,Low,0
24.3,72.0,4.4,5.9,2,89.6,0,5,0.056,Low,0
30.9,75.6,15.6,15.3,4,88.0,0,4,0.281,Low,0
34.0,38.2,3.1,0.0,23,42.0,0,6,0.932,Critical,1
33.9,61.3,18.0,0.0,21,47.0,1,7,1.0,Critical,1
34.4,61.1,2.4,0.0,22,44.7,0,7,0.714,High,0
30.6,80.1,10.5,9.3,2,92.8,1,3,0.246,Low,0
32.0,64.8,9.1,2.8,3,91.0,0,6,0.248,Low,0
27.4,93.0,9.4,14.4,1,93.7,1,1,0.079,Low,0
26.2,80.9,10.8,23.9,4,85.6,1,3,0.0,Low,0
29.4,73.3,10.6,13.7,3,89.7,0,2,0.117,Low,0
30.7,63.6,4.3,0.0,18,52.9,0,6,0.581,High,0
28.4,74.2,4.2,10.3,0,95.0,0,1,0.067,Low,0
25.4,74.1,6.0,7.9,2,90.2,0,4,0.08,Low,0
26.8,86.6,16.2,12.1,4,85.9,0,4,0.067,Low,0
31.6,45.5,2.9,0.0,22,43.3,1,8,1.0,Critical,1
27.8,74.6,6.2,8.2,0,95.0,0,10,0.0,Low,0
29.4,34.6,6.2,0.0,17,54.7,0,7,0.7,High,0
27.0,62.0,10.3,6.1,1,93.5,0,11,0.07,Low,1
27.8,89.1,13.1,35.0,3,88.9,0,10,0.03,Low,0
29.8,25.0,2.5,5.1,3,89.9,0,6,0.328,Low,0
26.6,70.7,4.6,0.5,10,70.8,1,1,0.329,Low,0
28.2,67.9,23.8,0.3,18,51.6,1,1,0.895,Critical,1
25.6,64.9,2.4,0.0,24,35.3,1,8,0.577,High,1
32.7,52.8,13.9,0.2,10,73.9,0,7,0.518,Medium,0
24.5,69.1,8.0,2.5,1,92.3,0,1,0.114,Low,0
31.9,58.7,22.8,1.8,22,43.5,0,8,0.634,High,1
27.5,88.1,12.0,2.8,1,93.8,0,10,0.175,Low,0
27.0,59.4,16.4,0.0,14,61.0,0,8,0.364,Medium,0
24.1,87.9,24.7,17.0,4,84.6,1,2,0.107,Low,0
24.0,81.3,2.7,25.7,1,92.0,0,1,0.0,Low,0
32.5,52.2,4.6,1.1,16,58.8,0,9,0.642,High,0
29.9,81.3,5.3,12.6,2,92.4,1,3,0.127,Low,0
25.6,80.4,4.6,0.7,17,52.8,0,3,0.339,Low,0
28.8,73.2,4.4,2.1,1,94.4,0,2,0.214,Low,1
31.9,47.3,16.0,0.0,17,56.0,1,9,1.0,Critical,1
26.9,80.1,17.7,10.6,2,90.9,0,4,0.002,Low,0
28.1,87.3,4.7,5.8,4,86.5,1,4,0.27,Low,0
24.1,64.0,9.6,2.6,2,89.6,1,11,0.202,Low,0
24.4,73.0,1.0,1.3,7,77.2,1,3,0.291,Low,0
26.6,74.8,7.6,21.9,0,95.0,1,11,0.0,Low,0
31.8,58.0,11.8,0.0,15,60.9,1,7,0.808,Critical,0
26.5,72.1,6.3,2.3,3,88.3,1,12,0.073,Low,0
26.3,90.5,9.1,7.2,2,90.6,1,2,0.06,Low,0
28.7,74.9,12.3,7.4,0,95.0,0,10,0.27,Low,0
26.9,81.1,28.7,17.9,2,90.9,0,1,0.095,Low,0
24.4,79.7,12.2,6.3,0,94.7,1,11,0.253,Low,0
25.8,79.0,12.1,40.4,1,92.9,0,2,0.026,Low,0
27.6,85.7,6.7,17.5,2,91.3,0,12,0.0,Low,0
24.8,69.8,22.8,20.4,3,87.4,0,4,0.125,Low,0
28.0,65.9,3.2,38.8,2,91.5,0,12,0.0,Low,0
24.0,78.3,9.3,5.9,0,94.5,0,10,0.009,Low,0
27.6,92.2,12.9,5.2,1,93.8,1,5,0.065,Low,0
27.6,72.9,14.5,26.6,2,91.3,0,2,0.0,Low,0
24.0,72.9,19.2,9.9,4,84.5,0,1,0.068,Low,0
30.1,69.5,14.3,2.7,4,87.5,0,11,0.334,Low,0
27.1,79.2,7.2,7.2,2,91.0,1,2,0.136,Low,0
25.1,85.3,10.8,5.8,2,90.1,0,1,0.016,Low,0
24.3,69.2,2.4,36.1,1,92.1,1,1,0.039,Low,0
26.8,86.4,14.6,2.7,1,93.4,1,12,0.094,Low,0
31.0,25.0,4.7,0.3,19,50.5,0,6,0.828,Critical,1
27.9,64.7,4.6,21.2,4,86.5,0,4,0.074,Low,0
24.8,78.0,6.4,21.5,0,94.9,0,11,0.0,Low,0
29.3,55.6,9.7,1.5,5,84.7,0,8,0.241,Low,0
28.0,77.7,8.5,6.2,3,89.0,0,11,0.167,Low,0
29.7,49.9,4.2,0.0,17,54.9,0,8,0.581,High,0
27.5,74.0,7.3,8.9,0,95.0,1,4,0.0,Low,1
28.9,58.6,4.9,7.7,3,89.4,1,9,0.335,Low,0
29.9,49.9,9.5,0.0,17,55.0,0,8,0.539,Medium,0
27.4,83.0,11.0,2.3,3,88.7,0,11,0.119,Low,0
26.8,88.0,5.8,4.4,0,95.0,1,12,0.025,Low,1
26.0,72.5,4.3,36.2,1,93.0,0,4,0.009,Low,0
28.0,65.0,6.9,13.5,4,86.5,1,1,0.086,Low,0
32.3,54.2,16.9,1.1,6,83.6,0,8,0.566,High,1
27.2,69.9,10.5,0.3,8,76.1,1,5,0.513,Medium,0
27.5,89.4,5.4,21.3,2,91.2,1,12,0.035,Low,0
27.1,91.6,2.3,9.1,1,93.6,0,12,0.082,Low,0
27.4,70.8,0.6,3.3,1,93.7,1,11,0.066,Low,0
29.0,55.1,8.9,0.0,7,79.5,1,8,0.503,Medium,0
31.1,39.4,6.5,0.0,17,55.5,1,8,0.982,Critical,1
27.7,62.4,11.5,23.4,0,95.0,0,12,0.079,Low,0
27.2,62.3,24.5,20.1,0,95.0,1,1,0.152,Low,1
26.5,68.7,5.5,18.2,3,88.2,0,2,0.036,Low,0
27.7,91.0,9.4,0.1,22,41.3,0,11,0.389,Medium,1
26.0,69.3,13.3,5.5,1,93.0,1,11,0.15,Low,0
34.1,48.1,17.3,7.2,1,95.0,0,9,0.516,Medium,0
27.9,93.5,4.0,4.3,4,86.5,1,10,0.084,Low,1
31.4,83.5,15.2,2.6,2,93.2,1,12,0.517,Medium,1
24.0,95.0,8.9,6.8,0,94.5,1,2,0.013,Low,0
27.9,78.9,3.0,2.4,1,93.9,1,5,0.173,Low,0
29.3,41.7,15.1,0.0,23,39.6,0,7,0.612,High,0
25.0,77.0,13.2,23.3,4,85.0,1,3,0.059,Low,0
28.6,92.0,15.0,33.0,1,94.3,0,3,0.123,Low,0
27.7,75.3,6.2,3.5,2,91.3,0,11,0.045,Low,1
28.1,90.5,10.9,12.8,3,89.1,1,2,0.17,Low,0
28.8,80.6,10.4,7.9,2,91.9,0,10,0.149,Low,0
27.2,71.8,31.2,1.4,13,63.6,1,12,0.453,Medium,0
34.9,71.5,5.7,0.5,10,75.0,0,8,0.551,High,1
24.9,92.4,18.8,18.1,4,84.9,0,4,0.089,Low,0
26.3,84.5,2.7,11.3,0,95.0,0,5,0.03,Low,0
25.5,65.1,11.0,9.6,0,95.0,1,2,0.137,Low,0
25.6,67.5,5.9,12.0,0,95.0,0,2,0.056,Low,1
28.7,39.1,11.3,0.0,21,44.3,0,7,0.626,High,1
29.4,67.7,18.9,13.7,3,89.7,1,10,0.271,Low,0
29.0,81.8,6.5,2.1,0,95.0,0,1,0.189,Low,0
28.1,89.1,5.1,2.8,3,89.0,1,10,0.374,Medium,0
29.4,82.5,21.4,11.4,2,92.2,0,12,0.191,Low,0
25.7,82.3,10.9,0.9,17,52.9,1,1,0.578,High,1
30.6,41.6,18.5,0.0,18,52.8,0,8,0.768,Critical,1
36.0,64.3,14.3,7.5,0,95.0,1,7,0.703,High,1
30.3,41.7,4.2,0.0,11,70.1,0,8,0.646,High,1
26.8,95.0,12.7,3.9,1,93.4,1,12,0.136,Low,0
26.3,80.3,9.8,23.7,3,88.1,0,2,0.0,Low,0
24.6,71.2,6.5,48.8,2,89.8,0,3,0.005,Low,0
32.3,78.1,9.0,0.0,20,48.7,0,7,0.627,High,0
25.7,82.2,6.4,3.4,3,87.8,0,10,0.021,Low,0
25.2,78.4,6.7,13.5,3,87.6,0,12,0.0,Low,0
29.0,80.8,17.9,28.6,4,87.0,1,10,0.121,Low,0
30.9,76.8,1.5,6.1,0,95.0,0,3,0.244,Low,0
29.7,77.2,3.0,0.7,12,67.4,0,10,0.351,Medium,1
26.8,72.2,2.1,3.1,2,90.9,0,5,0.021,Low,0
35.5,63.1,2.2,3.8,0,95.0,0,6,0.395,Medium,0
35.2,39.2,6.7,0.0,21,47.6,1,6,1.0,Critical,1
28.1,77.0,12.9,39.0,3,89.1,0,1,0.145,Low,0
26.4,62.8,7.7,9.9,1,93.2,0,10,0.126,Low,0
29.5,40.7,6.4,0.0,16,57.2,0,7,0.543,Medium,0
25.3,48.9,0.2,0.0,12,65.2,1,6,0.623,High,0
25.8,73.8,9.0,3.4,3,87.9,0,1,0.058,Low,0
32.2,44.5,6.3,2.9,0,95.0,0,9,0.471,Medium,0
25.2,79.1,3.9,28.9,3,87.6,1,11,0.036,Low,0
24.0,87.4,14.9,9.0,4,84.5,0,2,0.06,Low,0
27.5,72.4,13.4,18.1,0,95.0,0,12,0.003,Low,0
37.9,62.3,3.2,0.0,9,78.9,0,9,0.604,High,0
25.1,81.8,12.3,21.4,2,90.1,0,12,0.043,Low,0
29.2,84.2,11.5,3.7,1,94.6,1,10,0.291,Low,0
24.7,79.0,20.4,8.1,2,89.9,0,12,0.068,Low,0
29.6,80.1,11.2,5.5,3,89.8,1,4,0.146,Low,0
26.5,76.8,7.6,0.9,23,38.3,0,2,0.427,Medium,0
31.3,48.1,1.4,2.8,0,95.0,0,7,0.397,Medium,0
25.8,79.8,1.5,16.1,4,85.4,1,4,0.049,Low,0
34.1,44.7,3.1,2.7,4,89.6,0,6,0.552,High,1
27.3,77.2,18.9,1.4,15,58.7,1,2,0.382,Medium,0
24.5,94.1,5.5,2.4,0,94.8,1,10,0.143,Low,0
28.7,86.1,5.0,6.7,4,86.8,1,12,0.262,Low,1
38.0,62.5,16.4,0.0,24,41.5,0,8,0.742,High,1
24.0,69.3,4.0,39.5,3,87.0,1,5,0.115,Low,0
25.6,45.9,6.4,0.0,21,42.8,0,6,0.499,Medium,1
28.0,84.7,11.7,2.7,0,95.0,1,2,0.319,Low,0
29.8,68.3,6.1,9.4,3,89.9,0,10,0.097,Low,0
28.2,57.6,5.3,0.0,23,39.1,1,6,0.742,High,1
29.6,90.0,8.3,29.2,1,94.8,1,4,0.12,Low,0
29.3,71.3,12.7,0.0,19,49.6,0,8,0.534,Medium,1
29.9,63.9,18.7,5.5,4,87.4,0,12,0.358,Medium,1
32.9,39.8,7.9,1.3,20,49.0,1,8,1.0,Critical,0
31.8,70.0,3.1,0.2,10,73.4,0,9,0.508,Medium,1
29.4,40.0,11.6,2.7,1,94.7,0,6,0.479,Medium,0
28.9,76.2,14.6,9.1,4,86.9,0,10,0.062,Low,0
25.7,91.4,11.9,1.1,17,52.8,0,3,0.271,Low,0
26.6,86.9,6.9,4.3,4,85.8,1,5,0.0,Low,0
32.3,35.3,2.6,0.0,21,46.1,0,9,0.856,Critical,1
25.7,79.1,6.8,5.7,3,87.9,1,10,0.131,Low,0
35.0,29.1,14.7,0.0,16,60.0,1,7,0.953,Critical,0
36.5,83.8,29.2,0.0,12,70.8,0,7,0.747,High,1
27.7,77.7,12.1,47.2,2,91.3,0,3,0.064,Low,0
31.1,42.5,1.8,0.0,24,38.0,0,6,0.709,High,0
35.3,39.6,8.3,0.0,20,50.1,1,8,0.988,Critical,0
31.9,55.8,24.2,0.0,8,78.4,1,9,0.9,Critical,0
30.4,44.5,16.3,0.0,6,82.7,0,9,0.631,High,1
25.8,83.8,4.8,10.2,4,85.4,1,12,0.0,Low,0
24.3,81.7,18.5,27.7,0,94.6,0,11,0.091,Low,0
30.3,54.9,5.1,0.0,13,65.2,0,6,0.713,High,1
29.7,76.8,6.9,2.9,3,89.8,1,3,0.279,Low,0
30.0,65.8,11.3,1.2,5,85.0,1,7,0.367,Medium,0
30.4,80.4,14.7,25.9,3,90.2,0,4,0.287,Low,0
35.4,57.0,6.2,0.0,19,52.7,1,9,1.0,Critical,0
27.2,78.5,6.0,16.5,0,95.0,1,3,0.0,Low,0
28.7,91.3,2.5,4.9,1,94.4,0,11,0.197,Low,1
35.8,36.0,9.7,1.5,17,57.9,0,7,0.829,Critical,1
25.7,71.6,6.9,13.5,0,95.0,0,1,0.0,Low,0
24.0,71.6,3.8,2.6,2,89.5,0,11,0.033,Low,0
26.7,81.9,5.0,23.5,4,85.8,1,1,0.019,Low,0
25.4,73.1,11.9,0.4,24,35.2,0,12,0.35,Medium,0
29.4,58.8,4.9,2.3,3,89.7,0,6,0.247,Low,0
25.8,70.0,11.8,36.2,4,85.4,0,11,0.043,Low,1
27.4,94.0,20.0,4.2,1,93.7,0,10,0.091,Low,0
31.7,41.1,19.9,0.0,6,83.3,0,8,0.646,High,1
30.5,61.2,14.7,0.0,12,67.8,0,8,0.602,High,1
26.7,83.9,6.5,9.4,4,85.9,1,2,0.101,Low,0
31.8,44.9,4.3,0.0,17,55.9,1,6,0.964,Critical,1
28.9,92.8,10.5,2.8,4,86.9,0,3,0.186,Low,0
25.3,72.8,13.8,35.8,4,85.1,0,4,0.0,Low,1
25.5,77.9,3.7,23.2,2,90.2,0,3,0.045,Low,0
33.4,51.9,11.8,0.0,19,51.7,0,6,0.788,Critical,1
28.8,87.4,6.1,8.3,2,91.9,0,1,0.082,Low,0
25.5,83.1,9.4,2.1,2,90.2,0,1,0.035,Low,0
29.6,47.2,8.7,0.0,10,72.3,0,6,0.528,Medium,1
28.0,73.4,6.3,12.3,4,86.5,0,11,0.0,Low,0
29.0,87.5,2.2,0.3,14,62.0,1,10,0.615,High,1
26.8,68.3,13.6,8.2,3,88.4,0,2,0.089,Low,0
27.1,76.3,10.7,0.9,23,38.5,0,1,0.326,Low,0
35.6,42.3,19.7,0.0,7,82.8,1,7,0.969,Critical,1
28.6,44.7,6.7,0.0,8,76.8,0,7,0.519,Medium,1
30.8,52.0,7.7,0.0,15,60.4,0,7,0.675,High,1
29.0,52.4,7.9,0.0,18,52.0,1,9,0.859,Critical,1
25.4,82.9,3.9,0.7,23,37.7,0,2,0.407,Medium,0
28.8,86.2,16.5,4.7,0,95.0,0,11,0.11,Low,0
31.9,54.7,11.7,5.5,2,93.5,0,9,0.415,Medium,1
29.0,75.6,18.7,3.0,3,89.5,1,12,0.394,Medium,0
34.9,52.5,12.0,0.0,6,85.0,0,6,0.696,High,1
30.5,65.3,19.5,3.9,2,92.8,0,7,0.367,Medium,0
25.1,71.3,13.1,29.2,0,95.0,1,11,0.035,Low,0
30.5,38.2,3.2,0.0,6,82.8,0,8,0.72,High,1
26.8,79.4,9.3,9.4,2,90.9,0,4,0.0,Low,0
34.8,31.7,3.7,0.0,14,64.9,1,8,1.0,Critical,1
29.1,60.8,7.5,0.0,15,59.5,1,6,0.697,High,1
27.9,78.4,19.5,15.8,3,89.0,0,5,0.152,Low,1
28.0,95.0,12.4,37.0,0,95.0,1,2,0.055,Low,0
26.0,81.4,7.3,23.0,0,95.0,0,4,0.082,Low,0
24.9,68.5,10.0,18.4,2,89.9,1,1,0.054,Low,0
24.0,73.0,14.7,26.6,4,84.5,0,12,0.023,Low,0
30.2,80.5,5.5,45.1,0,95.0,0,5,0.237,Low,0
24.0,77.6,10.7,7.1,0,94.5,0,2,0.083,Low,0
29.5,52.7,7.5,0.0,14,62.3,0,6,0.541,Medium,0
24.0,86.8,8.6,7.2,2,89.5,1,12,0.043,Low,0
28.4,63.2,6.2,3.3,0,95.0,0,10,0.195,Low,0
24.4,81.0,10.1,10.5,2,89.7,0,10,0.048,Low,0
24.0,76.6,15.9,15.9,1,92.0,0,4,0.012,Low,0
28.5,75.4,3.4,12.1,3,89.3,0,4,0.073,Low,0
29.2,84.3,12.6,6.3,3,89.6,0,11,0.126,Low,0
24.0,68.5,7.2,3.4,4,84.5,0,12,0.133,Low,0
24.8,77.0,21.4,41.4,2,89.9,0,5,0.058,Low,1
25.1,88.9,4.7,11.7,1,92.5,0,2,0.051,Low,0
33.5,42.1,7.9,0.0,8,79.2,1,6,0.95,Critical,1
25.8,70.3,11.1,11.4,4,85.4,1,3,0.02,Low,0
32.7,27.9,5.9,0.0,22,43.9,1,8,1.0,Critical,1
30.3,70.8,4.4,0.0,22,42.6,0,8,0.573,High,1
25.7,88.6,18.2,6.7,4,85.3,0,3,0.05,Low,0
28.7,87.5,23.2,14.4,0,95.0,1,3,0.159,Low,0
33.1,48.8,8.2,0.0,22,44.0,1,6,1.0,Critical,1
25.1,91.3,4.3,4.1,0,95.0,1,3,0.051,Low,0
36.7,50.2,6.5,0.0,19,53.4,0,9,0.787,Critical,1
28.2,74.7,5.2,21.3,0,95.0,0,10,0.166,Low,0
33.2,53.1,3.2,2.8,4,89.1,0,8,0.541,Medium,1
30.0,84.2,14.8,3.6,4,87.5,0,2,0.144,Low,0
28.8,87.6,7.0,46.2,0,95.0,0,2,0.155,Low,0
30.7,80.6,7.5,2.7,3,90.4,0,2,0.342,Low,0
33.1,33.3,12.1,1.5,6,84.1,0,7,0.746,High,0
26.7,84.6,19.6,13.9,3,88.4,0,11,0.129,Low,0
36.9,46.6,1.8,3.0,1,95.0,0,9,0.477,Medium,0
25.7,69.7,3.8,7.2,2,90.3,0,12,0.103,Low,0
24.7,77.6,3.1,5.0,0,94.9,1,4,0.022,Low,1
34.7,59.4,12.5,0.0,12,69.8,0,8,0.669,High,0
31.2,40.7,2.5,2.4,3,90.6,0,9,0.488,Medium,0
24.5,84.2,24.6,0.2,9,72.3,1,3,0.46,Medium,0
31.9,69.0,11.5,13.9,4,88.5,1,9,0.393,Medium,0
31.8,60.1,5.9,0.0,18,53.4,0,9,0.573,High,1
25.9,78.1,10.7,2.2,2,90.5,1,2,0.213,Low,0
25.2,93.3,6.4,9.1,0,95.0,0,2,0.0,Low,0
29.8,79.5,1.0,6.2,1,94.9,0,1,0.187,Low,0
29.0,93.6,4.0,11.8,2,92.0,1,4,0.146,Low,0
27.6,84.8,4.2,64.2,0,95.0,0,10,0.023,Low,0
29.6,52.7,8.7,0.0,11,69.8,0,8,0.563,High,1
27.0,48.8,17.7,0.0,21,43.5,0,7,0.512,Medium,0
32.3,35.4,17.5,0.2,15,61.1,1,9,0.946,Critical,1
28.9,82.7,11.4,17.0,2,92.0,0,1,0.068,Low,0
35.2,47.7,3.0,0.3,8,80.1,1,6,1.0,Critical,1
26.2,75.6,6.0,0.8,24,35.6,0,5,0.313,Low,0
36.7,45.4,2.9,0.0,22,45.9,0,7,0.774,Critical,0
30.2,66.4,7.2,11.7,0,95.0,0,3,0.319,Low,0
26.0,95.0,35.1,33.8,2,90.5,1,2,0.161,Low,0
28.9,82.1,5.8,12.1,2,92.0,0,12,0.149,Low,0
32.2,53.6,1.1,0.0,20,48.6,0,6,0.719,High,1
27.0,63.5,13.4,10.5,0,95.0,0,1,0.064,Low,0
29.1,65.1,5.7,0.0,10,72.1,0,5,0.451,Medium,0
28.9,82.4,6.7,12.8,2,92.0,0,10,0.167,Low,0
28.5,88.1,3.0,4.5,1,94.2,0,10,0.188,Low,0
28.0,71.2,21.8,3.8,0,95.0,1,12,0.21,Low,0
34.5,25.0,9.4,2.4,2,94.7,1,8,0.967,Critical,1
30.9,56.4,4.3,4.6,0,95.0,0,8,0.33,Low,0
31.0,73.8,6.6,25.4,2,93.0,0,4,0.164,Low,0
28.9,64.4,13.0,0.0,15,59.4,1,7,0.716,High,0
29.1,59.2,6.4,0.0,20,47.0,1,9,0.794,Critical,0
28.9,89.6,6.2,2.8,3,89.4,1,4,0.286,Low,0
26.6,66.7,3.9,1.1,9,73.3,0,12,0.22,Low,0
27.9,75.4,13.4,40.2,0,95.0,0,3,0.019,Low,0
29.8,53.9,26.4,4.2,1,94.9,0,7,0.436,Medium,1
24.9,84.8,29.7,1.3,18,49.9,0,4,0.243,Low,0
30.7,80.6,5.3,15.1,3,90.3,1,3,0.243,Low,1
28.7,75.9,11.3,14.3,1,94.3,0,4,0.121,Low,0
30.9,78.0,5.0,3.7,4,87.9,0,5,0.237,Low,0
26.2,62.6,10.6,8.4,1,93.1,1,12,0.001,Low,0
24.2,69.6,13.0,9.0,0,94.6,0,5,0.124,Low,0
29.5,69.3,6.2,34.0,1,94.7,1,1,0.245,Low,0
32.8,66.4,1.9,0.0,7,81.4,1,6,0.748,High,0
28.6,84.8,2.1,6.7,3,89.3,0,10,0.172,Low,0
26.5,88.4,8.2,14.1,2,90.8,1,12,0.071,Low,1
25.4,74.1,3.0,26.4,1,92.7,0,10,0.0,Low,1
26.6,90.3,5.5,6.6,3,88.3,1,11,0.04,Low,0
30.0,70.6,5.8,8.8,1,95.0,0,4,0.195,Low,0
32.4,54.2,2.6,0.0,5,86.2,0,9,0.62,High,0
27.1,86.8,3.6,8.7,2,91.1,1,1,0.021,Low,0
26.0,80.7,0.9,0.7,11,68.0,0,5,0.235,Low,0
31.3,40.5,1.9,0.0,7,80.7,1,6,0.894,Critical,1
36.0,33.8,9.0,0.0,14,65.5,1,9,1.0,Critical,1
27.8,87.9,12.9,3.5,2,91.4,1,2,0.086,Low,0
35.7,43.0,5.0,1.1,5,87.8,0,7,0.552,High,1
32.0,55.5,0.9,0.3,11,71.0,1,6,0.742,High,1
30.3,63.9,1.4,6.4,1,95.0,0,9,0.309,Low,0
31.6,87.4,18.4,6.0,2,93.3,1,12,0.418,Medium,0
26.9,87.1,15.9,43.2,3,88.4,1,11,0.005,Low,0
26.3,93.9,10.5,10.5,4,85.7,1,10,0.057,Low,0
31.4,59.8,2.5,0.0,5,85.7,0,7,0.425,Medium,1
31.3,61.2,13.4,0.0,10,73.2,1,9,0.791,Critical,1
27.0,92.5,13.3,4.5,1,93.5,1,3,0.208,Low,0
27.9,70.5,5.4,23.8,2,91.4,1,10,0.0,Low,0
24.0,74.1,24.6,11.3,1,92.0,0,1,0.055,Low,0
24.0,79.4,6.5,3.5,4,84.5,1,10,0.0,Low,0
30.5,84.7,7.2,5.5,4,87.7,0,3,0.223,Low,0
26.1,76.7,2.9,1.6,5,83.1,0,5,0.194,Low,0
26.2,68.8,10.1,14.6,4,85.6,0,3,0.065,Low,0
28.3,74.7,9.8,5.9,3,89.1,1,2,0.245,Low,0
24.9,77.4,20.0,2.3,4,85.0,1,4,0.222,Low,0
24.0,60.6,12.8,6.4,0,94.5,0,4,0.176,Low,0
33.7,42.3,4.7,0.0,18,54.3,1,6,1.0,Critical,1
32.7,44.4,7.2,0.0,19,51.3,0,8,0.69,High,0
28.6,81.9,14.9,9.8,3,89.3,0,3,0.078,Low,0
26.0,67.6,3.0,8.3,0,95.0,0,11,0.113,Low,0
31.1,64.0,5.5,3.7,2,93.0,0,6,0.177,Low,1
33.6,38.3,13.3,0.1,10,74.3,1,8,0.952,Critical,1
27.9,95.0,2.4,18.7,2,91.4,0,12,0.069,Low,0
24.0,74.3,4.2,11.4,4,84.5,1,3,0.075,Low,0
31.5,44.3,7.9,0.0,16,58.3,0,9,0.753,Critical,1
30.3,46.7,17.8,0.0,12,67.6,0,7,0.675,High,1
31.6,44.8,27.6,0.0,19,50.8,1,9,0.931,Critical,1
25.8,88.2,3.7,21.8,2,90.4,0,5,0.067,Low,0
27.9,64.3,13.3,18.1,2,91.5,0,2,0.092,Low,0
32.4,50.2,14.4,4.8,0,95.0,1,6,0.597,High,0
30.0,79.3,2.1,2.1,3,90.0,1,4,0.486,Medium,0
29.7,70.8,2.8,1.8,13,64.9,1,1,0.42,Medium,1
27.4,84.4,13.6,5.7,4,86.2,0,11,0.038,Low,0
34.0,47.7,8.6,0.0,18,54.5,1,6,0.976,Critical,1
30.7,83.8,2.8,1.0,9,75.4,1,4,0.506,Medium,0
26.5,84.7,20.1,6.0,4,85.7,0,1,0.13,Low,0
25.9,88.2,7.2,5.9,2,90.4,0,1,0.028,Low,0
25.4,76.4,21.0,26.0,1,92.7,0,12,0.164,Low,0
31.6,68.8,13.1,0.0,14,63.3,0,6,0.661,High,0
33.8,32.6,9.9,0.0,11,71.9,0,9,0.927,Critical,1
34.4,43.7,6.6,0.0,24,39.7,0,9,0.827,Critical,1
29.2,66.1,4.0,5.6,3,89.6,1,1,0.272,Low,0
26.4,77.4,14.9,13.3,4,85.7,1,1,0.074,Low,0
28.7,84.2,2.0,14.2,2,91.9,1,11,0.221,Low,0
26.2,70.6,1.5,52.1,0,95.0,0,12,0.0,Low,0
25.6,73.8,22.5,3.9,1,92.8,1,12,0.154,Low,0
31.1,58.7,9.3,0.0,5,85.6,0,7,0.486,Medium,0
29.8,85.9,11.0,11.7,2,92.4,0,1,0.069,Low,0
31.9,79.2,17.0,4.1,0,95.0,0,1,0.262,Low,0
26.9,69.9,20.7,10.3,4,86.0,0,5,0.084,Low,1
29.2,25.0,2.0,0.1,7,79.6,0,6,0.689,High,1
34.1,60.0,20.4,0.0,22,44.6,1,9,0.999,Critical,1
27.5,68.1,2.0,9.1,0,95.0,0,4,0.075,Low,1
26.8,72.1,4.7,1.2,22,40.9,1,12,0.397,Medium,0
26.0,83.5,13.9,0.2,23,38.0,0,11,0.337,Low,0
27.3,73.1,4.2,9.0,4,86.2,0,2,0.034,Low,0
24.9,88.0,5.7,13.0,4,85.0,1,12,0.0,Low,0
26.1,82.7,5.5,49.2,0,95.0,1,1,0.076,Low,0
28.5,81.1,15.9,5.6,1,94.3,0,10,0.154,Low,0
31.9,44.1,3.0,0.0,23,40.9,0,7,0.741,High,0
24.8,76.5,4.6,75.3,2,89.9,1,1,0.0,Low,0
32.5,55.4,11.4,0.0,16,58.7,0,9,0.618,High,1
27.4,77.9,5.4,20.2,2,91.2,0,10,0.0,Low,0
30.3,49.3,19.3,0.0,19,50.2,0,9,0.785,Critical,1
34.2,29.6,7.8,0.0,6,84.6,0,6,0.824,Critical,0
24.9,73.5,10.9,25.1,3,87.4,0,2,0.007,Low,0
33.9,28.8,14.1,0.0,17,56.9,1,7,0.968,Critical,1
26.5,68.8,3.8,19.5,0,95.0,1,1,0.003,Low,0
24.0,67.8,4.8,23.4,4,84.5,0,5,0.0,Low,0
27.1,72.7,6.0,15.4,3,88.6,1,5,0.137,Low,0
27.9,71.2,12.2,1.3,22,41.4,1,3,0.331,Low,0
26.0,75.6,6.5,14.7,3,88.0,1,10,0.0,Low,0
31.0,75.1,14.7,13.2,3,90.5,0,7,0.19,Low,0
29.1,50.7,5.3,1.0,21,44.6,0,8,0.603,High,1
27.9,84.0,40.3,20.4,0,95.0,0,10,0.073,Low,0
25.5,61.3,4.2,0.5,12,65.2,0,9,0.367,Medium,1
29.6,85.5,9.6,13.1,0,95.0,0,12,0.08,Low,1
30.5,39.6,8.7,0.0,18,52.8,0,6,0.767,Critical,1
28.8,77.6,8.3,45.5,4,86.9,1,3,0.086,Low,0
29.7,75.4,9.7,16.0,3,89.9,0,4,0.117,Low,0
34.5,61.3,3.0,1.8,22,44.7,1,7,0.898,Critical,1
34.8,50.6,0.9,5.3,3,92.4,0,6,0.458,Medium,0
29.3,44.5,1.3,2.0,21,44.7,0,6,0.536,Medium,0
28.6,64.0,6.3,6.9,1,94.3,1,3,0.351,Medium,0
37.1,55.0,18.1,0.0,8,81.1,0,9,0.764,Critical,1
26.8,81.3,12.4,9.3,1,93.4,1,3,0.063,Low,0
28.5,76.7,21.3,14.1,2,91.7,0,11,0.107,Low,0
36.0,79.7,16.1,0.0,15,63.0,0,7,0.56,High,1
25.0,77.9,8.2,24.2,3,87.5,1,1,0.0,Low,0
32.8,61.0,3.9,0.4,17,56.4,1,7,0.914,Critical,1
25.3,79.5,5.9,15.3,2,90.2,0,5,0.0,Low,0
27.2,80.0,30.9,27.0,3,88.6,0,12,0.214,Low,0
27.7,70.6,24.3,2.7,0,95.0,0,5,0.179,Low,0
25.9,63.4,8.3,6.1,2,90.4,0,11,0.033,Low,0
25.4,69.8,4.4,3.1,1,92.7,0,2,0.145,Low,0
26.3,69.1,0.5,2.4,0,95.0,0,11,0.075,Low,0
25.7,74.1,5.1,2.7,1,92.8,1,1,0.128,Low,0
25.4,69.5,6.1,10.3,3,87.7,1,11,0.118,Low,0
26.1,78.2,2.7,0.9,24,35.5,0,10,0.384,Medium,1
26.1,72.4,6.9,17.2,4,85.5,0,1,0.001,Low,0
26.9,76.0,4.5,1.9,21,43.5,0,10,0.263,Low,0
26.2,87.7,9.2,1.3,22,40.6,1,3,0.327,Low,0
31.7,48.8,7.3,0.0,17,55.9,1,8,0.953,Critical,1
34.7,55.0,8.2,1.8,20,49.9,0,7,0.659,High,1
25.7,78.1,17.6,3.5,4,85.3,1,12,0.075,Low,0
30.3,82.1,31.8,4.3,1,95.0,1,12,0.515,Medium,0
34.2,41.4,8.1,0.0,23,42.1,1,8,1.0,Critical,1
27.6,44.0,5.0,0.0,17,53.8,0,9,0.539,Medium,1
27.6,73.2,5.7,3.1,4,86.3,0,12,0.0,Low,0
27.8,67.4,12.5,25.7,4,86.4,1,2,0.109,Low,0
26.9,79.0,4.3,39.5,1,93.4,1,1,0.117,Low,0
27.6,65.7,8.5,7.3,0,95.0,1,1,0.186,Low,0
25.8,69.9,11.5,2.4,2,90.4,1,5,0.188,Low,0
26.1,66.5,7.0,41.5,1,93.1,1,4,0.107,Low,0
30.2,84.0,37.9,6.7,3,90.1,0,5,0.375,Medium,0
26.0,81.9,4.1,19.4,3,88.0,1,12,0.02,Low,0
33.5,56.4,13.3,0.0,22,44.2,1,8,0.962,Critical,0
27.0,88.7,6.7,18.4,1,93.5,0,11,0.0,Low,0
30.6,48.0,16.9,1.7,20,47.8,1,9,0.958,Critical,1
27.7,75.7,4.0,9.1,1,93.8,1,1,0.032,Low,1
27.4,81.9,6.7,0.2,22,41.2,0,4,0.374,Medium,0
25.5,76.2,10.2,40.3,2,90.3,0,3,0.036,Low,0
29.6,36.9,4.9,0.0,22,42.3,1,8,1.0,Critical,1
26.2,82.0,26.5,19.2,4,85.6,0,10,0.041,Low,0
26.1,81.3,1.2,13.0,3,88.1,1,12,0.034,Low,1
32.7,60.5,18.6,2.8,2,93.9,0,6,0.42,Medium,0
30.5,32.6,4.9,0.0,13,65.2,0,8,0.723,High,0
27.0,74.1,6.1,1.2,11,68.5,0,5,0.203,Low,0
27.1,69.5,5.5,2.0,8,76.1,1,12,0.255,Low,0
27.4,82.5,2.1,3.1,4,86.2,0,11,0.091,Low,0
30.3,53.4,7.4,0.0,11,70.2,1,9,0.994,Critical,1
31.2,60.3,2.2,2.9,0,95.0,1,2,0.537,Medium,0
28.5,75.7,7.0,7.2,1,94.2,0,2,0.128,Low,0
24.6,77.8,3.7,3.0,4,84.8,1,12,0.097,Low,0
30.6,41.4,1.4,0.0,5,85.3,0,6,0.559,High,1
24.7,85.3,12.9,1.7,6,79.8,0,2,0.158,Low,0
30.5,76.7,3.9,4.0,3,90.2,1,10,0.403,Medium,1
29.4,76.1,2.1,1.1,19,49.7,0,10,0.357,Medium,1
28.9,59.3,32.7,0.0,13,64.5,0,9,0.577,High,1
26.8,72.1,28.5,9.1,4,85.9,0,4,0.044,Low,0
29.1,80.8,7.1,0.0,7,79.5,1,6,0.629,High,1
29.2,69.2,27.1,0.0,15,59.6,1,9,0.804,Critical,1
33.4,31.0,0.6,0.0,8,79.2,0,8,0.787,Critical,1
24.3,86.6,19.4,15.9,0,94.7,0,5,0.08,Low,0
24.4,75.0,12.6,20.3,2,89.7,0,5,0.055,Low,0
28.9,89.9,7.3,16.6,3,89.4,0,11,0.124,Low,1
25.7,82.9,4.3,12.5,1,92.9,0,10,0.0,Low,0
27.3,70.4,13.0,8.7,4,86.1,1,1,0.101,Low,1
26.4,93.4,2.8,35.0,2,90.7,1,2,0.036,Low,0
28.1,79.3,18.4,16.8,2,91.6,0,2,0.183,Low,0
34.1,47.5,11.3,0.0,5,87.0,0,9,0.684,High,0
27.7,74.6,4.4,6.4,0,95.0,0,4,0.053,Low,0
28.8,53.0,2.5,0.0,22,41.9,0,7,0.519,Medium,0
30.8,90.3,7.6,16.9,1,95.0,0,3,0.186,Low,0
28.8,82.5,10.9,57.1,2,91.9,1,1,0.147,Low,0
35.8,55.7,11.9,0.0,6,85.4,0,7,0.521,Medium,0
24.0,89.8,12.4,11.1,0,94.5,0,5,0.052,Low,0
33.9,63.6,5.4,0.0,5,87.0,0,8,0.527,Medium,0
30.4,53.8,11.3,0.0,16,57.7,0,9,0.666,High,1
25.9,82.2,12.9,1.7,19,48.0,0,2,0.278,Low,0
27.5,84.0,2.3,10.6,3,88.7,1,4,0.038,Low,0
28.7,72.5,3.4,3.1,2,91.8,1,11,0.265,Low,0
30.5,89.2,13.1,14.3,3,90.2,0,2,0.239,Low,0
30.9,47.6,11.6,2.1,1,95.0,1,7,0.64,High,0
29.7,48.8,2.2,0.0,12,67.4,0,7,0.723,High,1
27.1,76.5,3.2,10.8,0,95.0,1,11,0.041,Low,0
28.7,74.1,13.0,27.2,4,86.9,1,5,0.116,Low,0
24.2,78.7,5.4,3.7,2,89.6,1,5,0.101,Low,0
27.3,86.8,3.5,4.9,1,93.6,0,12,0.093,Low,0
31.2,30.4,6.4,2.5,0,95.0,1,8,0.812,Critical,1
26.4,87.9,28.4,4.2,3,88.2,1,5,0.223,Low,0
26.3,78.3,12.0,3.9,1,93.1,0,11,0.121,Low,1
26.6,89.3,18.2,1.2,18,50.8,1,1,0.52,Medium,0
25.6,85.6,18.4,10.5,3,87.8,1,11,0.077,Low,0
28.1,92.3,8.4,8.9,3,89.0,1,12,0.184,Low,0
27.9,74.3,11.8,13.2,2,91.5,1,4,0.0,Low,0
32.4,77.5,29.8,0.0,12,68.7,0,8,0.627,High,1
32.6,65.5,3.4,4.9,3,91.3,1,8,0.521,Medium,0
32.0,52.7,11.8,1.8,14,63.5,1,9,0.765,Critical,1
34.1,34.8,2.5,0.0,8,79.5,0,6,0.751,Critical,1
28.9,25.0,39.4,0.0,17,54.5,0,6,0.847,Critical,1
31.6,67.3,15.5,0.0,13,65.8,1,8,0.896,Critical,1
26.2,81.0,4.4,2.7,1,93.1,1,10,0.158,Low,0
25.1,80.0,10.3,11.4,0,95.0,1,4,0.0,Low,1
31.9,46.0,9.5,4.5,3,91.0,0,8,0.401,Medium,0
31.8,44.4,11.9,0.0,19,50.9,1,9,1.0,Critical,0
30.0,66.0,9.2,4.3,1,95.0,0,3,0.319,Low,0
28.3,74.0,1.8,17.5,0,95.0,0,2,0.056,Low,0
28.3,87.3,11.4,65.8,4,86.7,1,3,0.189,Low,0
30.7,66.9,15.7,18.8,2,92.8,0,3,0.281,Low,0
26.3,89.0,16.3,9.1,2,90.7,1,2,0.015,Low,0
26.1,77.4,0.5,9.0,0,95.0,1,10,0.0,Low,0
24.0,68.1,2.4,3.4,0,94.5,1,3,0.084,Low,0
28.9,77.7,14.4,1.5,15,59.4,0,1,0.364,Medium,0
24.0,75.0,6.6,7.9,2,89.5,0,3,0.018,Low,0
26.3,73.0,1.6,3.5,1,93.2,0,3,0.0,Low,0
26.0,86.1,13.6,14.6,1,93.0,0,1,0.071,Low,0
35.5,63.8,11.4,2.7,4,90.3,1,8,0.67,High,1
29.2,89.3,25.4,1.2,6,82.1,1,4,0.526,Medium,0
31.3,47.6,5.2,0.0,17,55.6,0,8,0.705,High,1
27.9,72.5,12.1,13.2,0,95.0,0,3,0.0,Low,0
29.9,49.6,20.4,2.5,1,95.0,0,7,0.367,Medium,0
25.2,95.0,14.3,5.0,0,95.0,0,11,0.058,Low,0
28.3,81.2,9.2,2.1,1,94.2,0,4,0.261,Low,0
27.6,84.7,10.0,31.6,1,93.8,1,2,0.0,Low,0
24.6,74.0,5.0,41.6,2,89.8,0,1,0.0,Low,0
31.1,57.0,16.4,0.0,11,70.6,1,7,0.878,Critical,1
24.8,80.7,5.8,46.2,2,89.9,0,11,0.077,Low,0
34.1,25.0,3.1,3.3,2,94.5,0,8,0.592,High,1
24.9,81.7,19.5,3.2,2,89.9,1,1,0.169,Low,1
28.6,85.7,14.0,7.0,3,89.3,1,5,0.262,Low,0
24.5,70.7,20.0,2.1,1,92.2,1,3,0.215,Low,0
26.1,74.5,6.0,1.3,6,80.5,1,5,0.167,Low,0
24.0,75.2,5.8,2.1,4,84.5,1,10,0.085,Low,0
25.8,69.7,5.0,21.9,1,92.9,0,11,0.0,Low,1
28.4,75.8,2.4,33.8,1,94.2,0,2,0.099,Low,0
24.6,85.4,16.6,1.1,5,82.3,0,4,0.071,Low,0
24.0,78.9,12.8,14.3,1,92.0,0,3,0.016,Low,0
28.9,72.7,9.2,15.9,4,86.9,0,12,0.08,Low,1
31.9,72.5,2.1,14.3,4,88.4,1,10,0.4,Medium,0
31.9,47.9,12.7,0.0,19,50.9,0,6,0.678,High,1
34.5,53.9,10.0,1.5,23,42.3,0,9,0.76,Critical,1
26.5,80.4,6.9,6.2,3,88.3,1,2,0.127,Low,1
24.0,80.3,10.3,12.8,2,89.5,1,3,0.053,Low,0
29.7,71.5,4.6,3.6,1,94.8,0,2,0.175,Low,0
34.9,37.3,8.0,0.0,14,65.0,1,6,0.946,Critical,1
24.0,77.4,8.4,1.0,15,57.0,0,12,0.214,Low,1
33.0,57.6,31.8,0.0,22,44.0,1,8,1.0,Critical,1
25.2,67.7,8.7,4.8,3,87.6,1,5,0.194,Low,0
29.7,66.8,6.3,29.6,2,92.4,0,4,0.183,Low,0
26.4,64.6,10.6,5.1,2,90.7,0,11,0.087,Low,0
27.6,63.9,5.9,15.2,3,88.8,0,10,0.131,Low,0
29.5,76.0,2.9,0.0,14,62.2,0,4,0.448,Medium,1
26.4,85.7,11.9,12.8,0,95.0,1,4,0.028,Low,0
35.0,48.3,7.3,0.5,15,62.5,1,6,0.994,Critical,1
26.8,81.6,17.2,20.7,0,95.0,0,11,0.0,Low,0
37.0,50.8,1.8,0.0,13,68.5,1,6,0.955,Critical,1
34.5,55.2,2.7,1.2,23,42.2,1,9,0.854,Critical,1
24.8,89.9,14.8,3.0,1,92.4,1,11,0.008,Low,0
28.2,60.6,9.0,4.1,2,91.6,0,11,0.194,Low,0
31.6,28.2,9.6,0.0,11,70.8,0,9,0.75,High,1
26.0,76.0,24.9,32.4,0,95.0,1,11,0.127,Low,0
25.4,69.2,1.3,15.6,3,87.7,0,12,0.06,Low,0
26.7,51.2,6.3,0.0,12,65.9,1,8,0.687,High,1
34.6,58.9,19.6,0.0,11,72.3,0,9,0.653,High,0
26.9,75.7,10.6,41.3,4,85.9,0,11,0.0,Low,0
27.7,66.2,5.9,12.2,4,86.4,0,3,0.0,Low,0
30.8,76.3,3.7,0.0,17,55.4,0,9,0.555,High,0
33.8,29.7,16.0,5.7,2,94.4,0,8,0.571,High,0
30.6,49.0,8.1,0.0,18,52.8,0,6,0.726,High,1
27.5,89.1,22.1,19.5,3,88.8,1,10,0.148,Low,0
24.0,77.8,8.3,0.7,14,59.5,0,12,0.344,Low,0
26.3,72.5,3.0,46.1,3,88.1,0,5,0.03,Low,0
28.3,77.9,21.2,9.8,2,91.7,1,5,0.245,Low,0
26.5,76.4,14.4,22.5,2,90.8,0,11,0.008,Low,0
30.3,83.7,12.3,6.8,4,87.7,1,5,0.306,Low,1
24.0,75.6,18.5,6.4,2,89.5,0,12,0.128,Low,0
30.4,75.6,8.4,0.8,17,55.2,0,4,0.464,Medium,1
26.0,81.5,2.4,11.1,4,85.5,0,11,0.0,Low,0
31.4,74.8,5.8,15.0,0,95.0,1,10,0.344,Low,1
26.5,71.2,9.4,14.4,0,95.0,0,2,0.0,Low,0
34.6,72.3,12.5,0.0,12,69.8,0,6,0.642,High,0
35.2,52.8,18.9,8.0,4,90.1,1,7,0.864,Critical,1
28.3,91.4,11.5,15.9,3,89.1,0,5,0.089,Low,0
35.8,69.0,22.8,0.0,9,77.9,0,8,0.628,High,1
28.1,72.7,7.8,5.9,0,95.0,0,3,0.141,Low,0
28.6,63.1,8.9,0.0,9,74.3,1,6,0.628,High,1
31.3,42.9,8.5,0.0,18,53.2,0,6,0.666,High,1
27.1,90.5,6.3,11.6,2,91.1,0,4,0.063,Low,0
27.9,80.9,11.2,4.9,3,88.9,1,12,0.129,Low,0
25.3,81.8,2.8,4.0,0,95.0,0,12,0.096,Low,1
32.1,33.7,10.9,1.3,21,46.1,0,6,0.737,High,1
27.3,79.4,5.7,11.6,1,93.6,0,2,0.0,Low,0
28.4,82.7,12.9,0.6,11,69.2,0,10,0.353,Medium,0
26.6,88.8,10.0,21.1,0,95.0,0,3,0.0,Low,0
33.7,77.8,11.5,0.0,24,39.3,0,6,0.593,High,1
24.8,83.8,9.6,15.7,3,87.4,0,12,0.087,Low,1
28.9,70.4,1.7,5.2,1,94.5,1,3,0.264,Low,0
32.6,68.3,1.3,3.2,1,95.0,1,7,0.468,Medium,0
33.0,35.5,3.7,1.6,20,49.0,1,8,0.969,Critical,1
27.6,84.1,3.7,10.5,0,95.0,1,4,0.033,Low,1
30.3,39.0,12.1,0.0,5,85.2,0,8,0.725,High,0
29.2,75.8,11.6,2.8,0,95.0,1,11,0.277,Low,0
26.0,65.0,13.4,4.3,0,95.0,0,5,0.215,Low,0
26.1,87.2,11.9,19.0,2,90.6,0,12,0.038,Low,0
25.7,79.4,25.2,87.6,3,87.9,0,10,0.046,Low,0
31.3,38.1,11.1,0.4,20,48.1,1,9,1.0,Critical,1
24.9,79.1,10.3,27.5,0,94.9,0,5,0.0,Low,0
32.2,51.2,3.2,0.5,17,56.1,0,8,0.689,High,1
32.1,63.8,3.0,0.0,18,53.6,0,7,0.588,High,0
29.4,81.2,10.2,7.1,4,87.2,1,11,0.24,Low,0
28.9,90.8,2.9,43.5,3,89.5,1,11,0.117,Low,0
37.6,25.0,12.4,0.0,19,53.8,0,8,0.961,Critical,0
28.8,90.6,8.6,30.7,4,86.9,0,5,0.044,Low,0
28.8,57.5,21.2,4.5,0,95.0,0,8,0.289,Low,0
31.7,37.4,25.8,8.5,3,90.9,1,9,0.801,Critical,1
30.5,74.0,18.4,0.1,21,45.3,0,10,0.654,High,0
28.2,74.0,3.1,10.7,1,94.1,0,10,0.12,Low,0
26.2,86.9,3.7,22.5,2,90.6,1,3,0.0,Low,0
27.3,56.7,6.8,21.7,4,86.1,0,11,0.092,Low,0
27.4,81.8,6.2,6.8,4,86.2,0,1,0.082,Low,1
30.4,44.4,12.2,0.0,17,55.2,0,8,0.721,High,1
30.2,79.7,15.3,0.7,12,67.6,0,10,0.507,Medium,1
24.0,88.6,10.7,23.3,4,84.5,1,10,0.043,Low,0
27.2,74.8,11.2,2.4,0,95.0,1,3,0.071,Low,1
29.8,56.9,18.3,0.0,13,64.9,1,9,0.785,Critical,0
27.3,73.3,1.5,43.0,3,88.7,0,3,0.0,Low,0
31.0,50.0,3.6,0.0,11,70.5,0,8,0.698,High,0
29.1,65.7,1.8,0.0,15,59.6,0,9,0.472,Medium,0
28.2,66.6,10.5,25.1,4,86.6,0,1,0.127,Low,0
25.6,65.8,10.1,10.0,4,85.3,0,2,0.111,Low,0
25.9,82.4,7.7,14.2,2,90.4,1,11,0.043,Low,0
30.6,50.1,5.6,0.0,18,52.8,1,9,1.0,Critical,1
26.7,86.3,7.0,6.7,2,90.9,1,1,0.129,Low,0
26.7,79.7,6.0,12.5,0,95.0,0,11,0.038,Low,0
33.4,84.2,11.0,34.2,3,91.7,1,2,0.428,Medium,1
31.5,41.9,15.7,0.0,8,78.3,0,9,0.597,High,1
29.5,46.6,12.1,0.0,19,49.8,1,6,0.906,Critical,1
33.1,53.7,14.0,0.0,8,79.0,0,6,0.681,High,1
33.0,74.2,14.1,0.0,20,49.0,0,7,0.566,High,0
29.5,60.5,16.4,0.0,15,59.8,1,9,0.816,Critical,0
26.4,72.9,11.1,37.4,0,95.0,1,12,0.0,Low,0
28.7,76.3,14.7,1.2,22,41.8,1,10,0.577,High,0
28.2,78.1,5.6,31.0,0,95.0,1,10,0.06,Low,0
25.8,84.8,4.7,1.9,9,72.9,1,5,0.247,Low,0
27.3,71.9,1.5,4.6,1,93.7,0,2,0.011,Low,0
29.2,91.9,4.4,4.7,3,89.6,0,4,0.24,Low,0
29.1,82.2,2.5,1.2,20,47.0,1,3,0.451,Medium,1
25.5,78.8,24.6,4.2,3,87.7,1,2,0.132,Low,0
33.1,53.9,10.6,1.0,17,56.5,0,9,0.619,High,0
26.6,79.9,8.9,11.6,3,88.3,1,11,0.077,Low,0
29.9,75.6,6.6,0.7,10,72.4,0,11,0.353,Medium,0
31.8,32.6,5.2,0.0,10,73.4,0,7,0.587,High,1
30.5,25.3,6.4,1.0,9,75.2,1,6,0.912,Critical,1
26.9,80.4,29.2,56.1,1,93.4,0,4,0.074,Low,0
34.1,57.3,15.7,0.0,17,57.1,1,7,1.0,Critical,1
29.2,88.8,22.4,9.9,1,94.6,0,12,0.087,Low,0
24.4,73.7,1.4,11.5,0,94.7,0,10,0.0,Low,0
29.0,72.7,13.2,16.4,3,89.5,1,2,0.208,Low,0
26.0,74.6,5.8,34.6,4,85.5,1,10,0.069,Low,0
24.3,65.0,7.6,7.6,3,87.1,0,12,0.103,Low,0
35.1,45.1,6.7,0.0,23,42.5,0,8,0.785,Critical,1
25.5,66.9,3.2,3.6,0,95.0,1,10,0.122,Low,0
28.3,78.1,12.2,1.6,14,61.6,0,5,0.305,Low,0
32.0,53.7,7.9,0.0,15,61.0,0,9,0.684,High,0
25.8,77.7,6.6,28.4,3,87.9,0,1,0.0,Low,0
28.1,80.3,7.8,16.9,2,91.5,0,12,0.099,Low,0
26.2,90.1,0.6,4.5,3,88.1,0,3,0.034,Low,0
24.0,78.9,1.8,17.5,0,94.5,0,1,0.04,Low,0
34.8,38.3,16.3,0.0,18,54.9,0,7,0.945,Critical,1
28.8,66.4,1.9,50.3,4,86.9,0,5,0.178,Low,0
32.8,58.3,25.1,0.0,8,78.9,0,8,0.607,High,0
30.1,56.6,11.5,1.2,17,55.1,0,9,0.527,Medium,0
32.0,52.7,14.6,8.3,1,95.0,0,8,0.394,Medium,0
26.7,85.4,6.5,20.4,0,95.0,1,5,0.0,Low,0
24.0,73.9,10.8,17.0,0,94.5,1,5,0.0,Low,0
24.0,95.0,2.7,1.6,22,39.5,0,5,0.241,Low,0
30.9,36.0,3.0,1.3,18,53.0,0,9,0.71,High,1
28.2,95.0,23.4,0.0,19,49.1,1,4,0.732,High,1
33.6,51.8,1.3,0.0,15,61.8,1,9,1.0,Critical,1
31.1,53.4,6.2,0.0,6,83.0,0,8,0.527,Medium,1
37.1,55.4,2.8,4.3,0,95.0,0,7,0.409,Medium,0
27.3,90.6,0.8,57.6,4,86.2,0,12,0.0,Low,0
26.4,77.6,8.1,8.9,4,85.7,0,3,0.0,Low,0
28.6,64.6,24.7,68.3,4,86.8,1,11,0.395,Medium,1
27.1,75.2,12.7,0.1,11,68.5,1,2,0.447,Medium,0
27.5,67.7,16.4,26.4,1,93.8,1,3,0.1,Low,0
27.2,89.0,8.6,13.1,3,88.6,0,10,0.0,Low,0
25.9,90.3,15.1,30.8,4,85.4,1,5,0.018,Low,0
27.6,73.8,24.1,14.9,0,95.0,0,12,0.026,Low,0
25.7,68.1,11.2,9.9,1,92.9,0,11,0.089,Low,0
27.5,71.1,0.7,14.8,0,95.0,0,5,0.0,Low,0
29.3,48.3,20.8,1.7,24,37.2,1,7,0.874,Critical,1
32.1,35.6,10.3,0.0,5,86.1,1,9,0.956,Critical,0
30.1,66.3,20.2,5.3,0,95.0,0,2,0.377,Medium,0
33.5,50.5,5.5,1.6,6,84.2,0,9,0.591,High,0
26.3,77.0,12.5,18.4,4,85.6,1,12,0.062,Low,0
30.7,75.7,4.1,15.2,3,90.4,0,4,0.158,Low,0
28.2,80.6,14.0,25.3,3,89.1,0,5,0.168,Low,0
24.6,69.1,4.9,1.0,7,77.3,1,5,0.296,Low,0
25.4,83.4,0.9,32.9,1,92.7,0,1,0.0,Low,0
27.1,86.7,12.7,22.0,3,88.5,0,1,0.0,Low,0
32.5,54.0,16.1,0.0,6,83.8,0,6,0.61,High,0
25.9,71.1,19.4,33.1,3,88.0,1,12,0.124,Low,0
33.2,51.3,1.4,1.7,13,66.6,0,9,0.642,High,1
29.5,67.9,24.9,2.3,4,87.2,0,8,0.266,Low,0
27.1,69.0,7.8,0.0,12,66.0,0,9,0.39,Medium,1
29.0,60.8,13.7,0.0,23,39.5,1,2,0.902,Critical,1
30.2,74.5,8.3,31.7,4,87.6,0,10,0.206,Low,0
24.7,81.8,9.5,14.0,3,87.3,1,4,0.018,Low,0
29.6,85.9,7.6,20.1,2,92.3,0,2,0.043,Low,0
33.4,37.3,10.9,0.4,9,76.7,1,7,1.0,Critical,0
27.5,86.5,2.6,5.1,3,88.8,0,5,0.11,Low,0
26.7,69.5,5.5,33.9,1,93.3,0,4,0.09,Low,0
26.9,85.0,6.0,3.0,2,91.0,1,4,0.003,Low,0
27.0,83.9,13.5,49.9,1,93.5,0,1,0.0,Low,0
34.3,40.9,7.0,0.0,17,57.1,0,9,0.81,Critical,1
32.1,71.4,6.2,9.1,2,93.5,1,6,0.366,Medium,0
29.4,83.5,9.2,12.6,4,87.2,1,3,0.188,Low,0
26.2,85.2,38.9,24.4,4,85.6,0,11,0.064,Low,0
29.4,30.5,14.8,4.6,0,95.0,0,7,0.407,Medium,0
29.9,66.7,15.8,13.9,2,92.5,1,10,0.306,Low,0
31.3,56.7,0.8,0.6,12,68.2,0,9,0.518,Medium,0
25.2,82.1,15.1,7.3,2,90.1,1,5,0.055,Low,0
28.9,73.8,13.2,8.6,1,94.4,0,5,0.127,Low,0
34.4,34.2,5.3,6.6,4,89.7,0,7,0.667,High,0
29.1,69.8,18.5,7.2,1,94.6,1,12,0.357,Medium,0
24.5,77.3,4.0,23.9,1,92.3,0,1,0.026,Low,0
29.7,94.6,12.9,19.2,3,89.9,0,12,0.193,Low,0
34.8,56.5,3.2,0.0,11,72.4,0,6,0.648,High,1
31.0,39.8,9.4,3.0,1,95.0,0,7,0.612,High,0
28.2,66.4,45.0,20.4,3,89.1,0,4,0.245,Low,0
26.2,76.0,22.7,14.6,3,88.1,0,3,0.03,Low,1
25.1,72.9,11.8,0.6,21,42.5,1,12,0.582,High,1
25.9,85.4,18.8,16.5,1,93.0,1,5,0.075,Low,1
25.1,73.6,12.6,18.2,2,90.0,0,12,0.0,Low,0
29.8,25.0,10.4,0.0,8,77.4,0,6,0.618,High,1
28.8,72.1,10.8,24.5,4,86.9,0,12,0.081,Low,0
33.0,48.9,8.5,0.0,16,59.0,1,7,0.96,Critical,1
35.8,55.0,3.5,0.6,23,42.9,0,7,0.75,Critical,1
34.3,27.6,12.5,3.5,1,95.0,0,8,0.738,High,0
29.8,77.7,16.0,17.7,4,87.4,1,12,0.193,Low,0
25.6,83.6,2.3,18.3,1,92.8,0,3,0.0,Low,0
28.4,86.8,2.2,20.4,2,91.7,0,5,0.169,Low,0
28.9,73.1,14.7,6.4,1,94.5,0,10,0.145,Low,0
29.4,63.5,5.1,0.0,9,74.7,0,6,0.358,Medium,1
30.0,42.9,17.4,0.0,15,60.0,0,8,0.613,High,1
25.3,84.4,1.0,7.3,0,95.0,0,3,0.043,Low,0
27.6,81.8,2.5,29.7,2,91.3,0,12,0.0,Low,0
27.3,79.9,2.6,4.2,4,86.1,0,10,0.035,Low,0
29.8,39.1,2.2,0.0,10,72.4,1,8,0.865,Critical,1
29.1,79.4,3.7,7.0,1,94.5,0,5,0.084,Low,0
27.5,79.6,6.0,10.5,1,93.8,0,12,0.0,Low,0
25.7,75.0,1.7,15.4,2,90.4,1,11,0.034,Low,0
32.0,80.5,7.8,2.1,3,91.0,0,4,0.268,Low,0
24.0,74.9,7.6,14.5,2,89.5,0,1,0.019,Low,1
29.0,95.0,13.7,5.1,1,94.5,0,5,0.214,Low,0
27.0,82.4,21.2,1.4,8,76.0,0,11,0.31,Low,0
30.8,76.9,3.1,4.9,2,92.9,0,2,0.244,Low,0
26.0,69.2,10.0,53.7,0,95.0,0,11,0.044,Low,0
27.8,77.9,9.5,17.2,1,93.9,1,3,0.028,Low,0
26.7,58.3,15.3,1.9,6,80.8,0,1,0.199,Low,0
25.9,83.7,8.5,64.2,4,85.5,0,12,0.0,Low,0
24.0,84.5,5.4,4.9,3,87.0,1,1,0.102,Low,0
30.1,56.6,20.8,1.7,20,47.6,0,8,0.58,High,0
34.0,68.4,15.0,0.0,11,72.0,0,6,0.603,High,1
27.6,80.2,8.0,83.2,1,93.8,0,4,0.0,Low,0
25.9,83.6,3.5,41.5,2,90.5,0,4,0.012,Low,0
29.3,35.7,16.8,0.0,9,74.7,0,9,0.657,High,0
33.5,47.5,10.3,0.9,5,86.8,0,6,0.67,High,1
27.5,64.9,4.2,34.7,2,91.3,0,1,0.058,Low,0
28.9,78.8,7.8,39.5,4,86.9,1,4,0.153,Low,0
30.1,67.1,18.4,39.3,0,95.0,0,1,0.321,Low,0
25.4,74.1,6.6,8.0,3,87.7,0,1,0.022,Low,0
26.9,67.7,13.6,13.8,4,85.9,0,2,0.105,Low,0
28.6,86.1,6.7,7.3,2,91.8,0,10,0.184,Low,0
26.7,73.1,8.6,3.9,0,95.0,0,1,0.03,Low,1
25.8,72.4,8.3,0.5,15,57.9,1,12,0.43,Medium,1
26.1,73.2,15.4,15.8,2,90.6,0,10,0.0,Low,0
25.1,82.1,14.3,18.7,2,90.0,0,4,0.0,Low,0
27.3,85.6,26.2,18.0,2,91.2,0,5,0.072,Low,0
33.6,57.0,6.5,6.7,4,89.3,0,8,0.419,Medium,0
25.7,65.2,15.4,16.1,0,95.0,0,10,0.107,Low,0
34.3,26.7,40.5,0.1,6,84.6,0,7,0.815,Critical,1
25.8,88.5,15.7,22.3,3,87.9,1,10,0.049,Low,0
28.5,83.5,14.8,1.8,11,69.2,1,3,0.524,Medium,0
25.3,74.0,11.8,4.6,3,87.6,0,12,0.015,Low,0
24.0,80.9,0.6,13.4,3,87.0,1,12,0.069,Low,0
31.9,49.9,14.6,0.0,13,66.0,0,8,0.72,High,1
32.0,54.2,20.0,0.0,18,53.5,1,7,0.939,Critical,1
27.9,55.0,5.7,0.0,11,68.9,1,6,0.529,Medium,0
28.4,30.4,12.5,3.8,3,89.2,0,8,0.405,Medium,0
24.5,73.9,28.5,16.6,3,87.2,0,5,0.14,Low,0
26.5,77.4,28.8,3.9,1,93.2,1,5,0.135,Low,0
25.4,80.7,4.8,12.1,3,87.7,0,4,0.0,Low,1
26.9,69.5,10.8,10.1,0,95.0,0,2,0.0,Low,0
30.4,85.8,3.8,3.8,4,87.7,1,4,0.397,Medium,0
24.0,79.6,3.9,31.8,2,89.5,0,10,0.087,Low,0
30.3,78.4,15.3,3.4,1,95.0,1,11,0.449,Medium,0
26.8,82.8,11.8,2.6,3,88.4,1,3,0.197,Low,1
29.7,61.3,8.4,0.0,20,47.3,1,7,0.71,High,1
26.2,84.8,5.7,15.0,4,85.6,0,3,0.0,Low,0
25.1,80.9,8.1,4.3,2,90.0,1,3,0.026,Low,0
32.5,90.1,7.2,2.9,2,93.7,0,2,0.338,Low,0
30.4,84.9,6.4,25.5,3,90.2,0,4,0.314,Low,0
25.4,88.0,2.2,0.1,6,80.2,0,10,0.296,Low,0
25.9,83.3,18.4,6.9,3,88.0,1,2,0.165,Low,0
27.9,71.7,3.5,25.2,4,86.5,1,5,0.0,Low,0
29.4,79.0,9.8,4.5,3,89.7,0,12,0.161,Low,0
31.3,57.0,6.6,0.0,16,58.2,1,6,0.945,Critical,1
26.4,74.4,2.1,39.4,3,88.2,0,12,0.0,Low,0
27.0,75.2,5.7,0.3,5,83.5,0,11,0.27,Low,0
30.6,46.4,13.8,3.5,3,90.3,0,8,0.345,Low,0
34.8,39.7,5.7,0.7,23,42.4,1,8,1.0,Critical,1
31.4,61.9,9.8,0.0,12,68.2,0,6,0.583,High,0
28.9,70.1,10.1,10.5,0,95.0,1,2,0.035,Low,0
26.0,88.2,8.3,4.5,2,90.5,1,1,0.017,Low,0
28.8,72.6,1.2,0.3,14,61.9,1,11,0.599,High,0
25.2,95.0,10.0,2.2,1,92.6,0,12,0.029,Low,0
26.3,83.5,20.1,10.0,0,95.0,1,1,0.048,Low,0
31.2,61.4,14.6,46.5,0,95.0,1,11,0.385,Medium,1
32.0,64.8,7.2,3.2,2,93.5,1,6,0.468,Medium,1
28.5,85.0,25.2,0.0,14,61.7,0,8,0.591,High,1
25.2,85.8,21.0,3.5,1,92.6,1,10,0.242,Low,0
28.2,86.6,2.4,68.9,2,91.6,0,5,0.142,Low,0
31.2,46.6,11.7,7.2,2,93.1,1,8,0.581,High,1
26.4,77.9,2.8,32.4,0,95.0,0,12,0.02,Low,0
24.5,75.4,4.8,20.4,2,89.7,0,5,0.059,Low,0
27.8,66.2,10.4,24.7,2,91.4,0,2,0.037,Low,0
25.9,76.6,20.2,43.9,2,90.4,0,2,0.137,Low,0
28.0,49.8,11.3,0.0,21,44.0,1,9,0.829,Critical,1
30.6,74.5,3.6,2.0,10,72.8,0,2,0.394,Medium,0
24.0,79.6,5.1,8.3,4,84.5,0,2,0.0,Low,0
32.7,71.1,3.5,0.3,14,63.9,0,6,0.528,Medium,0
31.9,28.5,3.7,1.1,16,58.4,1,7,0.951,Critical,0
24.1,85.8,15.7,13.1,3,87.0,0,10,0.062,Low,0
34.6,50.6,16.0,0.1,6,84.8,0,6,0.718,High,0
25.1,90.8,8.8,14.8,3,87.6,0,1,0.007,Low,0
27.5,87.5,4.1,13.1,2,91.3,0,11,0.0,Low,0
35.3,40.4,10.0,0.6,23,42.6,0,7,0.771,Critical,1
34.9,46.3,6.5,0.0,20,50.0,1,6,1.0,Critical,1
32.0,73.5,1.6,29.3,3,91.0,0,10,0.214,Low,0
27.7,93.6,25.0,2.6,3,88.8,0,12,0.185,Low,0
33.4,53.6,10.2,7.2,4,89.2,0,9,0.568,High,0
29.0,43.2,8.5,0.0,10,72.0,0,9,0.478,Medium,0
33.2,61.5,9.4,0.0,17,56.6,1,6,0.952,Critical,1
33.1,46.9,10.1,0.0,9,76.6,0,7,0.691,High,0
29.4,76.5,21.9,32.1,2,92.2,1,4,0.255,Low,0
32.2,28.8,9.2,1.1,16,58.6,0,8,0.772,Critical,1
35.2,42.4,9.6,18.4,4,90.1,1,9,0.706,High,1
26.2,66.6,6.0,45.1,2,90.6,0,10,0.036,Low,0
33.0,52.3,10.2,0.0,11,71.5,1,9,0.902,Critical,1
27.4,80.2,9.0,41.4,1,93.7,0,5,0.0,Low,1
28.8,43.1,5.6,0.0,7,79.4,0,9,0.556,High,1
26.1,88.9,4.5,66.3,2,90.6,0,1,0.007,Low,0
34.9,35.9,12.6,0.0,23,42.4,0,6,0.945,Critical,1
30.1,44.0,8.8,1.4,18,52.6,1,6,0.952,Critical,1
26.9,73.2,7.5,2.0,14,60.9,1,1,0.298,Low,0
26.1,81.7,8.5,12.5,4,85.6,1,1,0.0,Low,0
27.4,83.0,5.9,15.8,1,93.7,0,11,0.0,Low,0
28.9,53.6,7.8,0.0,10,72.0,1,6,0.738,High,1
25.6,85.6,4.7,14.4,3,87.8,0,11,0.053,Low,0
28.3,90.7,7.3,6.5,0,95.0,0,1,0.065,Low,0
28.8,51.5,1.4,0.9,13,64.4,1,7,0.881,Critical,1
28.9,72.2,6.9,5.0,2,91.9,0,4,0.165,Low,0
27.3,60.8,23.5,12.5,0,95.0,0,1,0.08,Low,0
28.1,71.4,9.6,13.0,1,94.1,1,10,0.144,Low,0
38.0,67.4,20.2,0.0,15,64.0,0,7,0.656,High,1
27.1,83.0,11.4,23.2,1,93.5,0,4,0.017,Low,0
28.3,70.8,2.8,16.5,2,91.6,0,10,0.175,Low,0
29.4,52.3,10.0,3.3,1,94.7,0,7,0.248,Low,1
28.7,87.5,8.3,5.9,3,89.4,1,5,0.259,Low,0
31.4,63.0,7.0,0.0,6,83.2,0,9,0.51,Medium,0
29.2,83.4,2.0,10.4,3,89.6,0,10,0.157,Low,0
31.6,56.5,4.5,0.0,8,78.3,1,9,0.747,High,1
26.0,83.8,11.0,8.0,2,90.5,1,12,0.0,Low,1
28.8,76.1,2.3,23.5,2,91.9,0,11,0.062,Low,0
26.2,81.9,4.2,15.9,1,93.1,0,1,0.0,Low,0
31.4,54.7,7.6,0.0,22,43.2,0,9,0.662,High,0
33.4,49.6,11.4,2.6,3,91.7,1,6,0.717,High,1
25.0,95.0,3.3,4.5,3,87.5,1,1,0.0,Low,0
26.2,71.1,4.2,2.8,0,95.0,1,12,0.144,Low,0
25.4,84.7,22.3,4.9,1,92.7,1,12,0.307,Low,0
29.6,76.9,16.4,13.8,3,89.8,0,1,0.192,Low,0
29.1,92.5,23.4,31.7,2,92.1,1,12,0.169,Low,0
24.0,66.7,1.7,2.3,4,84.5,1,2,0.297,Low,0
32.4,62.3,19.9,0.0,18,53.7,1,8,1.0,Critical,1
27.0,77.2,10.9,1.6,9,73.5,1,4,0.291,Low,0
25.6,76.1,1.9,14.7,4,85.3,0,3,0.0,Low,0
31.3,28.1,14.2,0.2,16,58.2,0,6,0.796,Critical,1
32.9,64.7,4.2,1.3,6,83.9,0,8,0.464,Medium,0
29.7,75.9,10.7,9.5,4,87.4,0,11,0.089,Low,0
27.8,84.6,0.8,12.4,1,93.9,0,2,0.0,Low,0
26.2,72.6,6.7,46.5,2,90.6,1,5,0.0,Low,1
31.1,31.7,6.5,9.4,1,95.0,0,9,0.449,Medium,1
26.1,72.1,23.3,1.6,18,50.5,1,10,0.579,High,1
27.7,35.8,7.3,0.4,23,38.8,0,7,0.544,Medium,0
29.0,26.4,16.7,0.0,12,67.0,0,7,0.696,High,1
27.6,73.5,4.2,3.4,0,95.0,1,3,0.034,Low,0
24.9,78.9,2.9,2.8,2,89.9,1,2,0.151,Low,0
27.4,70.9,15.9,1.6,9,73.7,1,1,0.261,Low,0
33.4,59.0,14.6,0.0,10,74.2,1,9,0.894,Critical,1
30.4,50.4,17.7,1.9,21,45.2,0,9,0.592,High,1
26.2,80.7,20.7,14.2,3,88.1,1,2,0.097,Low,0
30.4,75.8,7.4,0.0,5,85.2,1,8,0.544,Medium,0
29.1,76.0,24.9,2.0,3,89.5,0,1,0.29,Low,0
26.8,85.6,3.7,0.5,15,58.4,1,4,0.404,Medium,1
28.1,66.2,14.2,16.2,0,95.0,0,1,0.226,Low,0
27.0,28.0,8.9,0.0,14,61.0,0,8,0.469,Medium,0
24.0,70.7,18.5,17.5,3,87.0,1,2,0.02,Low,0
26.0,76.8,16.7,4.5,1,93.0,1,3,0.035,Low,0
30.9,56.0,29.4,0.0,23,40.4,1,8,1.0,Critical,1
26.9,88.0,4.3,8.0,1,93.5,0,11,0.0,Low,0
30.1,39.4,8.1,0.2,10,72.6,0,7,0.717,High,1
28.8,77.0,18.0,18.0,3,89.4,0,2,0.141,Low,0
33.0,52.2,1.3,0.0,13,66.5,0,8,0.663,High,1
31.1,81.5,10.7,0.3,7,80.5,0,5,0.396,Medium,0
28.0,60.2,3.3,0.0,10,71.5,1,9,0.442,Medium,1
29.3,35.8,17.3,0.3,20,47.2,0,6,0.804,Critical,1
31.0,29.1,28.2,0.0,22,43.0,0,7,0.888,Critical,1
25.5,80.8,14.6,19.7,4,85.3,0,12,0.029,Low,0
30.5,25.0,5.6,0.0,17,55.3,0,6,0.805,Critical,1
28.6,82.0,7.0,4.5,4,86.8,0,12,0.15,Low,0
30.0,70.5,17.9,20.6,0,95.0,0,1,0.175,Low,0
28.7,92.4,5.9,3.4,3,89.4,1,3,0.273,Low,0
31.7,39.8,25.8,2.0,16,58.3,1,6,1.0,Critical,1
24.0,78.2,1.7,33.1,2,89.5,0,2,0.0,Low,0
36.0,33.2,4.7,0.0,20,50.5,1,8,1.0,Critical,0
27.3,75.6,7.0,25.8,4,86.2,1,5,0.0,Low,0
30.0,65.2,5.9,10.8,2,92.5,0,4,0.173,Low,0
27.6,76.6,5.5,10.5,2,91.3,0,1,0.0,Low,0
31.8,55.8,3.2,4.6,2,93.4,0,8,0.365,Medium,0
32.2,46.3,25.2,0.2,13,66.1,0,8,0.665,High,1
33.5,40.8,1.8,0.0,10,74.3,1,7,0.967,Critical,0
24.9,84.1,14.1,11.1,4,85.0,0,2,0.0,Low,0
26.4,79.2,7.9,8.2,4,85.7,0,3,0.021,Low,0
25.4,58.7,8.4,34.3,4,85.2,0,5,0.042,Low,0
26.6,89.9,12.5,18.4,0,95.0,0,5,0.11,Low,0
28.0,66.0,9.6,5.2,2,91.5,0,2,0.115,Low,0
30.1,74.2,9.7,0.8,16,57.5,0,8,0.501,Medium,0
26.3,80.1,3.4,39.6,1,93.1,0,4,0.0,Low,0
32.4,43.4,2.7,0.0,24,38.7,1,7,0.945,Critical,1
36.4,56.7,2.6,3.3,0,95.0,0,9,0.403,Medium,0
28.3,86.0,8.8,7.5,3,89.1,0,4,0.242,Low,0
31.6,64.7,2.8,0.9,11,70.8,0,7,0.487,Medium,0
31.6,40.2,2.1,0.0,15,60.8,1,6,1.0,Critical,1
27.1,77.9,12.3,39.3,4,86.1,0,11,0.011,Low,0
27.5,78.9,36.9,14.4,2,91.2,0,1,0.138,Low,1
29.6,69.2,2.0,0.8,6,82.3,1,2,0.601,High,1
34.3,48.3,21.2,0.0,6,84.6,0,6,0.807,Critical,1
26.4,78.4,4.1,12.2,1,93.2,1,5,0.01,Low,0
26.0,58.4,27.6,2.4,3,88.0,0,2,0.188,Low,0
29.7,73.4,12.9,1.0,23,39.8,0,11,0.493,Medium,0
30.7,52.2,11.8,0.0,10,72.8,1,7,0.892,Critical,1
27.8,90.5,9.8,20.4,0,95.0,0,10,0.037,Low,0
26.1,80.2,19.2,9.4,1,93.0,1,5,0.116,Low,0
24.0,79.0,11.1,1.2,20,44.5,1,11,0.413,Medium,1
28.1,73.7,15.1,16.4,0,95.0,1,11,0.145,Low,0
26.6,85.3,25.4,3.1,0,95.0,1,4,0.116,Low,0
30.2,78.0,1.6,12.6,4,87.6,0,2,0.219,Low,0
25.0,76.9,11.7,8.6,1,92.5,0,12,0.062,Low,0
28.7,79.5,22.9,21.0,0,95.0,0,10,0.161,Low,0
26.0,81.1,0.5,8.3,1,93.0,1,2,0.084,Low,0
26.1,77.1,12.6,30.0,0,95.0,1,10,0.0,Low,0
35.8,55.4,5.5,0.0,14,65.4,1,6,0.91,Critical,1
28.6,70.4,3.1,26.5,2,91.8,1,3,0.171,Low,0
27.0,68.3,5.9,1.9,12,66.0,1,4,0.375,Medium,0
29.6,82.6,30.7,36.8,3,89.8,0,4,0.261,Low,0
31.8,47.0,15.9,0.0,5,85.9,1,8,0.863,Critical,1
31.0,59.7,2.5,0.0,15,60.5,1,6,0.8,Critical,0
32.1,57.5,5.2,0.0,15,61.0,0,7,0.503,Medium,1
29.2,63.8,6.0,10.5,4,87.1,1,11,0.302,Low,0
37.8,30.7,8.9,0.0,14,66.4,1,9,1.0,Critical,1
31.7,84.0,12.4,22.9,1,95.0,0,4,0.138,Low,0
30.8,60.0,4.2,0.0,8,77.9,0,8,0.47,Medium,0
27.1,81.9,14.6,0.5,16,56.0,0,1,0.285,Low,0
31.0,46.4,13.9,0.0,20,48.0,1,9,1.0,Critical,1
27.1,91.3,5.8,3.8,3,88.6,0,12,0.103,Low,0
34.1,41.2,6.7,1.3,19,52.0,1,6,0.982,Critical,1
25.4,87.0,8.7,24.9,4,85.2,0,12,0.0,Low,0
24.0,70.8,6.4,4.0,4,84.5,0,2,0.0,Low,0
37.2,57.3,18.7,1.7,11,73.6,1,9,0.956,Critical,1
35.0,49.2,7.3,0.3,20,50.0,0,8,0.78,Critical,0
33.0,26.9,6.6,0.0,6,84.0,1,6,1.0,Critical,1
32.2,85.5,8.3,7.8,4,88.6,1,12,0.341,Low,0
28.0,81.2,13.9,5.4,0,95.0,1,2,0.173,Low,1
27.1,77.1,12.9,2.3,1,93.6,1,10,0.143,Low,0
30.3,87.4,8.6,1.2,22,42.6,1,3,0.615,High,0
28.0,78.7,1.1,26.7,0,95.0,0,1,0.119,Low,0
27.8,83.3,6.8,8.1,3,88.9,0,12,0.0,Low,0
28.5,77.5,3.4,0.6,10,71.7,1,12,0.401,Medium,1
28.5,58.8,18.3,2.2,3,89.3,1,6,0.398,Medium,0
29.3,33.7,6.8,1.5,21,44.7,1,6,0.889,Critical,1
26.9,59.1,6.2,29.8,2,90.9,1,1,0.017,Low,0
32.8,43.2,18.7,0.0,18,53.9,0,6,0.801,Critical,1
28.8,88.2,8.7,28.4,1,94.4,0,1,0.122,Low,0
28.9,77.8,1.5,7.9,3,89.4,0,3,0.148,Low,0
31.4,47.7,3.9,4.4,0,95.0,0,9,0.412,Medium,1
27.6,87.9,11.7,2.4,0,95.0,0,3,0.151,Low,0
25.9,94.7,6.6,66.1,0,95.0,1,11,0.0,Low,0
25.5,86.8,2.7,4.3,2,90.2,0,1,0.0,Low,0
32.7,61.1,1.1,0.0,9,76.3,0,7,0.523,Medium,0
25.1,82.0,3.4,2.8,4,85.0,1,10,0.052,Low,0
28.0,80.6,9.9,13.9,0,95.0,0,11,0.003,Low,0
26.0,76.0,15.6,6.4,0,95.0,0,12,0.069,Low,1
31.2,68.8,8.2,0.0,19,50.6,0,9,0.603,High,0
32.5,43.1,10.8,0.0,12,68.8,1,6,0.941,Critical,0
34.2,42.6,29.7,0.0,15,62.1,1,7,1.0,Critical,1
33.6,41.6,22.1,0.7,5,86.8,1,7,0.981,Critical,1
32.4,44.5,5.9,1.2,20,48.7,0,6,0.651,High,1
32.8,60.4,9.3,0.0,12,68.9,0,6,0.577,High,0
31.9,51.5,8.8,1.6,15,60.9,1,7,0.794,Critical,0
32.8,62.5,6.0,0.0,21,46.4,0,7,0.646,High,0
33.4,38.3,2.2,0.3,11,71.7,0,9,0.913,Critical,1
29.3,70.5,3.0,0.0,20,47.2,0,9,0.435,Medium,0
28.1,92.7,1.2,14.0,2,91.5,0,11,0.153,Low,0
29.2,64.9,4.1,2.1,4,87.1,0,8,0.191,Low,0
27.6,84.5,5.0,5.2,4,86.3,0,12,0.008,Low,0
24.3,75.9,41.3,31.1,2,89.6,1,1,0.113,Low,0
26.0,92.8,6.0,6.8,0,95.0,0,1,0.084,Low,0
33.1,40.3,7.2,8.0,1,95.0,0,7,0.437,Medium,0
30.9,68.3,15.0,0.2,17,55.5,0,8,0.678,High,0
38.0,53.6,5.9,0.0,7,84.0,0,6,0.659,High,1
31.2,57.5,21.5,0.0,16,58.1,0,8,0.691,High,1
25.9,80.1,30.1,40.5,0,95.0,1,4,0.113,Low,0
31.2,60.1,5.1,0.0,22,43.1,0,9,0.664,High,0
26.1,86.1,3.4,9.5,4,85.5,0,11,0.006,Low,0
25.6,73.9,4.6,9.2,2,90.3,0,12,0.0,Low,0
25.5,74.4,8.4,0.1,15,57.7,0,11,0.231,Low,0
37.6,25.1,3.7,0.0,5,88.8,1,7,0.993,Critical,1
32.2,49.4,3.3,0.1,16,58.6,1,9,0.957,Critical,1
33.2,48.2,2.3,0.0,5,86.6,1,6,0.969,Critical,1
26.1,95.0,4.0,6.1,2,90.5,1,10,0.034,Low,1
29.0,85.2,9.5,9.0,2,92.0,1,2,0.195,Low,0
30.5,81.6,9.7,17.8,1,95.0,1,12,0.36,Medium,1
32.9,56.9,23.4,0.0,10,74.0,1,9,0.894,Critical,1
28.3,78.6,11.7,47.2,2,91.6,0,3,0.069,Low,0
37.0,40.7,0.9,0.0,12,71.0,1,9,1.0,Critical,0
27.0,81.9,16.2,1.1,23,38.5,0,4,0.29,Low,0
26.7,93.6,8.1,0.2,17,53.3,1,2,0.493,Medium,0
26.2,83.0,19.9,10.0,1,93.1,0,4,0.082,Low,0
31.9,83.6,8.5,13.8,4,88.4,0,2,0.125,Low,0
24.8,69.1,3.9,7.1,0,94.9,1,1,0.184,Low,0
28.0,79.7,2.4,5.4,2,91.5,0,12,0.15,Low,0
28.6,44.7,23.8,0.8,6,81.8,1,8,0.904,Critical,1
29.6,30.9,8.0,0.0,13,64.8,1,6,1.0,Critical,1
27.3,55.8,2.8,0.0,8,76.2,1,7,0.419,Medium,0
25.7,73.0,16.1,20.2,4,85.3,1,10,0.021,Low,0
27.0,78.3,12.1,18.0,4,86.0,1,5,0.131,Low,0
27.3,90.3,9.8,27.5,2,91.2,1,11,0.012,Low,0
29.9,69.7,14.3,20.4,0,95.0,0,3,0.071,Low,0
35.1,41.7,5.0,0.0,11,72.6,1,6,1.0,Critical,1
27.7,76.9,24.4,7.3,4,86.3,0,1,0.122,Low,1
24.0,69.4,8.4,10.7,4,84.5,0,12,0.118,Low,0
28.4,77.8,5.9,8.1,4,86.7,1,1,0.162,Low,1
26.5,89.9,12.7,1.7,6,80.8,1,1,0.262,Low,0
24.5,79.2,7.8,1.9,5,82.3,1,5,0.201,Low,0
32.0,40.1,2.3,3.4,0,95.0,0,6,0.344,Low,1
28.3,72.9,10.8,57.2,3,89.1,0,10,0.083,Low,0
34.7,66.8,8.0,0.0,6,84.9,1,8,0.909,Critical,1
24.8,60.6,8.9,23.1,2,89.9,0,12,0.027,Low,0
30.7,48.1,9.5,0.0,12,67.8,0,9,0.635,High,1
26.7,53.4,17.2,0.0,24,35.9,0,7,0.648,High,0
30.0,78.1,11.2,4.6,1,95.0,0,11,0.119,Low,0
31.2,81.6,6.3,4.6,4,88.1,0,2,0.274,Low,0
25.6,79.1,10.4,27.6,2,90.3,1,10,0.0,Low,0
27.0,68.7,4.9,2.6,2,91.0,0,2,0.115,Low,0
24.0,80.2,8.2,2.1,4,84.5,1,3,0.132,Low,0
26.2,80.2,6.7,24.7,3,88.1,1,4,0.017,Low,0
27.8,70.7,1.6,24.8,2,91.4,0,12,0.0,Low,0
30.5,93.1,2.6,4.6,2,92.8,1,4,0.411,Medium,0
26.9,76.9,8.0,3.3,0,95.0,0,11,0.0,Low,0
32.6,57.6,9.3,0.0,13,66.3,0,6,0.551,High,0
29.7,61.5,9.9,23.7,1,94.8,1,1,0.159,Low,0
31.4,43.2,8.8,0.0,12,68.2,0,7,0.571,High,0
26.5,83.6,4.2,5.1,1,93.3,1,5,0.032,Low,0
28.0,64.5,18.6,21.7,0,95.0,1,5,0.172,Low,0
29.4,80.6,4.5,3.5,2,92.2,1,4,0.146,Low,0
24.0,74.7,1.9,14.6,2,89.5,1,11,0.027,Low,0
24.9,78.4,11.9,4.6,2,90.0,1,2,0.116,Low,0
28.0,72.0,7.8,17.4,1,94.0,0,12,0.0,Low,0
29.8,46.8,4.4,0.4,15,59.9,1,9,0.718,High,0
30.7,42.2,1.2,5.4,2,92.8,0,8,0.424,Medium,0
24.5,83.7,24.1,27.0,0,94.7,0,4,0.088,Low,0
27.0,77.5,14.7,0.7,24,36.0,0,2,0.35,Low,0
30.1,48.4,6.4,1.6,20,47.5,1,9,0.909,Critical,1
31.2,43.4,19.4,8.1,2,93.1,0,8,0.435,Medium,1
29.3,67.5,2.0,2.4,3,89.7,1,3,0.43,Medium,0
27.5,76.7,24.4,10.3,1,93.8,0,11,0.049,Low,0
27.9,87.6,7.4,19.5,2,91.4,0,1,0.0,Low,0
30.0,93.0,9.4,1.7,15,60.0,1,3,0.602,High,1
25.0,57.8,2.2,1.1,14,60.0,0,2,0.253,Low,0
24.0,83.6,5.6,18.5,0,94.5,0,4,0.026,Low,1
31.1,57.2,23.3,1.2,7,80.5,0,7,0.473,Medium,1
29.8,93.5,7.6,0.8,21,44.9,0,11,0.452,Medium,1
28.4,74.7,7.4,7.9,4,86.7,1,2,0.188,Low,0
27.1,78.6,3.8,8.3,0,95.0,0,3,0.0,Low,0
29.3,86.1,43.9,12.1,1,94.6,0,4,0.242,Low,0
26.7,56.0,1.6,15.3,2,90.8,0,12,0.033,Low,0
32.4,54.1,4.4,0.0,6,83.7,1,7,0.855,Critical,1
33.9,49.9,2.8,0.0,11,71.9,0,6,0.835,Critical,1
27.4,85.4,4.7,8.3,3,88.7,0,12,0.0,Low,0
24.6,89.5,8.0,17.6,4,84.8,0,10,0.051,Low,0
30.5,73.0,5.0,16.5,2,92.8,1,12,0.306,Low,0
26.5,80.4,15.1,14.1,2,90.8,0,5,0.0,Low,0
24.0,69.9,2.9,8.4,4,84.5,0,5,0.0,Low,0
26.5,40.4,9.7,0.0,9,73.3,0,8,0.508,Medium,1
24.5,76.2,11.6,14.0,0,94.8,0,5,0.03,Low,0
34.0,47.8,22.3,0.0,11,72.0,1,7,0.961,Critical,1
33.6,52.4,25.1,0.0,17,56.8,1,6,0.895,Critical,1
24.0,69.6,6.0,43.8,2,89.5,0,1,0.066,Low,0
26.2,42.9,7.5,0.0,22,40.6,1,9,0.743,High,1
27.3,74.8,1.5,7.8,4,86.1,1,11,0.0,Low,0
30.6,91.4,12.1,0.7,24,37.8,0,2,0.579,High,1
25.8,89.2,25.2,4.8,0,95.0,1,5,0.192,Low,1
25.7,68.8,16.2,13.1,2,90.4,0,10,0.065,Low,0
25.6,78.5,12.6,3.1,2,90.3,0,11,0.125,Low,0
30.4,83.1,5.8,4.4,0,95.0,1,1,0.35,Low,0
27.1,74.9,12.2,9.8,3,88.5,0,11,0.12,Low,0
24.0,74.4,22.8,73.7,1,92.0,1,1,0.129,Low,0
36.3,42.1,8.5,0.0,5,88.1,0,9,0.611,High,0
30.2,45.5,15.5,0.0,10,72.6,1,8,0.92,Critical,1
28.3,71.6,4.7,67.8,3,89.1,0,3,0.191,Low,0
28.5,58.5,13.6,2.0,3,89.2,0,9,0.188,Low,0
27.6,79.6,2.9,7.4,4,86.3,1,1,0.024,Low,1
30.1,79.6,6.9,4.1,4,87.6,0,4,0.226,Low,0
24.0,90.5,15.4,18.5,2,89.5,1,12,0.083,Low,0
28.4,93.1,13.5,26.9,2,91.7,1,4,0.13,Low,0
29.6,43.4,10.7,0.0,20,47.3,0,7,0.698,High,0
25.1,80.7,5.0,6.2,1,92.6,1,10,0.14,Low,0
26.8,87.1,4.2,15.8,0,95.0,0,10,0.0,Low,0
27.9,82.0,25.0,5.2,4,86.4,0,11,0.234,Low,0
30.8,88.9,4.7,3.5,3,90.4,1,10,0.422,Medium,0
29.1,83.6,8.0,16.9,0,95.0,0,1,0.067,Low,0
28.2,84.7,7.0,30.6,2,91.6,1,12,0.148,Low,0
24.0,82.0,13.0,8.2,4,84.5,1,4,0.047,Low,0
26.8,87.7,3.1,32.7,0,95.0,0,1,0.0,Low,0
28.1,77.7,4.5,13.1,4,86.6,0,5,0.059,Low,0
26.7,62.6,6.1,28.4,1,93.4,0,5,0.006,Low,0
26.6,94.6,1.5,22.4,4,85.8,1,2,0.0,Low,0
30.9,80.7,16.8,21.2,1,95.0,0,4,0.272,Low,0
31.3,68.0,13.9,2.2,4,88.1,0,10,0.385,Medium,1
31.6,33.1,5.0,0.0,9,75.8,0,7,0.669,High,1
28.5,82.8,45.0,8.5,0,95.0,1,11,0.318,Low,0
27.1,33.6,2.0,0.0,23,38.5,0,7,0.599,High,0
30.3,76.1,3.1,0.4,23,40.1,0,6,0.534,Medium,0
35.3,67.6,7.4,0.0,21,47.6,1,9,0.994,Critical,1
24.0,76.4,4.8,26.8,3,87.0,1,2,0.0,Low,0
28.2,46.0,11.6,1.8,6,81.6,0,9,0.446,Medium,0
27.4,85.9,9.8,7.5,0,95.0,1,2,0.015,Low,0
25.1,79.2,19.7,15.6,2,90.1,1,11,0.158,Low,0
30.5,89.4,10.3,15.2,3,90.3,1,10,0.194,Low,0
29.4,48.5,4.4,0.0,8,77.2,1,8,0.813,Critical,1
32.6,55.7,28.9,0.1,20,48.8,1,7,1.0,Critical,1
27.4,77.0,4.1,8.8,2,91.2,0,4,0.063,Low,0
32.1,71.8,22.7,0.2,23,41.1,1,1,0.867,Critical,1
26.4,75.9,11.8,4.7,1,93.2,1,1,0.03,Low,0
29.5,74.4,18.9,0.0,22,42.2,0,8,0.481,Medium,0
27.7,72.8,28.2,1.0,6,81.3,0,5,0.286,Low,0
25.9,89.2,4.0,4.3,0,95.0,0,5,0.052,Low,1
31.2,46.8,19.6,0.4,9,75.6,0,8,0.635,High,1
35.8,45.3,10.0,2.3,1,95.0,1,9,0.933,Critical,1
31.9,29.0,5.3,1.3,11,71.0,1,7,1.0,Critical,1
32.3,51.0,10.5,2.1,4,88.6,0,7,0.478,Medium,1
27.0,79.8,2.5,3.4,1,93.5,1,5,0.124,Low,0
29.8,77.6,2.1,21.9,1,94.9,1,12,0.164,Low,0
29.9,31.2,5.4,1.0,8,77.5,1,6,0.815,Critical,1
26.6,77.3,11.4,6.0,2,90.8,1,4,0.033,Low,0
25.3,75.9,11.9,18.1,4,85.1,0,12,0.0,Low,0
32.0,39.7,3.9,3.9,3,91.0,0,9,0.621,High,1
27.5,80.7,1.4,24.0,3,88.7,1,2,0.007,Low,0
36.4,52.8,0.6,0.0,5,88.2,0,7,0.689,High,0
29.8,91.4,8.0,8.7,1,94.9,0,4,0.063,Low,0
33.2,46.8,20.1,0.0,19,51.6,0,8,0.924,Critical,1
32.5,53.0,14.9,0.0,8,78.7,1,9,0.972,Critical,1
30.2,72.3,11.2,2.7,2,92.6,0,2,0.263,Low,0
29.8,75.9,12.5,3.0,4,87.4,0,1,0.153,Low,0
27.2,80.4,5.7,33.8,2,91.1,0,1,0.0,Low,0
25.0,89.8,7.6,5.3,3,87.5,0,1,0.038,Low,0
25.7,70.6,1.8,3.9,1,92.9,0,3,0.119,Low,0
29.2,85.9,6.6,2.3,3,89.6,1,5,0.34,Low,0
31.7,80.9,23.0,50.7,3,90.8,0,1,0.273,Low,0
24.0,73.3,1.7,18.7,3,87.0,1,3,0.0,Low,0
26.9,83.5,11.0,2.7,0,95.0,1,3,0.123,Low,0
26.6,64.2,18.3,3.7,4,85.8,1,4,0.166,Low,0
27.2,74.9,3.9,22.4,3,88.6,0,5,0.048,Low,1
26.6,77.1,32.0,30.2,2,90.8,0,2,0.081,Low,0
30.2,53.7,6.4,1.9,12,67.6,0,8,0.551,High,1
27.7,69.3,6.8,4.7,3,88.9,0,5,0.161,Low,0
24.0,75.2,3.2,3.9,2,89.5,0,11,0.0,Low,0
30.6,50.7,1.7,0.0,13,65.3,1,9,1.0,Critical,1
31.3,44.8,7.3,0.0,7,80.7,0,9,0.643,High,0
29.4,87.7,16.3,0.9,21,44.7,0,10,0.458,Medium,0
24.0,78.7,12.9,16.6,3,87.0,0,2,0.023,Low,1
24.0,73.7,17.7,6.2,0,94.5,1,1,0.12,Low,0
28.5,89.6,11.5,6.0,3,89.2,0,12,0.169,Low,0
24.2,75.7,10.2,17.7,4,84.6,0,3,0.001,Low,0
34.0,53.0,5.3,2.1,3,92.0,0,6,0.73,High,0
36.5,58.2,19.5,0.0,9,78.3,0,8,0.644,High,1
28.9,80.9,8.1,36.8,3,89.5,0,2,0.078,Low,0
29.7,74.0,16.1,38.7,0,95.0,0,3,0.063,Low,0
27.7,85.8,8.6,26.6,1,93.8,1,12,0.091,Low,0
33.3,48.3,3.9,1.9,7,81.6,0,6,0.612,High,0
29.6,82.3,3.0,22.8,4,87.3,0,10,0.141,Low,0
29.3,77.6,3.6,27.5,3,89.7,1,11,0.185,Low,0
28.1,85.9,5.4,8.3,0,95.0,0,4,0.111,Low,0
27.0,95.0,2.0,6.0,2,91.0,0,10,0.008,Low,0
27.9,65.6,8.7,34.8,4,86.4,0,3,0.0,Low,0
26.7,78.9,20.3,2.5,4,85.8,0,11,0.107,Low,0
31.3,56.2,3.5,0.0,19,50.7,1,7,0.885,Critical,1
35.5,25.0,8.0,1.9,15,62.7,0,9,0.728,High,0
28.9,76.0,21.3,19.2,3,89.5,1,1,0.178,Low,0
27.3,76.8,13.7,3.7,1,93.7,0,2,0.02,Low,0
27.3,81.1,12.3,4.7,4,86.1,1,12,0.096,Low,1
26.0,67.3,6.3,11.7,0,95.0,0,11,0.122,Low,0
29.2,68.6,6.2,33.9,1,94.6,0,5,0.137,Low,0
24.0,62.7,15.6,12.2,1,92.0,0,5,0.088,Low,0
26.5,93.4,7.0,7.2,0,95.0,0,4,0.0,Low,0
27.1,69.1,9.4,24.8,3,88.6,0,5,0.126,Low,0
30.8,84.0,16.6,9.9,3,90.4,0,12,0.19,Low,0
29.2,46.9,19.3,0.7,16,57.1,1,6,1.0,Critical,1
33.0,73.3,12.5,0.0,6,84.0,0,9,0.572,High,1
27.9,75.5,0.5,8.1,2,91.5,0,12,0.0,Low,0
24.1,87.2,18.6,17.7,2,89.5,0,11,0.061,Low,0
28.4,87.0,12.7,13.1,4,86.7,0,4,0.179,Low,0
26.1,74.9,15.7,10.9,2,90.6,0,5,0.027,Low,0
24.0,79.3,1.2,0.4,17,52.0,0,4,0.281,Low,0
28.9,42.1,14.4,0.0,23,39.4,0,6,0.694,High,1
34.0,33.4,27.6,0.0,16,59.5,0,8,0.981,Critical,1
26.6,94.9,5.1,2.0,4,85.8,1,4,0.153,Low,0
27.0,72.8,4.4,17.3,3,88.5,1,5,0.0,Low,1
32.6,51.2,10.2,6.5,4,88.8,1,8,0.553,High,0
28.9,86.1,18.2,13.8,3,89.5,0,11,0.096,Low,0
31.2,49.9,3.3,0.0,19,50.6,1,6,0.996,Critical,1
34.0,35.8,8.8,0.0,16,59.5,1,8,1.0,Critical,1
29.2,68.4,7.0,8.9,2,92.1,0,1,0.105,Low,1
24.6,81.6,9.7,37.8,2,89.8,0,12,0.035,Low,0
28.5,45.1,1.6,3.5,2,91.8,0,7,0.236,Low,0
30.2,83.9,16.9,3.1,2,92.6,0,12,0.302,Low,0
28.2,76.6,4.9,43.3,3,89.1,0,5,0.102,Low,0
24.8,85.7,0.4,31.8,3,87.4,1,11,0.0,Low,0
33.6,33.8,11.4,12.6,2,94.3,1,7,0.879,Critical,1
24.0,75.7,11.5,6.5,3,87.0,0,3,0.056,Low,0
25.1,73.6,14.3,2.9,2,90.0,1,4,0.192,Low,0
25.6,81.4,7.8,14.6,1,92.8,0,5,0.015,Low,0
27.4,68.9,5.6,31.8,3,88.7,0,3,0.086,Low,0
24.2,74.8,12.7,27.9,2,89.6,0,3,0.098,Low,0
25.0,92.0,14.8,14.1,2,90.0,0,3,0.009,Low,0
31.1,25.0,21.5,2.0,10,73.1,0,9,0.716,High,0
26.9,77.5,25.2,9.0,1,93.4,0,11,0.037,Low,0
31.1,33.2,10.3,1.5,13,65.6,0,8,0.643,High,0
29.1,88.0,8.5,29.6,0,95.0,0,12,0.072,Low,0
30.6,61.7,14.1,3.4,3,90.3,1,6,0.478,Medium,1
31.7,76.4,3.2,3.1,0,95.0,0,1,0.271,Low,0
30.8,41.0,6.4,0.4,23,40.4,0,8,0.758,Critical,1
28.6,77.9,6.8,21.7,4,86.8,0,3,0.108,Low,0
28.0,76.1,7.1,6.2,1,94.0,0,5,0.0,Low,0
25.5,79.2,3.2,16.5,2,90.3,0,12,0.0,Low,0
24.0,83.7,6.5,3.3,1,92.0,1,5,0.037,Low,0
24.1,72.4,3.8,8.3,0,94.6,0,12,0.008,Low,0
35.5,57.3,9.1,0.0,14,65.3,1,8,0.97,Critical,1
30.8,64.7,22.7,1.0,14,62.9,0,8,0.531,Medium,0
27.8,84.4,1.3,6.5,0,95.0,0,12,0.0,Low,0
26.2,80.3,21.1,29.2,1,93.1,0,10,0.1,Low,0
32.0,30.0,8.4,0.0,17,56.0,1,8,0.894,Critical,1
30.9,82.9,15.6,1.9,24,38.0,0,4,0.484,Medium,0
26.8,95.0,3.1,4.3,4,85.9,0,1,0.08,Low,0
28.2,83.1,17.8,27.7,1,94.1,0,3,0.157,Low,0
24.7,85.0,4.3,0.2,23,37.4,1,4,0.565,High,1
33.8,50.0,5.7,6.9,3,91.9,0,7,0.54,Medium,0
26.2,85.2,5.8,9.5,3,88.1,0,11,0.05,Low,0
24.2,55.4,12.0,11.9,3,87.1,1,10,0.169,Low,1
30.3,38.0,12.6,0.3,8,77.7,0,7,0.738,High,1
28.1,63.9,3.1,4.8,4,86.6,1,12,0.336,Low,0
29.0,45.9,11.6,0.0,11,69.5,1,7,0.898,Critical,1
28.2,61.1,7.4,7.4,1,94.1,1,2,0.36,Medium,1
29.7,74.7,4.4,3.1,0,95.0,1,8,0.27,Low,1
28.5,68.1,13.3,7.9,1,94.3,1,12,0.331,Low,0
29.2,53.1,8.1,1.3,24,37.1,0,1,0.546,Medium,0
26.5,63.2,3.0,17.7,2,90.7,1,2,0.075,Low,0
33.8,31.0,14.8,3.6,3,91.9,0,7,0.645,High,0
32.8,60.1,23.3,0.0,7,81.4,0,6,0.588,High,0
36.6,50.1,4.5,9.5,4,90.8,1,6,0.658,High,1
32.3,78.4,14.0,6.0,4,88.7,0,3,0.34,Low,0
24.0,72.8,2.0,9.5,3,87.0,0,2,0.052,Low,0
24.0,85.3,6.0,28.2,1,92.0,0,4,0.0,Low,0
35.0,66.8,4.1,0.0,16,60.0,0,7,0.647,High,0
27.9,81.7,5.1,5.0,1,93.9,0,10,0.119,Low,0
32.4,39.1,36.9,2.9,3,91.2,1,6,0.868,Critical,0
30.3,86.4,3.9,10.6,2,92.6,0,12,0.172,Low,0
30.2,74.6,11.1,33.5,2,92.6,0,3,0.167,Low,0
31.5,73.7,7.6,10.3,4,88.3,0,4,0.212,Low,0
27.0,78.3,7.3,73.6,2,91.0,0,3,0.0,Low,0
27.0,79.2,13.7,1.8,5,83.5,0,1,0.161,Low,0
24.7,56.8,4.7,24.9,1,92.3,1,2,0.126,Low,0
27.7,84.5,24.8,4.4,2,91.3,0,5,0.092,Low,0
31.6,39.4,2.8,0.0,6,83.3,1,7,0.934,Critical,1
26.9,77.0,7.2,53.2,2,91.0,0,4,0.0,Low,0
30.1,71.4,13.7,73.6,1,95.0,0,12,0.152,Low,0
34.4,46.3,9.9,0.0,12,69.7,0,9,0.804,Critical,1
32.5,34.7,4.5,0.0,14,63.8,1,7,0.998,Critical,1
25.8,89.6,12.2,2.2,2,90.4,0,1,0.108,Low,0
28.3,56.3,6.6,0.0,14,61.7,1,8,0.625,High,1
25.7,74.4,9.8,48.8,2,90.3,0,12,0.055,Low,0
30.7,81.2,2.9,10.3,1,95.0,1,11,0.308,Low,0
25.6,88.1,28.0,6.7,0,95.0,1,4,0.249,Low,0
25.7,82.9,17.9,9.0,4,85.3,0,11,0.01,Low,0
27.0,72.1,13.5,14.7,1,93.5,1,1,0.052,Low,0
32.3,32.1,8.2,17.5,0,95.0,1,8,0.708,High,0
31.6,38.0,29.6,0.6,18,53.3,0,9,0.902,Critical,1
26.9,76.6,17.8,13.2,0,95.0,1,4,0.047,Low,0
37.3,79.0,12.4,0.8,11,73.7,1,8,0.863,Critical,1
30.3,45.6,16.3,0.0,22,42.7,1,9,0.992,Critical,1
28.7,70.9,3.1,22.9,2,91.9,0,10,0.093,Low,0
33.8,64.4,0.7,0.0,16,59.4,1,9,0.96,Critical,1
28.9,74.4,3.7,0.3,12,67.0,0,1,0.37,Medium,1
29.6,53.9,3.7,0.0,14,62.3,1,9,0.827,Critical,1
24.1,87.1,9.1,13.6,2,89.6,0,5,0.0,Low,1
28.2,76.4,19.4,1.2,23,39.1,0,11,0.42,Medium,1
29.0,45.5,21.6,0.0,21,44.5,0,7,0.632,High,1
27.2,72.2,8.6,11.4,2,91.1,1,1,0.0,Low,0
34.7,49.4,19.9,0.0,7,82.3,0,6,0.731,High,0
24.4,70.8,11.2,19.5,0,94.7,1,1,0.008,Low,0
27.3,76.1,9.2,21.8,4,86.2,0,10,0.079,Low,0
27.5,80.0,28.7,16.3,1,93.7,0,2,0.077,Low,0
28.1,66.6,18.7,21.3,3,89.0,0,2,0.108,Low,0
31.0,65.4,7.1,30.6,3,90.5,0,12,0.332,Low,1
29.1,74.9,11.3,1.0,23,39.5,1,1,0.64,High,0
30.9,54.5,6.2,1.0,10,72.9,0,7,0.493,Medium,0
33.3,51.4,9.1,4.5,2,94.1,0,9,0.461,Medium,1
28.5,72.2,13.5,7.0,1,94.3,1,12,0.229,Low,0
32.0,56.7,6.9,1.3,7,81.0,1,7,0.681,High,1
27.9,77.5,9.7,23.8,2,91.4,1,5,0.0,Low,0
25.4,82.0,15.9,0.9,9,72.7,0,4,0.251,Low,0
25.2,82.4,41.1,4.0,2,90.1,1,4,0.235,Low,0
30.5,59.8,6.3,0.0,10,72.7,1,8,0.716,High,0
26.4,73.1,16.5,1.2,12,65.7,0,10,0.21,Low,0
31.1,73.4,2.5,2.9,4,88.1,1,1,0.4,Medium,1
27.8,71.6,10.8,24.9,3,88.9,0,10,0.0,Low,0
37.5,58.5,5.3,0.0,8,81.2,1,7,0.912,Critical,1
29.7,33.5,8.9,5.1,3,89.9,1,8,0.631,High,0
34.1,35.4,9.4,2.8,2,94.6,1,8,0.977,Critical,1
34.7,41.2,11.0,9.6,4,89.8,0,6,0.414,Medium,0
25.5,74.2,17.2,3.5,4,85.2,0,11,0.0,Low,0
33.4,51.3,5.3,9.2,4,89.2,1,7,0.725,High,1
27.6,66.9,10.6,7.1,1,93.8,1,12,0.074,Low,0
30.7,60.4,16.9,0.0,18,52.9,0,9,0.693,High,1
26.0,74.2,1.1,5.2,0,95.0,0,1,0.005,Low,0
26.4,74.8,7.1,18.9,3,88.2,1,1,0.0,Low,0
24.8,68.9,7.2,0.4,12,64.9,0,10,0.244,Low,0
27.9,68.8,15.4,22.1,4,86.4,1,3,0.129,Low,0
29.1,80.1,9.4,11.1,2,92.0,0,4,0.018,Low,0
24.4,72.3,7.3,2.8,4,84.7,1,3,0.177,Low,1
24.7,71.3,7.1,8.1,2,89.8,0,5,0.0,Low,0
28.3,35.5,8.8,2.4,1,94.1,0,7,0.41,Medium,0
29.3,74.5,6.0,7.5,4,87.2,0,4,0.132,Low,0
26.2,79.7,7.1,10.7,3,88.1,0,3,0.0,Low,0
24.9,77.5,22.1,6.2,2,90.0,1,3,0.178,Low,0
27.8,74.1,16.5,11.5,4,86.4,1,10,0.1,Low,1
24.7,65.5,16.2,8.2,1,92.4,0,11,0.039,Low,0
28.8,88.0,4.2,1.5,14,61.9,0,12,0.281,Low,0
32.6,58.3,23.3,0.0,21,46.3,0,7,0.696,High,0
31.7,55.6,4.1,0.6,22,43.3,0,6,0.574,High,0
32.7,29.2,1.4,0.0,9,76.3,0,8,0.637,High,0
30.1,52.6,12.8,0.0,7,80.1,1,7,0.927,Critical,1
29.6,55.0,21.1,0.0,24,37.3,1,8,0.723,High,1
35.0,55.1,45.0,0.0,24,40.0,0,8,0.864,Critical,1
29.6,80.3,20.6,26.1,4,87.3,1,4,0.215,Low,0
27.5,90.0,3.6,0.9,17,53.7,1,3,0.549,Medium,1
24.0,86.5,11.2,1.0,6,79.5,1,2,0.406,Medium,1
26.3,76.4,2.8,1.5,12,65.7,1,2,0.274,Low,0
26.9,65.9,11.6,1.0,9,73.5,1,5,0.404,Medium,0
33.0,44.9,4.5,0.0,9,76.5,1,8,0.912,Critical,1
31.1,77.9,4.7,46.3,1,95.0,0,12,0.122,Low,0
27.7,35.4,12.7,0.0,23,38.8,1,6,0.923,Critical,1
34.9,33.1,5.0,7.2,2,95.0,0,8,0.587,High,1
35.2,78.7,10.0,0.0,20,50.1,0,9,0.687,High,0
27.3,88.6,4.7,3.3,1,93.7,1,12,0.095,Low,0
33.1,54.1,2.8,0.0,9,76.5,0,9,0.718,High,0
30.1,81.5,2.7,16.8,1,95.0,0,2,0.103,Low,1
24.0,79.8,7.5,42.1,2,89.5,1,11,0.017,Low,0
25.2,47.0,19.6,0.0,7,77.6,0,8,0.52,Medium,0
26.1,40.4,5.0,2.8,1,93.1,1,7,0.327,Low,0
30.4,33.7,44.4,0.0,19,50.2,0,8,0.95,Critical,1
30.1,56.1,20.7,0.0,6,82.5,0,9,0.629,High,0
37.9,52.7,9.5,0.0,24,41.4,0,6,0.815,Critical,1
28.0,66.4,6.9,24.6,0,95.0,1,10,0.192,Low,0
27.2,66.5,5.9,7.1,3,88.6,0,4,0.163,Low,1
24.0,72.2,16.0,29.7,3,87.0,0,11,0.031,Low,0
28.6,45.3,4.2,0.0,6,81.8,0,9,0.46,Medium,0
24.5,72.1,6.7,23.5,0,94.7,1,3,0.001,Low,0
33.6,44.7,11.5,0.5,10,74.3,0,7,0.66,High,0
30.4,62.1,3.7,2.3,4,87.7,0,9,0.25,Low,0
33.8,37.3,8.8,0.0,17,56.9,0,6,0.926,Critical,1
30.4,56.2,8.3,0.0,19,50.2,1,8,0.862,Critical,1
26.2,79.9,13.1,0.9,5,83.1,1,10,0.39,Medium,0
31.0,34.4,3.3,1.3,21,45.5,0,7,0.718,High,1
33.7,37.7,2.4,0.0,10,74.3,0,6,0.767,Critical,0
34.2,33.9,3.4,0.0,13,67.1,1,9,1.0,Critical,1
26.6,87.1,7.1,16.2,0,95.0,1,11,0.0,Low,0
24.3,70.1,11.9,0.9,12,64.6,0,2,0.31,Low,0
27.7,46.2,6.0,6.5,1,93.9,0,7,0.115,Low,0
30.3,35.5,25.2,0.0,18,52.7,0,8,0.913,Critical,1
26.4,86.5,5.6,37.8,4,85.7,0,11,0.05,Low,0
27.8,77.7,13.3,0.0,7,78.9,1,8,0.455,Medium,0
29.2,80.4,3.7,18.9,1,94.6,0,11,0.044,Low,0
34.7,65.7,2.5,1.4,22,44.8,0,9,0.689,High,1
28.5,84.0,8.5,29.1,2,91.8,1,1,0.109,Low,0
24.5,80.2,10.9,2.6,2,89.8,0,10,0.162,Low,0
33.0,47.1,6.1,0.6,13,66.5,1,8,1.0,Critical,1
27.9,79.4,4.5,2.2,2,91.5,0,10,0.176,Low,0
32.7,41.0,6.8,0.2,19,51.4,1,8,0.993,Critical,1
26.3,75.0,4.2,6.5,4,85.7,0,10,0.081,Low,0
37.0,68.8,3.3,0.0,6,86.0,1,6,0.83,Critical,1
27.7,85.3,8.1,2.7,0,95.0,1,11,0.088,Low,0
30.7,78.8,6.0,5.0,4,87.9,0,3,0.331,Low,0
26.1,77.6,16.4,14.2,4,85.5,1,10,0.034,Low,0
29.0,72.5,15.2,16.7,2,92.0,0,1,0.079,Low,1
28.6,69.0,7.7,0.3,10,71.8,0,3,0.438,Medium,1
26.8,84.1,2.9,7.3,2,90.9,1,1,0.083,Low,0
24.6,90.9,2.9,9.5,2,89.8,1,11,0.0,Low,1
32.8,49.6,3.1,0.3,13,66.4,0,9,0.745,High,1
24.0,87.4,10.4,3.1,1,92.0,0,4,0.005,Low,0
28.6,54.8,2.1,0.0,5,84.3,1,9,0.672,High,0
32.1,68.9,28.9,0.0,13,66.1,1,6,0.887,Critical,1
24.7,83.1,7.7,0.0,24,34.8,0,4,0.338,Low,0
28.3,75.0,17.3,5.9,3,89.1,1,2,0.254,Low,0
28.0,74.8,13.7,57.9,0,95.0,0,5,0.047,Low,1
31.1,71.1,16.5,5.8,4,88.1,0,9,0.3,Low,0
24.0,66.0,8.9,16.4,1,92.0,0,10,0.017,Low,0
34.3,35.3,5.8,4.0,3,92.2,0,9,0.552,High,0
34.2,39.9,5.1,0.6,14,64.6,1,7,1.0,Critical,1
36.5,82.4,15.6,0.0,10,75.8,1,7,0.839,Critical,1
25.2,72.0,14.8,11.8,1,92.6,0,10,0.0,Low,1
25.8,78.1,9.0,7.9,4,85.4,0,2,0.083,Low,0
25.3,72.5,8.6,70.3,2,90.1,0,4,0.036,Low,0
29.0,85.4,9.4,16.1,3,89.5,1,4,0.106,Low,0
27.3,65.0,10.6,13.8,4,86.2,0,3,0.068,Low,0
24.6,68.4,1.3,14.4,4,84.8,0,4,0.002,Low,0
29.3,85.3,6.3,22.7,0,95.0,0,1,0.102,Low,0
30.9,62.4,4.2,0.0,22,42.9,1,9,0.837,Critical,1
27.6,85.2,8.7,8.9,1,93.8,1,11,0.06,Low,1
29.7,53.1,7.7,3.2,2,92.3,0,8,0.306,Low,0
25.5,80.3,40.6,8.7,4,85.2,0,2,0.152,Low,0
28.6,76.4,5.5,7.6,1,94.3,0,5,0.21,Low,0
29.6,86.8,7.2,0.4,19,49.8,0,11,0.357,Medium,0
25.6,75.1,9.9,29.5,4,85.3,1,5,0.01,Low,0
31.3,51.4,4.1,0.0,5,85.7,1,6,0.798,Critical,1
26.0,85.4,2.6,28.9,1,93.0,0,10,0.0,Low,0
24.0,63.8,11.3,35.1,0,94.5,0,11,0.103,Low,0
24.0,61.5,22.8,1.2,16,54.5,1,1,0.604,High,1
29.2,69.0,5.8,0.0,14,62.1,1,8,0.641,High,1
27.6,49.1,9.1,0.5,14,61.3,0,8,0.48,Medium,1
29.6,81.8,17.1,4.2,4,87.3,0,2,0.196,Low,0
26.9,65.1,14.2,3.5,2,90.9,0,12,0.201,Low,0
26.7,85.0,11.4,2.3,2,90.9,0,1,0.185,Low,0
25.9,71.7,5.3,18.9,2,90.4,0,3,0.0,Low,0
24.0,70.0,32.5,14.3,3,87.0,0,2,0.097,Low,0
33.7,55.4,18.0,2.7,3,91.9,1,9,0.871,Critical,1
27.6,35.4,7.1,0.0,6,81.3,0,8,0.513,Medium,0
26.5,87.6,7.1,7.3,2,90.8,1,1,0.076,Low,0
25.2,79.8,18.6,20.3,0,95.0,1,2,0.16,Low,0
35.0,45.7,6.4,0.0,11,72.5,0,7,0.736,High,0
26.9,88.7,3.2,5.4,4,86.0,1,11,0.023,Low,0
33.9,42.6,8.2,3.2,1,95.0,1,6,0.733,High,1
25.5,81.0,7.7,39.7,3,87.7,1,4,0.0,Low,0
26.5,87.1,5.3,4.1,3,88.2,1,5,0.113,Low,0
26.3,88.1,11.6,11.7,2,90.6,1,1,0.118,Low,0
26.7,73.4,5.2,9.7,2,90.8,1,3,0.069,Low,0
27.8,85.6,11.4,1.6,23,38.9,1,2,0.44,Medium,1
24.7,77.6,5.8,15.6,3,87.4,1,11,0.098,Low,0
32.1,56.3,2.4,2.4,0,95.0,0,6,0.333,Low,0
28.0,78.5,1.3,1.4,22,41.5,0,11,0.257,Low,0
28.1,46.4,17.5,0.0,21,44.0,0,9,0.584,High,1
26.0,70.7,13.7,1.3,5,83.0,1,1,0.138,Low,0
32.1,46.7,11.2,0.0,14,63.5,0,8,0.658,High,1
26.0,76.9,6.0,1.6,14,60.5,0,10,0.209,Low,0
25.2,73.0,1.4,2.7,0,95.0,0,10,0.114,Low,1
29.4,37.7,35.3,0.2,12,67.2,0,6,0.749,High,1
24.5,75.3,12.1,25.8,1,92.3,1,11,0.052,Low,0
26.9,82.9,9.2,16.0,4,85.9,1,2,0.0,Low,0
33.3,52.2,10.1,12.3,3,91.7,0,8,0.527,Medium,1
25.1,73.0,5.0,3.8,0,95.0,0,5,0.021,Low,0
27.7,77.1,8.6,14.3,3,88.8,0,11,0.0,Low,0
25.1,81.2,8.2,9.1,1,92.5,0,1,0.001,Low,1
29.4,72.0,5.6,4.7,2,92.2,0,4,0.143,Low,0
29.6,76.3,5.3,16.3,4,87.3,1,12,0.233,Low,1
25.8,78.4,11.4,7.9,1,92.9,0,4,0.103,Low,0
32.6,89.2,5.9,46.9,1,95.0,1,4,0.323,Low,0
24.5,80.6,9.3,29.6,2,89.7,0,1,0.023,Low,0
31.7,60.5,5.7,0.0,7,80.9,1,8,0.755,Critical,0
32.0,44.6,7.3,3.7,3,91.0,0,8,0.456,Medium,0
27.6,75.2,18.0,11.0,2,91.3,0,5,0.061,Low,0
25.8,78.7,1.9,7.6,2,90.4,1,12,0.062,Low,0
29.4,73.6,45.0,4.1,2,92.2,0,11,0.241,Low,0
31.5,84.0,7.8,52.2,0,95.0,0,2,0.13,Low,0
32.3,47.9,24.8,0.0,19,51.2,1,9,0.971,Critical,0
34.4,28.0,6.0,0.0,9,77.2,0,6,0.821,Critical,1
24.9,78.1,2.9,5.4,2,90.0,1,4,0.126,Low,0
27.3,67.0,14.8,3.4,1,93.6,1,12,0.24,Low,0
30.0,73.3,4.3,59.7,0,95.0,1,4,0.124,Low,0
28.7,95.0,27.3,26.7,1,94.4,0,10,0.252,Low,0
24.7,76.5,4.4,78.9,1,92.4,0,5,0.0,Low,0
28.4,74.7,4.5,1.7,19,49.2,0,5,0.446,Medium,1
26.2,74.7,30.4,2.6,0,95.0,0,3,0.152,Low,0
28.8,69.8,8.8,12.0,1,94.4,0,4,0.133,Low,0
26.2,82.7,4.3,34.0,3,88.1,0,11,0.056,Low,0
33.2,44.0,11.2,0.0,13,66.6,0,7,0.829,Critical,1
28.6,62.1,7.0,9.8,4,86.8,1,5,0.263,Low,0
24.0,72.5,5.0,42.4,3,87.0,1,3,0.1,Low,0
28.9,80.3,1.9,71.4,4,87.0,1,10,0.089,Low,0
24.9,81.3,17.4,13.7,2,90.0,0,3,0.065,Low,1
32.6,36.6,8.8,0.0,8,78.8,1,6,1.0,Critical,1
26.8,87.8,13.0,2.6,4,85.9,0,12,0.15,Low,0
28.3,46.3,4.2,5.0,2,91.6,1,7,0.441,Medium,0
27.1,66.4,4.0,7.2,0,95.0,0,1,0.098,Low,0
34.5,48.9,6.1,0.0,18,54.7,0,7,0.752,Critical,1
29.6,95.0,14.1,5.2,2,92.3,0,4,0.185,Low,0
34.2,48.9,12.4,1.0,6,84.6,0,7,0.757,Critical,1
30.3,83.7,18.3,6.1,0,95.0,0,10,0.25,Low,0
29.8,61.7,6.8,0.0,11,69.9,0,6,0.455,Medium,0
30.0,74.8,6.4,1.7,10,72.5,0,12,0.348,Low,0
33.1,58.9,10.8,0.0,24,39.1,0,6,0.65,High,1
28.8,83.3,5.4,9.7,1,94.4,1,4,0.195,Low,0
35.3,60.4,11.9,0.0,22,45.2,1,7,1.0,Critical,1
33.7,60.1,19.0,2.6,2,94.4,0,9,0.467,Medium,0
26.1,95.0,6.4,2.3,0,95.0,0,2,0.098,Low,0
25.6,75.4,10.1,2.4,1,92.8,0,12,0.074,Low,0
30.7,36.4,8.0,1.4,9,75.3,0,8,0.61,High,0
28.8,68.7,8.2,7.1,4,86.9,1,10,0.283,Low,0
26.6,89.3,16.3,7.2,0,95.0,1,4,0.053,Low,0
26.9,76.0,6.6,10.5,2,90.9,0,2,0.0,Low,0
25.6,68.6,5.1,2.4,1,92.8,0,4,0.142,Low,0
24.3,95.0,1.5,30.3,4,84.6,0,11,0.0,Low,0
33.5,59.6,5.5,0.0,5,86.7,1,7,0.833,Critical,1
32.3,50.6,3.6,0.1,6,83.6,0,8,0.649,High,1
28.2,64.4,14.9,5.9,3,89.1,0,1,0.187,Low,0
28.1,74.3,14.6,4.8,2,91.6,0,10,0.271,Low,0
28.0,60.6,9.2,69.6,4,86.5,1,1,0.131,Low,0
26.7,81.1,5.9,13.1,4,85.9,1,1,0.039,Low,0
26.7,80.4,10.7,7.2,0,95.0,1,5,0.062,Low,0
24.6,81.3,3.4,6.2,2,89.8,0,10,0.152,Low,0
28.6,76.7,24.2,10.4,1,94.3,0,12,0.199,Low,0
24.0,81.1,0.6,0.8,6,79.5,1,12,0.494,Medium,1
29.0,77.2,4.9,2.6,3,89.5,0,3,0.2,Low,0
35.6,47.1,15.2,0.0,7,82.8,0,9,0.739,High,1
26.2,70.2,0.3,12.1,3,88.1,0,1,0.051,Low,0
24.6,80.1,11.9,17.4,4,84.8,0,5,0.0,Low,0
28.7,86.5,6.5,8.9,3,89.4,0,5,0.123,Low,0
32.2,41.1,12.4,0.4,18,53.6,1,7,1.0,Critical,1
34.4,35.1,2.3,1.1,22,44.7,0,7,0.796,Critical,1
29.0,61.1,2.1,0.0,5,84.5,1,8,0.524,Medium,0
31.3,34.0,30.9,4.9,3,90.6,0,9,0.588,High,1
28.7,70.5,3.4,10.4,3,89.4,0,2,0.102,Low,0
32.8,49.1,25.1,0.0,9,76.4,0,6,0.58,High,0
37.2,51.3,18.5,6.5,2,95.0,1,8,0.773,Critical,1
25.9,80.5,7.9,22.3,4,85.4,0,5,0.0,Low,0
27.6,86.9,1.9,48.4,3,88.8,0,5,0.087,Low,0
26.8,79.1,3.4,9.2,0,95.0,0,10,0.0,Low,0
24.0,84.4,10.5,2.5,3,87.0,0,4,0.055,Low,0
31.5,39.9,7.4,0.0,19,50.8,0,6,0.837,Critical,1
24.7,90.6,7.6,10.7,3,87.3,0,12,0.006,Low,1
25.2,95.0,2.5,3.5,4,85.1,1,4,0.001,Low,0
26.8,94.3,1.6,4.9,1,93.4,1,1,0.019,Low,0
30.3,89.0,3.3,36.2,4,87.6,0,12,0.277,Low,0
25.5,95.0,10.6,11.4,2,90.3,0,1,0.0,Low,0
30.2,45.2,9.1,0.0,9,75.1,1,9,0.873,Critical,1
27.3,67.5,6.1,15.9,1,93.7,0,1,0.03,Low,0
28.5,85.2,8.2,10.7,0,95.0,0,12,0.14,Low,0
30.0,63.5,12.7,0.2,9,75.0,0,7,0.523,Medium,0
24.7,81.0,9.9,1.0,11,67.3,1,10,0.302,Low,0
24.0,93.5,6.7,22.7,1,92.0,0,11,0.059,Low,0
28.3,87.4,5.0,14.8,3,89.2,1,1,0.072,Low,0
25.8,83.2,10.6,49.3,4,85.4,1,4,0.035,Low,0
25.6,83.1,2.4,60.6,0,95.0,0,12,0.042,Low,0
27.5,76.6,2.3,20.3,1,93.7,1,12,0.035,Low,0
29.3,72.7,9.8,0.0,12,67.1,0,7,0.336,Low,0
25.2,77.9,4.3,9.5,4,85.1,0,12,0.0,Low,0
33.7,51.7,16.7,0.0,19,51.8,0,8,0.83,Critical,0
29.5,69.2,17.2,16.1,0,95.0,0,11,0.189,Low,0
26.8,77.5,16.9,50.4,0,95.0,1,4,0.057,Low,0
25.2,74.9,15.4,2.2,4,85.1,0,1,0.179,Low,0
36.6,57.4,2.4,0.0,24,40.8,1,7,0.935,Critical,1
31.0,25.7,8.3,0.0,20,48.0,0,6,0.756,Critical,1
26.2,79.7,14.3,51.1,4,85.6,1,11,0.105,Low,1
35.2,44.0,19.4,0.0,5,87.6,1,8,0.896,Critical,1
27.7,73.0,14.2,4.6,2,91.4,1,5,0.186,Low,0
29.8,81.3,7.6,0.5,23,39.9,0,5,0.516,Medium,1
27.3,69.8,1.0,25.5,2,91.1,0,2,0.0,Low,0
28.8,73.8,2.4,33.9,2,91.9,0,3,0.066,Low,0
26.3,93.1,7.4,3.9,2,90.7,0,5,0.07,Low,0
26.9,75.0,10.9,5.8,2,90.9,1,1,0.145,Low,0
28.8,76.5,18.4,1.8,8,76.9,1,11,0.461,Medium,0
32.9,35.9,26.1,0.0,13,66.4,1,8,0.997,Critical,1
30.3,66.4,5.9,1.2,23,40.2,0,1,0.469,Medium,1
28.4,72.1,1.5,25.5,3,89.2,0,10,0.127,Low,0
25.5,93.4,8.7,0.0,17,52.7,0,4,0.324,Low,0
35.7,42.9,16.4,0.0,6,85.3,0,9,0.731,High,1
27.1,71.2,8.7,12.4,3,88.5,1,2,0.008,Low,0
29.8,73.0,2.3,15.2,3,89.9,1,1,0.153,Low,0
28.5,75.5,2.3,5.0,4,86.8,1,12,0.22,Low,0
28.3,72.0,11.9,8.4,2,91.7,1,11,0.104,Low,0
26.1,74.4,1.4,4.6,0,95.0,1,10,0.124,Low,0
27.4,75.2,2.4,2.4,3,88.7,1,3,0.256,Low,1
32.1,50.7,7.0,0.0,17,56.0,0,7,0.622,High,0
27.2,74.8,12.0,3.7,3,88.6,0,5,0.109,Low,0
27.9,76.5,5.9,8.4,2,91.5,1,3,0.0,Low,0
26.8,77.7,3.5,6.1,1,93.4,0,2,0.033,Low,0
33.6,34.0,4.1,5.3,4,89.3,1,7,0.891,Critical,1
26.5,74.6,11.4,7.4,1,93.2,1,2,0.09,Low,0
27.4,73.4,6.6,0.3,17,53.7,1,12,0.58,High,0
33.2,57.0,12.4,0.0,19,51.6,0,6,0.778,Critical,1
27.1,73.6,6.4,6.4,4,86.1,1,3,0.05,Low,0
27.3,83.8,7.8,3.9,0,95.0,0,12,0.073,Low,0
29.9,63.5,8.9,17.2,3,89.9,1,12,0.243,Low,0
27.3,87.2,16.0,20.8,2,91.2,0,10,0.056,Low,0
24.7,73.2,6.0,8.3,1,92.4,0,1,0.049,Low,0
26.5,89.2,9.6,8.3,1,93.3,1,1,0.0,Low,0
25.4,81.9,11.1,10.4,2,90.2,1,3,0.044,Low,0
26.6,72.2,3.8,0.0,22,40.8,0,5,0.468,Medium,0
27.8,79.7,6.3,1.4,15,58.9,0,3,0.175,Low,0
27.1,90.6,18.4,34.4,0,95.0,0,4,0.126,Low,0
25.6,70.7,7.4,46.1,2,90.3,0,10,0.0,Low,0
28.8,61.7,14.5,0.0,24,36.9,1,6,0.821,Critical,1
27.3,79.5,26.0,1.0,23,38.7,1,10,0.719,High,1
31.3,33.1,3.8,0.0,19,50.7,1,6,1.0,Critical,0
32.1,70.2,8.4,1.1,16,58.5,1,7,0.674,High,1
28.3,75.3,17.1,24.4,1,94.1,1,5,0.211,Low,0
31.4,52.5,5.5,0.0,5,85.7,1,9,0.904,Critical,1
31.9,50.1,26.9,5.3,2,93.5,1,8,0.788,Critical,1
29.5,92.7,0.5,4.8,0,95.0,0,10,0.151,Low,0
26.4,75.8,8.7,6.2,2,90.7,0,4,0.0,Low,1
28.5,93.0,18.1,23.0,4,86.7,1,5,0.313,Low,0
30.2,82.2,23.2,10.6,2,92.6,1,1,0.471,Medium,0
28.0,81.3,5.3,19.0,1,94.0,0,5,0.0,Low,0
24.5,84.0,9.4,3.6,4,84.8,0,1,0.034,Low,0
28.4,75.1,10.6,1.3,14,61.7,0,1,0.329,Low,0
30.7,80.5,4.3,19.3,2,92.9,1,12,0.328,Low,0
24.0,84.3,16.1,23.1,4,84.5,0,4,0.039,Low,0
28.4,73.3,12.1,32.0,0,95.0,1,10,0.206,Low,0
30.2,43.7,9.2,0.0,13,65.1,1,6,1.0,Critical,1
25.3,64.4,6.1,7.3,1,92.6,0,3,0.0,Low,0
24.1,79.4,2.3,6.2,2,89.6,1,2,0.081,Low,0
25.9,88.3,2.7,64.8,3,88.0,0,5,0.027,Low,0
28.4,85.4,8.5,11.8,2,91.7,0,2,0.125,Low,0
26.3,38.1,9.0,0.0,7,78.2,1,8,0.894,Critical,0
34.2,42.9,11.4,0.8,17,57.1,1,6,1.0,Critical,1
26.9,78.2,10.1,0.1,5,83.4,0,11,0.159,Low,0
29.0,85.1,8.7,41.5,2,92.0,1,1,0.157,Low,0
25.2,71.6,3.8,6.0,4,85.1,0,3,0.045,Low,0
29.1,73.3,10.4,44.8,2,92.1,1,1,0.147,Low,0
25.1,77.8,9.7,6.0,3,87.5,1,2,0.0,Low,1
26.6,78.7,8.1,8.6,3,88.3,1,4,0.0,Low,0
33.9,60.9,4.6,0.0,11,71.9,0,9,0.63,High,1
29.6,89.8,16.4,0.9,5,84.8,0,4,0.301,Low,0
35.3,48.7,11.4,0.2,22,45.1,0,9,0.821,Critical,1
28.2,80.1,9.8,35.7,4,86.6,0,12,0.094,Low,0
26.4,81.4,0.9,6.4,1,93.2,0,12,0.069,Low,0
27.6,87.3,5.3,5.3,3,88.8,0,4,0.017,Low,0
34.5,31.1,6.4,0.0,23,42.2,0,6,0.944,Critical,0
30.1,61.7,5.0,0.0,20,47.5,0,8,0.681,High,1
24.0,70.0,8.9,1.6,18,49.5,0,3,0.323,Low,0
24.2,76.2,13.9,1.9,9,72.1,1,5,0.195,Low,0
30.8,35.5,4.7,4.9,2,92.9,0,7,0.506,Medium,1
30.6,65.7,19.2,13.8,2,92.8,1,11,0.519,Medium,0
28.1,68.9,4.2,15.9,0,95.0,0,2,0.04,Low,0
24.0,79.3,9.0,16.7,3,87.0,1,4,0.0,Low,1
28.9,88.0,7.8,4.8,4,86.9,0,5,0.228,Low,0
33.0,66.2,19.0,0.0,18,54.0,1,6,0.945,Critical,1
31.4,42.1,12.1,0.0,12,68.2,0,8,0.721,High,1
35.5,51.1,8.7,0.0,7,82.7,1,8,0.964,Critical,1
29.8,76.2,4.8,7.7,4,87.4,0,12,0.067,Low,0
30.0,75.8,6.4,12.7,3,90.0,0,2,0.107,Low,1
29.4,70.9,9.6,4.5,3,89.7,0,2,0.109,Low,0
31.9,73.4,12.1,12.4,2,93.4,1,4,0.362,Medium,0
28.5,87.4,10.5,13.4,4,86.8,1,12,0.12,Low,0
32.0,54.1,6.0,0.0,21,46.0,1,9,1.0,Critical,1
25.2,84.3,16.3,10.2,1,92.6,1,12,0.0,Low,0
30.1,54.2,5.8,0.0,10,72.6,1,8,0.867,Critical,1
29.7,71.0,18.8,6.0,0,95.0,1,10,0.311,Low,0
30.6,54.3,13.7,0.0,5,85.3,0,6,0.582,High,1
27.0,80.4,31.8,13.1,1,93.5,0,10,0.0,Low,1
27.2,92.8,1.7,23.0,3,88.6,0,5,0.0,Low,0
27.8,83.1,10.2,27.7,1,93.9,0,12,0.0,Low,1
33.4,35.3,18.3,1.3,22,44.2,0,7,0.936,Critical,1
24.4,84.4,2.8,23.6,4,84.7,0,2,0.0,Low,0
27.7,75.9,2.4,8.8,3,88.8,1,5,0.0,Low,0
27.1,79.1,2.9,15.7,0,95.0,1,12,0.0,Low,0
25.4,71.0,14.3,7.6,0,95.0,0,11,0.069,Low,0
27.5,68.9,1.2,19.8,4,86.2,1,2,0.061,Low,0
28.1,86.2,2.2,9.6,2,91.5,1,2,0.124,Low,1
35.8,70.1,9.3,0.0,16,60.4,0,9,0.629,High,1
26.3,73.2,6.1,5.0,2,90.7,0,10,0.075,Low,0
29.2,32.0,1.4,1.5,5,84.6,0,7,0.386,Medium,1
27.8,88.3,14.8,18.4,3,88.9,1,4,0.0,Low,0
27.1,89.2,4.8,11.8,2,91.1,1,2,0.0,Low,0
24.2,72.2,8.4,5.9,2,89.6,0,1,0.032,Low,0
28.3,90.6,5.9,41.1,4,86.6,1,11,0.157,Low,0
35.4,62.5,6.3,0.0,18,55.2,0,6,0.69,High,0
34.2,33.5,9.4,0.0,12,69.6,0,6,0.785,Critical,1
27.2,80.8,12.2,41.2,3,88.6,0,3,0.07,Low,1
30.9,28.1,30.8,5.9,1,95.0,1,7,0.921,Critical,1
33.9,42.2,8.5,0.0,9,77.0,0,7,0.701,High,0
27.3,85.6,5.6,0.9,9,73.7,1,5,0.373,Medium,1
30.3,71.8,6.0,0.0,13,65.1,0,8,0.513,Medium,1
33.1,26.9,9.7,0.0,7,81.5,0,6,0.783,Critical,1
28.3,79.3,1.2,18.2,2,91.6,1,5,0.162,Low,0
27.6,81.2,8.4,28.0,1,93.8,1,12,0.189,Low,0
26.6,78.1,20.0,14.2,1,93.3,0,12,0.09,Low,0
27.1,81.0,20.0,12.4,0,95.0,1,2,0.214,Low,0
28.8,78.1,1.9,82.2,3,89.4,1,1,0.166,Low,0
26.3,80.8,20.4,30.7,2,90.6,1,2,0.174,Low,0
26.7,43.3,19.4,0.0,13,63.3,1,7,0.783,Critical,0
35.2,52.8,10.2,0.0,14,65.1,1,8,0.993,Critical,1
26.1,76.6,2.0,3.4,3,88.1,1,5,0.069,Low,0
27.4,67.5,12.1,5.8,2,91.2,1,2,0.204,Low,0
29.1,78.0,13.2,28.0,3,89.6,1,3,0.238,Low,0
28.1,77.0,7.8,15.0,1,94.1,1,12,0.106,Low,0
32.0,58.7,4.4,0.0,18,53.5,1,7,0.933,Critical,1
27.6,71.4,9.2,29.6,3,88.8,1,12,0.035,Low,1
30.8,63.6,34.1,0.0,8,77.9,1,9,0.936,Critical,1
27.8,76.7,1.8,16.7,1,93.9,1,11,0.0,Low,0
32.5,40.1,22.0,0.0,19,51.2,1,6,1.0,Critical,0
25.7,80.5,7.8,0.9,15,57.9,0,1,0.277,Low,0
27.7,82.6,12.9,13.5,4,86.4,1,12,0.127,Low,0
32.5,36.6,5.0,12.3,0,95.0,0,9,0.49,Medium,0
28.6,35.8,5.2,8.2,3,89.3,0,6,0.304,Low,0
28.6,82.9,12.2,2.4,0,95.0,0,12,0.348,Low,0
31.2,52.6,6.4,1.8,14,63.1,0,8,0.55,Medium,1
29.4,68.5,1.4,28.7,1,94.7,1,10,0.274,Low,0
32.1,74.5,2.1,4.0,4,88.6,1,11,0.421,Medium,0
27.7,65.4,17.1,5.4,1,93.9,0,12,0.063,Low,0
24.7,84.0,9.9,30.0,0,94.9,0,11,0.016,Low,0
31.1,41.4,5.3,0.0,21,45.6,0,9,0.75,Critical,1
33.9,41.8,11.7,0.0,20,49.5,0,7,0.818,Critical,1
25.1,74.5,1.9,12.2,1,92.5,0,11,0.0,Low,0
28.4,79.5,9.8,24.8,4,86.7,1,5,0.124,Low,0
26.3,84.2,7.7,0.5,24,35.7,0,3,0.332,Low,0
29.4,73.2,7.6,22.1,2,92.2,0,5,0.054,Low,1
29.9,64.7,8.9,21.5,2,92.5,1,2,0.168,Low,0
27.8,67.3,9.7,29.5,0,95.0,0,12,0.1,Low,0
33.1,50.3,9.9,0.0,15,61.6,1,9,1.0,Critical,1
27.0,76.4,12.7,3.3,2,91.0,0,1,0.064,Low,0
29.2,77.3,7.5,3.6,0,95.0,1,10,0.2,Low,0
26.4,74.6,10.7,17.0,4,85.7,0,10,0.0,Low,0
29.6,88.4,12.6,2.9,0,95.0,0,11,0.219,Low,0
35.4,39.7,2.5,4.0,3,92.7,0,9,0.55,Medium,1
25.8,75.7,10.5,6.2,2,90.4,0,5,0.059,Low,1
24.9,72.4,4.0,0.7,14,59.9,1,4,0.434,Medium,0
24.0,70.6,5.2,17.8,4,84.5,0,5,0.0,Low,0
25.1,89.8,8.8,0.7,15,57.6,1,3,0.495,Medium,0
25.1,88.8,3.3,15.4,0,95.0,0,4,0.026,Low,0
25.0,30.4,8.9,2.5,1,92.5,0,9,0.4,Medium,1
32.0,58.9,12.6,4.9,0,95.0,0,8,0.305,Low,0
28.9,82.7,8.1,8.7,1,94.5,0,12,0.148,Low,1
27.3,71.1,10.4,17.0,1,93.7,0,12,0.0,Low,0
30.4,74.7,8.1,38.0,3,90.2,0,4,0.266,Low,0
25.2,75.8,1.4,9.4,3,87.6,0,11,0.0,Low,0
29.4,35.1,3.3,1.2,23,39.7,1,7,0.927,Critical,1
28.2,71.4,12.3,3.0,4,86.6,1,3,0.213,Low,0
27.4,73.0,6.5,7.0,2,91.2,1,4,0.086,Low,0
25.7,81.9,14.3,19.0,3,87.8,1,2,0.066,Low,0
25.6,70.3,12.8,4.6,3,87.8,0,1,0.033,Low,0
28.4,82.9,2.6,4.0,4,86.7,0,1,0.136,Low,0
29.1,71.7,10.0,3.0,4,87.0,0,10,0.222,Low,0
25.9,69.8,5.3,10.8,3,87.9,1,12,0.068,Low,0
24.9,73.2,7.7,12.2,2,90.0,0,5,0.048,Low,0
28.4,68.7,5.0,40.8,3,89.2,0,3,0.024,Low,0
27.8,76.0,17.8,22.5,4,86.4,0,2,0.04,Low,0
26.1,94.4,3.8,14.1,4,85.6,1,4,0.0,Low,0
28.4,28.4,3.2,0.0,10,71.7,0,7,0.595,High,1
26.1,47.6,9.6,0.0,10,70.5,0,9,0.493,Medium,0
27.1,79.5,9.0,8.5,3,88.6,0,5,0.073,Low,1
32.4,52.6,6.7,0.0,14,63.7,0,9,0.633,High,1
25.0,78.1,8.0,4.8,1,92.5,0,1,0.112,Low,0
31.7,60.4,8.1,0.0,20,48.4,1,6,0.857,Critical,1
29.5,73.6,7.4,26.7,2,92.3,0,3,0.206,Low,0
27.3,80.8,11.2,0.7,20,46.2,1,1,0.511,Medium,1
27.3,68.4,4.3,24.4,4,86.2,0,11,0.089,Low,0
28.7,37.8,4.9,0.0,15,59.4,1,7,0.965,Critical,1
31.3,36.1,13.2,4.2,1,95.0,1,8,0.786,Critical,1
33.0,59.4,1.6,1.1,14,64.0,0,9,0.583,High,1
25.3,78.9,12.0,11.1,2,90.2,0,3,0.0,Low,0
32.1,87.0,18.2,46.9,3,91.1,0,5,0.311,Low,0
28.3,83.3,10.4,5.7,0,95.0,1,12,0.226,Low,0
31.4,45.2,4.5,0.2,19,50.7,0,8,0.749,High,0
30.4,62.9,8.4,0.0,10,72.7,1,6,0.645,High,1
27.6,66.9,17.1,0.0,22,41.3,0,11,0.35,Medium,0
29.3,74.6,9.9,15.3,4,87.2,0,3,0.097,Low,0
33.7,40.5,1.2,0.0,9,76.8,0,6,0.721,High,0
33.0,64.7,20.1,1.4,15,61.5,0,8,0.486,Medium,0
25.8,81.7,16.9,12.7,0,95.0,0,10,0.064,Low,0
33.4,64.9,11.1,1.6,13,66.7,1,6,0.845,Critical,1
27.9,86.1,11.2,12.9,0,95.0,0,1,0.0,Low,0
25.9,69.7,4.0,16.2,1,92.9,0,5,0.018,Low,0
31.0,41.8,10.5,1.3,6,83.0,1,6,0.696,High,0
24.0,72.8,15.2,7.7,4,84.5,1,11,0.158,Low,0
26.4,71.8,3.4,11.9,3,88.2,1,11,0.0,Low,0
28.5,47.6,8.0,0.0,7,79.2,0,7,0.426,Medium,0
27.7,95.0,5.6,12.8,0,95.0,1,12,0.012,Low,1
34.1,54.6,1.2,0.0,10,74.6,1,9,1.0,Critical,1
28.8,90.5,14.5,57.2,3,89.4,0,10,0.236,Low,0
28.5,76.0,8.5,23.9,0,95.0,0,1,0.143,Low,0
28.3,80.3,17.9,8.1,2,91.7,0,4,0.045,Low,0
27.4,51.0,8.9,0.0,19,48.7,0,6,0.55,High,1
33.8,77.5,20.4,0.0,5,86.9,1,6,0.873,Critical,1
25.9,75.3,12.0,19.2,1,92.9,1,11,0.0,Low,0
31.1,29.7,13.6,3.3,4,88.0,0,7,0.481,Medium,0
28.9,82.7,9.4,11.4,2,91.9,0,11,0.092,Low,0
25.5,75.2,13.3,1.2,23,37.8,0,10,0.302,Low,0
29.8,39.1,3.3,1.9,19,49.9,1,7,0.917,Critical,1
28.2,71.4,10.0,53.3,3,89.1,0,10,0.165,Low,0
35.2,60.7,9.4,0.0,19,52.6,0,9,0.754,Critical,1
34.1,54.6,22.9,0.0,24,39.6,1,8,0.947,Critical,0
27.2,77.7,8.5,25.4,0,95.0,0,10,0.0,Low,0
28.3,92.7,3.4,2.9,3,89.1,0,2,0.186,Low,0
29.3,74.1,3.3,4.2,2,92.1,0,12,0.106,Low,0
36.6,47.7,4.4,0.0,5,88.3,1,8,0.979,Critical,1
31.0,52.1,45.0,4.7,2,93.0,1,9,0.754,Critical,1
30.0,64.9,18.0,7.3,4,87.5,0,7,0.383,Medium,0
30.5,70.3,6.9,0.0,13,65.2,0,6,0.524,Medium,1
33.1,41.4,14.1,3.0,4,89.1,0,7,0.639,High,1
32.9,67.1,7.9,28.4,4,88.9,1,1,0.333,Low,0
26.1,92.5,2.5,65.8,2,90.5,0,12,0.0,Low,0
24.9,76.6,2.8,33.2,0,95.0,0,10,0.0,Low,1
25.2,71.6,16.2,57.9,3,87.6,1,2,0.1,Low,0
28.4,81.6,8.5,3.4,4,86.7,0,12,0.191,Low,1
28.2,84.4,13.6,3.8,1,94.1,0,12,0.209,Low,0
27.7,81.8,1.5,1.1,7,78.8,0,4,0.179,Low,0
35.3,43.2,9.1,2.4,2,95.0,0,9,0.565,High,0
31.2,43.9,11.1,1.0,18,53.1,0,8,0.574,High,0
30.9,59.8,25.7,3.6,2,92.9,1,8,0.591,High,1
35.8,61.3,2.2,2.1,3,92.9,0,6,0.472,Medium,0
30.7,71.7,17.5,0.0,10,72.8,0,9,0.417,Medium,0
28.3,79.7,8.4,12.0,0,95.0,0,1,0.0,Low,0
29.9,71.8,5.4,14.7,4,87.4,1,5,0.17,Low,0
28.3,52.7,6.8,0.0,13,64.1,1,8,0.731,High,1
28.9,79.5,8.7,73.8,4,86.9,1,12,0.139,Low,0
25.0,84.0,3.9,9.9,1,92.5,0,3,0.086,Low,0
29.9,81.8,2.8,6.8,0,95.0,1,5,0.233,Low,0
24.0,58.7,8.5,31.2,0,94.5,0,11,0.112,Low,0
27.3,80.7,8.7,0.2,14,61.2,0,3,0.309,Low,0
31.7,48.0,5.6,0.0,20,48.3,1,6,0.976,Critical,1
36.7,35.4,16.5,1.1,24,40.8,0,7,0.769,Critical,1
27.9,86.4,18.3,53.8,2,91.5,0,4,0.016,Low,0
27.2,80.1,5.3,13.3,2,91.1,0,1,0.0,Low,0
29.6,55.1,17.2,0.0,19,49.8,1,6,0.772,Critical,1
27.5,55.0,9.0,4.0,2,91.3,1,7,0.161,Low,0
29.8,73.6,17.7,20.0,0,95.0,1,11,0.201,Low,0
30.8,80.8,17.8,10.5,0,95.0,1,1,0.37,Medium,1
28.2,89.1,18.0,3.6,2,91.6,0,10,0.209,Low,0
24.0,74.8,9.0,6.2,2,89.5,0,1,0.073,Low,1
25.3,70.3,12.5,1.3,7,77.6,1,5,0.285,Low,0
28.9,76.4,10.9,11.4,4,86.9,1,5,0.111,Low,0
28.7,71.2,10.8,1.7,17,54.4,0,1,0.369,Medium,0
24.0,67.2,4.8,33.2,1,92.0,0,5,0.124,Low,0
30.5,60.9,9.9,0.0,13,65.2,1,9,0.804,Critical,1
27.4,87.3,11.9,0.9,6,81.2,1,4,0.368,Medium,0
25.4,69.9,15.6,44.4,3,87.7,1,2,0.172,Low,1
28.4,91.3,8.5,1.5,22,41.7,0,3,0.38,Medium,0
29.0,61.1,9.2,4.5,2,92.0,0,11,0.253,Low,0
27.9,81.5,20.8,0.4,23,39.0,0,1,0.37,Medium,0
27.3,74.7,10.9,23.1,3,88.7,1,2,0.022,Low,0
30.1,53.7,2.4,0.0,16,57.5,0,7,0.744,High,0
32.6,74.8,9.4,20.2,1,95.0,0,1,0.236,Low,0
26.6,79.8,8.2,18.1,1,93.3,1,2,0.004,Low,0
30.8,67.2,9.8,0.0,12,67.9,0,6,0.446,Medium,0
29.3,78.6,4.1,12.9,2,92.2,0,11,0.076,Low,0
29.8,73.2,5.0,11.9,1,94.9,0,11,0.122,Low,0
26.4,89.6,1.0,2.9,1,93.2,0,2,0.188,Low,0
26.1,80.2,41.9,8.2,1,93.0,0,12,0.067,Low,0
31.8,60.3,1.1,0.0,20,48.4,0,7,0.566,High,1
24.9,83.8,18.8,28.5,3,87.5,0,1,0.076,Low,0
27.1,75.2,4.7,10.5,1,93.5,1,1,0.0,Low,0
25.2,70.7,6.4,4.3,1,92.6,0,10,0.131,Low,0
34.6,50.6,9.7,2.0,19,52.3,1,8,0.955,Critical,1
25.8,75.8,8.3,3.9,0,95.0,0,3,0.048,Low,0
35.2,28.8,8.4,6.7,4,90.1,1,9,0.787,Critical,1
29.0,66.1,3.6,0.0,14,62.0,1,9,0.622,High,1
30.8,61.3,3.4,0.0,10,72.9,1,7,0.727,High,1
27.4,82.8,24.2,2.2,4,86.2,0,1,0.105,Low,1
32.1,49.7,5.0,0.0,22,43.6,0,6,0.669,High,0
27.2,69.8,15.2,5.8,3,88.6,0,2,0.187,Low,0
26.9,72.5,10.8,6.5,4,86.0,1,10,0.031,Low,0
29.8,44.6,12.7,4.0,0,95.0,0,7,0.192,Low,0
31.9,46.2,3.9,0.0,19,50.9,1,8,0.885,Critical,0
29.9,40.8,5.5,1.0,5,84.9,0,8,0.356,Medium,0
25.4,77.0,4.2,10.3,2,90.2,0,12,0.0,Low,0
32.5,49.3,5.4,0.0,12,68.8,0,7,0.688,High,0
38.0,60.6,24.9,0.0,19,54.0,0,8,0.775,Critical,1
29.4,78.1,5.4,3.7,4,87.2,1,2,0.332,Low,0
27.5,92.0,3.6,37.7,1,93.8,1,11,0.008,Low,0
35.6,48.3,2.7,2.6,0,95.0,0,7,0.493,Medium,0
26.6,82.5,9.9,1.2,12,65.8,0,11,0.148,Low,0
24.7,55.6,17.0,24.9,1,92.4,1,10,0.108,Low,0
33.0,71.4,1.4,0.0,24,39.0,0,9,0.753,Critical,1
26.0,67.1,14.3,4.3,0,95.0,0,2,0.129,Low,0
33.9,50.5,6.7,1.2,18,54.4,0,6,0.813,Critical,1
24.0,76.4,3.5,27.4,3,87.0,0,2,0.053,Low,0
29.2,92.3,2.4,5.9,3,89.6,1,5,0.243,Low,0
26.1,89.6,2.4,8.6,1,93.0,0,1,0.0,Low,0
25.8,81.4,29.0,0.6,18,50.4,0,3,0.411,Medium,0
33.2,56.2,18.0,5.2,3,91.6,0,8,0.56,High,0
31.6,62.4,4.2,1.2,19,50.8,0,7,0.483,Medium,0
26.4,68.8,3.4,36.1,4,85.7,1,11,0.062,Low,0
25.7,66.4,7.6,0.0,14,60.4,0,1,0.422,Medium,1
31.1,74.2,14.3,0.0,10,73.0,0,7,0.48,Medium,1
35.2,53.2,20.2,2.4,4,90.1,1,7,0.927,Critical,1
27.4,95.0,7.6,7.3,1,93.7,0,1,0.019,Low,0
27.0,79.9,3.9,0.2,13,63.5,1,11,0.487,Medium,1
32.4,58.9,11.2,0.0,11,71.2,0,6,0.493,Medium,0
35.6,52.8,6.0,0.0,24,40.3,1,6,0.926,Critical,1
27.6,93.7,6.1,8.3,2,91.3,0,12,0.054,Low,0
34.1,62.3,12.5,0.5,19,52.0,0,6,0.682,High,1
31.0,87.7,5.3,1.2,18,53.0,0,4,0.399,Medium,1
25.8,77.7,35.1,30.2,2,90.4,1,1,0.182,Low,0
31.7,71.1,14.8,2.8,1,95.0,1,9,0.492,Medium,0
29.6,84.2,14.3,3.2,0,95.0,0,3,0.198,Low,1
32.5,95.0,12.0,5.4,3,91.2,0,1,0.276,Low,0
28.2,66.6,5.9,7.2,2,91.6,1,12,0.321,Low,0
24.7,68.5,10.5,42.5,4,84.9,1,1,0.0,Low,0
31.3,44.9,9.4,0.0,20,48.1,1,8,1.0,Critical,1
28.4,72.5,13.8,4.2,3,89.2,0,4,0.223,Low,0
26.7,71.2,3.8,3.1,0,95.0,1,4,0.124,Low,0
36.1,44.6,11.4,0.0,7,83.0,1,8,0.934,Critical,1
27.7,83.5,22.8,99.5,4,86.3,1,12,0.084,Low,0
33.3,35.4,6.8,4.7,0,95.0,0,7,0.591,High,0
37.1,31.2,5.0,4.6,1,95.0,0,7,0.614,High,0
28.2,93.9,12.8,4.0,3,89.1,1,1,0.322,Low,1
29.9,67.7,25.3,18.4,2,92.4,0,12,0.25,Low,0
29.1,85.0,7.1,6.5,4,87.0,1,11,0.132,Low,0
27.9,85.8,10.9,14.9,0,95.0,0,11,0.043,Low,0
31.3,58.1,9.9,5.2,4,88.2,0,8,0.269,Low,0
27.4,80.5,5.7,23.6,1,93.7,0,10,0.0,Low,0
27.8,86.3,3.8,4.1,4,86.4,1,10,0.073,Low,1
32.7,52.9,7.2,0.0,9,76.4,0,9,0.537,Medium,1
31.8,44.0,11.6,0.0,17,55.9,1,7,0.908,Critical,0
27.6,69.9,5.6,18.6,4,86.3,0,3,0.028,Low,0
34.0,35.2,5.4,0.0,12,69.5,0,6,0.834,Critical,1
29.0,83.9,10.4,7.4,4,87.0,1,11,0.198,Low,0
24.5,82.8,1.8,6.5,4,84.7,0,5,0.072,Low,0
24.4,75.9,21.6,1.8,20,44.7,0,3,0.318,Low,0
31.4,77.6,6.4,22.8,0,95.0,0,12,0.227,Low,0
25.0,93.4,19.9,9.4,1,92.5,0,2,0.104,Low,1
26.1,65.6,3.5,3.7,4,85.6,0,11,0.062,Low,1
25.1,73.4,18.7,21.1,3,87.6,1,1,0.104,Low,1
31.2,90.6,19.5,18.7,4,88.1,1,10,0.434,Medium,0
27.7,71.0,4.8,39.2,2,91.3,0,3,0.008,Low,1
26.0,79.9,11.0,1.4,19,48.0,0,4,0.191,Low,1
26.1,79.5,4.1,11.6,0,95.0,0,11,0.0,Low,0
25.0,76.4,6.9,6.0,2,90.0,1,11,0.0,Low,0
27.8,75.4,3.5,27.9,4,86.4,0,3,0.003,Low,1
24.0,75.9,3.8,21.9,0,94.5,0,2,0.0,Low,1
24.0,72.3,4.3,26.4,1,92.0,0,4,0.0,Low,0
30.6,56.5,6.3,0.0,7,80.3,0,6,0.47,Medium,0
28.2,79.1,8.5,36.6,3,89.1,0,1,0.126,Low,0
24.5,84.9,7.1,2.5,2,89.7,1,4,0.187,Low,0
26.6,88.1,17.4,13.2,4,85.8,1,11,0.073,Low,0
32.7,50.8,20.5,0.7,19,51.3,0,8,0.818,Critical,0
30.1,35.4,6.2,6.0,0,95.0,0,7,0.511,Medium,0
27.2,73.4,11.5,0.5,8,76.1,0,4,0.268,Low,0
32.3,56.4,16.7,0.0,8,78.6,1,6,0.871,Critical,1
27.6,76.1,13.1,19.0,0,95.0,1,2,0.031,Low,0
35.5,39.8,1.3,4.1,3,92.8,0,8,0.645,High,0
28.2,84.2,7.8,9.7,1,94.1,0,11,0.088,Low,0
27.7,72.5,3.8,3.2,4,86.3,0,1,0.0,Low,0
28.3,32.9,7.4,0.4,23,39.1,1,6,0.979,Critical,1
26.4,73.9,25.2,3.4,0,95.0,0,5,0.151,Low,0
33.4,59.6,14.8,0.0,18,54.2,0,6,0.73,High,0
31.1,78.4,3.1,13.3,3,90.6,1,3,0.296,Low,0
24.0,82.9,1.4,24.4,3,87.0,1,5,0.0,Low,0
28.5,69.5,16.9,23.7,4,86.8,1,1,0.322,Low,0
28.9,51.0,20.5,0.0,7,79.4,0,8,0.538,Medium,1
28.5,92.2,17.6,67.8,1,94.3,0,5,0.109,Low,1
24.6,82.1,13.9,1.0,17,52.3,0,1,0.376,Medium,1
25.6,67.1,7.8,16.3,4,85.3,1,11,0.033,Low,0
24.0,71.7,13.2,3.7,2,89.5,1,3,0.139,Low,0
27.6,70.8,13.0,13.0,3,88.8,0,1,0.0,Low,0
30.4,78.1,2.3,26.2,2,92.7,1,10,0.363,Medium,0
35.5,49.2,2.1,0.0,21,47.7,0,8,0.786,Critical,1
29.7,67.9,10.5,11.6,2,92.4,1,2,0.14,Low,0
28.1,73.8,0.6,15.4,0,95.0,1,4,0.141,Low,0
25.7,71.8,6.6,6.8,0,95.0,0,12,0.024,Low,0
33.8,62.1,6.7,4.3,1,95.0,0,7,0.412,Medium,1
26.5,76.5,13.2,5.4,3,88.3,0,4,0.088,Low,0
30.5,54.4,14.5,0.0,8,77.8,0,7,0.568,High,1
29.7,64.9,3.4,0.0,6,82.4,0,6,0.256,Low,0
26.5,71.4,10.0,10.6,3,88.2,0,1,0.0,Low,0
26.6,79.7,8.7,13.9,3,88.3,0,12,0.0,Low,0
28.3,78.2,14.0,45.1,0,95.0,0,12,0.065,Low,0
31.2,73.2,7.0,19.7,1,95.0,0,11,0.187,Low,0
28.3,82.8,28.8,1.3,8,76.6,0,2,0.312,Low,0
30.9,46.8,4.2,4.5,4,88.0,1,6,0.58,High,1
29.5,56.3,12.5,0.0,16,57.2,0,7,0.53,Medium,0
29.7,37.4,15.5,2.8,4,87.4,0,6,0.536,Medium,0
28.1,72.0,17.2,6.4,4,86.6,0,12,0.206,Low,0
27.2,80.5,8.8,29.6,1,93.6,1,12,0.092,Low,0
25.5,84.0,3.3,20.3,3,87.7,1,3,0.015,Low,0
24.0,74.7,4.1,12.8,0,94.5,1,2,0.015,Low,0
33.4,44.2,17.6,0.0,18,54.2,0,8,0.784,Critical,1
31.6,47.9,2.4,0.0,14,63.3,0,7,0.669,High,1
24.1,72.5,3.9,2.1,1,92.1,1,3,0.107,Low,0
31.0,55.7,3.1,0.0,23,40.5,1,6,0.837,Critical,1
25.9,80.7,3.2,15.3,0,95.0,0,2,0.0,Low,0
24.9,73.2,5.9,4.2,0,94.9,0,5,0.038,Low,0
24.7,68.5,13.9,4.0,4,84.8,0,12,0.081,Low,0
34.3,39.7,12.5,0.0,18,54.7,1,8,1.0,Critical,1
26.7,77.6,4.1,40.5,0,95.0,0,12,0.097,Low,0
24.0,74.4,2.0,30.8,0,94.5,0,5,0.0,Low,0
25.2,77.3,8.0,33.1,3,87.6,0,2,0.0,Low,0
26.7,80.4,13.1,14.0,3,88.3,0,2,0.0,Low,0
30.7,60.3,6.9,0.0,7,80.4,0,9,0.565,High,1
28.8,75.9,10.7,13.2,3,89.4,1,2,0.148,Low,0
27.7,68.7,17.7,0.4,6,81.4,1,10,0.545,Medium,1
35.6,61.6,8.2,1.3,5,87.8,0,8,0.423,Medium,0
28.8,55.5,12.0,0.0,15,59.4,1,6,0.705,High,1
27.1,78.4,5.2,7.5,1,93.5,0,3,0.087,Low,0
31.3,41.8,12.3,4.6,3,90.6,1,9,0.552,High,1
29.0,77.5,18.7,35.5,1,94.5,0,12,0.252,Low,0
26.7,92.4,9.7,8.0,1,93.4,0,4,0.0,Low,1
28.1,87.3,14.2,29.4,4,86.6,0,3,0.133,Low,0
35.1,61.8,7.8,0.0,12,70.0,0,8,0.695,High,0
28.5,80.1,3.0,16.2,3,89.3,1,11,0.089,Low,0
25.2,88.9,13.9,39.5,4,85.1,0,12,0.0,Low,0
25.5,66.7,4.3,29.9,2,90.2,0,1,0.072,Low,0
25.8,80.9,3.3,19.2,3,87.9,1,1,0.0,Low,0
33.4,48.6,4.1,0.0,6,84.2,1,6,1.0,Critical,1
32.9,41.2,5.5,0.0,15,61.5,1,8,1.0,Critical,0
24.7,73.8,12.1,58.5,4,84.8,0,10,0.0,Low,0
32.6,54.1,4.9,3.5,1,95.0,1,9,0.652,High,0
28.5,69.3,14.1,39.7,4,86.8,0,1,0.16,Low,0
32.7,65.4,10.0,0.0,16,58.9,0,7,0.608,High,0
29.9,84.2,1.8,22.1,2,92.4,0,12,0.108,Low,0
24.0,91.3,3.4,9.4,4,84.5,0,4,0.069,Low,0
28.2,44.2,3.6,0.0,13,64.1,1,7,0.908,Critical,1
33.7,57.7,11.4,0.0,7,81.9,1,9,0.914,Critical,1
32.4,48.6,9.8,0.0,12,68.7,0,9,0.627,High,0
25.9,81.0,21.1,6.4,1,92.9,0,3,0.117,Low,0
33.3,51.0,7.1,0.0,11,71.7,0,8,0.735,High,0
29.3,82.7,4.9,0.3,17,54.7,1,11,0.749,High,1
26.2,72.4,6.6,27.3,1,93.1,0,4,0.0,Low,0
31.2,64.5,10.8,0.0,16,58.1,0,7,0.603,High,1
32.4,40.4,15.2,0.0,7,81.2,0,6,0.573,High,1
26.5,87.1,10.9,32.5,2,90.7,0,10,0.001,Low,0
25.9,69.8,5.3,27.9,0,95.0,1,2,0.142,Low,0
27.4,73.7,15.8,0.0,20,46.2,1,7,0.558,High,1
29.2,82.2,2.5,23.2,2,92.1,0,1,0.078,Low,0
29.8,69.8,11.0,35.2,4,87.4,1,5,0.184,Low,0
26.4,75.6,9.3,29.9,1,93.2,0,5,0.06,Low,0
26.1,79.6,2.7,72.8,3,88.0,0,5,0.053,Low,0
24.2,74.0,6.6,5.6,4,84.6,0,10,0.059,Low,0
28.9,70.6,9.5,1.9,7,79.5,1,1,0.359,Medium,1
29.4,70.1,2.8,18.3,2,92.2,1,1,0.174,Low,0
31.6,68.2,8.7,2.2,0,95.0,1,6,0.474,Medium,0
24.2,79.6,5.3,8.3,4,84.6,0,2,0.031,Low,0
26.0,62.7,7.1,23.0,4,85.5,1,2,0.088,Low,0
30.6,50.9,6.2,0.0,7,80.3,0,9,0.62,High,1
28.2,84.0,3.7,14.3,0,95.0,0,10,0.057,Low,1
29.9,67.0,8.0,0.0,9,75.0,1,9,0.607,High,0
24.5,74.0,16.2,1.6,14,59.7,0,1,0.179,Low,0
27.0,82.2,12.6,5.4,1,93.5,0,12,0.141,Low,0
27.9,86.1,3.6,3.8,2,91.5,0,3,0.021,Low,0
29.2,84.0,2.1,47.8,2,92.1,1,10,0.169,Low,0
31.3,51.7,20.7,0.0,10,73.1,1,7,0.959,Critical,1
24.6,84.6,8.6,44.0,1,92.3,1,1,0.0,Low,0
25.7,73.9,3.0,4.3,3,87.9,0,1,0.093,Low,1
30.2,79.5,8.6,28.7,2,92.6,0,2,0.154,Low,0
26.2,73.8,17.6,17.9,2,90.6,0,2,0.0,Low,0
29.4,82.7,7.0,0.1,20,47.2,1,12,0.765,Critical,0
31.9,36.4,5.2,2.3,2,93.5,1,8,0.723,High,1
26.7,34.5,11.9,1.3,19,48.3,0,6,0.532,Medium,0
26.5,78.4,1.0,10.7,0,95.0,1,2,0.0,Low,0
30.1,42.0,1.2,0.0,17,55.1,0,8,0.766,Critical,1
25.3,90.2,29.6,30.2,4,85.2,1,1,0.109,Low,0
24.4,85.0,5.8,12.6,4,84.7,1,5,0.014,Low,0
28.2,77.9,0.4,21.1,0,95.0,0,11,0.156,Low,0
25.5,78.5,31.4,13.5,2,90.3,0,5,0.144,Low,0
25.1,70.5,14.4,75.2,3,87.6,0,11,0.034,Low,0
34.0,34.3,17.9,0.0,16,59.5,0,7,0.852,Critical,1
26.8,74.0,20.3,8.6,0,95.0,1,12,0.152,Low,0
28.6,63.8,3.7,0.0,14,61.8,0,6,0.417,Medium,0
27.5,82.5,5.5,8.9,1,93.7,0,2,0.108,Low,0
27.7,75.1,14.5,32.6,0,95.0,1,3,0.0,Low,0
35.9,52.2,5.4,3.2,1,95.0,1,7,0.785,Critical,1
29.7,47.1,14.6,1.5,18,52.3,1,8,0.819,Critical,1
28.6,89.0,1.7,5.6,3,89.3,0,2,0.115,Low,0
24.5,95.0,10.5,16.8,1,92.3,0,10,0.0,Low,0
24.6,68.5,2.4,24.2,4,84.8,1,4,0.094,Low,0
26.5,63.4,2.1,17.0,3,88.3,0,2,0.045,Low,0
35.3,71.9,13.3,2.7,0,95.0,1,8,0.618,High,0
24.9,79.5,16.0,8.2,0,95.0,0,1,0.015,Low,0
27.5,74.5,3.0,25.4,0,95.0,0,2,0.028,Low,0
28.7,91.2,5.9,5.5,0,95.0,0,5,0.139,Low,0
28.4,82.8,8.2,10.9,0,95.0,1,1,0.167,Low,0
26.7,78.8,0.9,5.4,1,93.4,1,5,0.115,Low,0
25.0,72.9,4.6,28.6,4,85.0,0,10,0.031,Low,1
27.4,72.0,8.9,23.2,4,86.2,0,12,0.0,Low,0
30.0,79.3,26.0,18.7,2,92.5,1,10,0.447,Medium,0
26.7,78.4,3.7,5.0,0,95.0,0,3,0.052,Low,0
24.3,72.9,5.8,13.9,4,84.7,0,11,0.016,Low,0
28.2,82.8,5.6,22.2,3,89.1,1,1,0.168,Low,0
27.0,70.0,3.7,4.3,2,91.0,0,7,0.114,Low,0
30.0,82.6,20.9,8.1,2,92.5,0,11,0.243,Low,0
28.8,77.2,5.2,21.9,0,95.0,0,11,0.014,Low,0
25.9,71.9,29.2,27.5,1,92.9,0,11,0.063,Low,0
29.9,84.2,1.3,15.2,3,90.0,1,4,0.14,Low,0
27.3,86.8,3.8,5.3,1,93.6,0,10,0.03,Low,1
26.5,62.5,1.1,1.0,13,63.3,0,8,0.155,Low,0
35.7,66.4,8.9,1.9,13,67.9,0,7,0.53,Medium,0
32.0,43.6,6.7,0.0,12,68.5,0,9,0.645,High,0
25.5,78.7,0.8,8.4,2,90.2,0,4,0.104,Low,1
27.8,81.7,1.0,25.7,1,93.9,0,4,0.029,Low,0
32.9,34.3,11.7,0.0,11,71.4,0,7,0.763,Critical,1
25.4,67.1,2.7,34.9,3,87.7,1,12,0.053,Low,0
29.2,62.6,26.4,0.0,20,47.1,0,6,0.625,High,1
25.8,81.1,13.0,18.6,0,95.0,0,3,0.0,Low,0
27.7,73.4,18.2,12.1,4,86.4,1,12,0.107,Low,0
32.4,61.5,9.4,0.0,19,51.2,1,9,0.986,Critical,1
25.2,72.1,8.2,23.7,2,90.1,1,1,0.032,Low,0
24.0,82.3,5.8,5.7,2,89.5,1,2,0.077,Low,0
33.6,62.2,5.6,3.1,0,95.0,0,6,0.428,Medium,0
30.1,68.3,9.5,0.0,21,45.1,0,6,0.681,High,1
25.0,80.1,2.8,5.9,0,95.0,0,1,0.042,Low,0
26.5,85.9,17.9,30.5,4,85.7,1,12,0.075,Low,0
27.7,88.0,5.3,5.3,0,95.0,1,2,0.085,Low,0
29.3,76.3,10.7,14.3,0,95.0,0,1,0.074,Low,0
26.5,79.1,21.6,0.9,19,48.3,1,11,0.687,High,0
24.7,75.7,8.3,25.9,3,87.3,1,10,0.082,Low,0
37.5,52.5,2.1,0.0,23,43.7,0,6,0.702,High,1
29.6,69.8,12.7,1.7,22,42.3,0,10,0.428,Medium,0
31.8,42.6,6.9,0.0,20,48.4,0,6,0.693,High,1
28.6,85.0,7.0,26.8,1,94.3,0,11,0.172,Low,1
29.6,39.5,2.6,0.0,20,47.3,0,6,0.776,Critical,1
26.1,87.1,3.2,12.6,1,93.1,1,4,0.065,Low,0
28.4,86.5,6.8,26.0,4,86.7,0,11,0.0,Low,0
31.1,69.9,5.5,16.9,1,95.0,0,12,0.296,Low,0
33.7,94.7,7.4,24.7,2,94.3,1,2,0.476,Medium,1
29.9,64.9,13.5,23.4,4,87.4,0,1,0.23,Low,0
29.6,40.9,3.2,1.1,5,84.8,1,9,0.559,High,1
28.2,75.3,35.9,25.8,0,95.0,1,11,0.283,Low,0
28.1,75.3,6.9,27.6,2,91.6,0,3,0.188,Low,0
28.0,80.4,21.5,18.2,3,89.0,0,10,0.13,Low,0
28.6,79.4,2.9,7.0,1,94.3,1,5,0.26,Low,0
24.8,76.9,3.1,22.8,0,94.9,0,12,0.041,Low,0
25.2,90.4,4.6,1.8,13,62.6,1,2,0.287,Low,0
25.8,84.9,8.4,0.5,18,50.4,0,2,0.471,Medium,1
38.0,52.4,3.4,6.1,2,95.0,1,9,0.78,Critical,1
35.2,59.0,10.0,0.0,12,70.1,1,9,0.967,Critical,0
28.3,79.3,0.5,1.3,14,61.7,0,2,0.28,Low,0
32.6,54.4,17.1,0.0,24,38.8,1,9,1.0,Critical,1
32.5,29.2,2.0,0.0,8,78.8,0,8,0.67,High,1
28.3,83.0,5.5,4.7,2,91.6,0,11,0.191,Low,0
27.3,61.8,4.3,6.0,0,95.0,1,4,0.074,Low,0
32.2,39.3,10.6,0.0,5,86.1,0,9,0.613,High,1
28.5,72.2,2.1,31.4,1,94.2,1,2,0.03,Low,0
28.7,78.6,12.8,6.6,3,89.3,1,1,0.169,Low,0
27.4,95.0,23.6,20.9,2,91.2,0,4,0.065,Low,0
28.3,52.4,4.1,0.0,17,54.2,0,8,0.631,High,1
27.4,73.0,2.5,3.9,0,95.0,1,4,0.144,Low,0
29.9,66.3,4.5,1.2,11,69.9,0,10,0.339,Low,0
32.1,65.2,19.6,0.0,21,46.0,0,8,0.671,High,1
27.7,76.0,2.8,4.2,2,91.3,0,11,0.081,Low,0
25.4,87.3,2.7,2.6,2,90.2,0,3,0.07,Low,0
28.2,78.2,5.4,23.7,0,95.0,1,3,0.174,Low,0
32.0,30.3,12.6,0.0,8,78.5,0,9,0.762,Critical,0
28.5,88.5,3.5,8.0,1,94.3,0,5,0.106,Low,1
24.0,81.6,7.9,4.5,3,87.0,0,11,0.025,Low,0
30.0,76.8,3.1,80.4,0,95.0,1,4,0.062,Low,0
33.4,44.9,10.2,0.0,23,41.7,0,8,0.798,Critical,1
30.8,44.2,15.8,4.1,3,90.4,0,8,0.52,Medium,0
29.3,92.6,20.5,31.3,4,87.1,0,3,0.243,Low,0
26.4,73.9,7.8,21.0,4,85.7,0,1,0.0,Low,0
32.8,55.1,12.8,0.0,17,56.4,1,6,0.953,Critical,1
26.8,77.1,11.8,5.4,1,93.4,0,2,0.078,Low,1
34.4,47.1,14.8,0.0,9,77.2,0,6,0.627,High,1
27.3,72.0,9.7,3.5,2,91.1,1,11,0.096,Low,0
28.3,81.0,4.1,16.1,2,91.6,1,5,0.178,Low,0
30.5,32.3,14.3,0.0,18,52.8,0,9,0.846,Critical,1
28.6,78.7,2.8,7.5,0,95.0,0,2,0.075,Low,1
28.8,40.7,15.3,0.0,23,39.4,1,9,0.885,Critical,1
29.8,84.5,10.7,1.8,20,47.4,1,5,0.566,High,0
36.8,49.5,4.9,0.6,12,70.9,0,9,0.792,Critical,1
29.1,53.0,15.4,0.0,23,39.5,1,6,0.877,Critical,1
24.0,75.4,4.5,32.5,1,92.0,1,4,0.026,Low,0
33.7,50.3,6.9,0.0,20,49.4,0,7,0.788,Critical,1
24.0,73.5,17.3,0.2,15,57.0,0,11,0.212,Low,0
33.1,52.5,1.3,2.5,2,94.0,0,6,0.627,High,1
26.3,84.4,0.9,12.7,4,85.6,0,4,0.0,Low,0
24.7,70.2,16.9,14.1,2,89.9,1,10,0.045,Low,0
31.4,49.8,4.3,0.0,20,48.2,1,6,1.0,Critical,1
29.5,74.2,18.5,100.0,0,95.0,1,12,0.307,Low,1
28.8,49.7,4.6,0.0,24,36.9,0,7,0.58,High,1
33.7,31.9,1.1,0.0,19,51.9,1,6,1.0,Critical,1
28.2,84.2,10.1,34.4,0,95.0,1,5,0.225,Low,0
25.9,75.6,3.9,2.0,0,95.0,0,2,0.064,Low,1
27.8,65.6,16.0,15.6,3,88.9,0,12,0.095,Low,0
27.4,73.3,9.9,4.3,0,95.0,0,11,0.0,Low,0
24.9,80.4,9.2,4.3,2,89.9,1,11,0.025,Low,1
27.0,78.5,19.2,51.7,4,86.0,1,10,0.198,Low,0
25.3,72.6,11.3,6.4,0,95.0,0,4,0.094,Low,0
27.3,80.9,15.8,3.0,1,93.7,1,11,0.0,Low,0
25.3,90.5,7.0,38.3,2,90.2,0,3,0.028,Low,0
26.1,78.0,3.9,30.6,2,90.6,1,11,0.038,Low,1
26.1,78.7,8.7,4.8,4,85.5,0,1,0.0,Low,0
31.2,73.1,14.0,0.0,9,75.6,0,8,0.481,Medium,0
27.2,76.8,13.4,7.2,2,91.1,0,10,0.044,Low,0
30.3,70.6,11.6,7.9,3,90.1,0,1,0.256,Low,0
26.4,91.9,4.9,16.1,1,93.2,0,5,0.0,Low,0
27.4,77.5,2.2,43.2,3,88.7,0,1,0.058,Low,0
24.0,74.0,3.8,39.1,1,92.0,0,5,0.0,Low,0
26.6,75.7,9.1,25.9,2,90.8,0,10,0.02,Low,1
24.0,70.3,5.1,32.1,1,92.0,0,4,0.075,Low,0
28.4,76.4,20.6,10.5,1,94.2,0,11,0.147,Low,0
26.2,64.5,45.0,7.3,0,95.0,0,3,0.261,Low,0
29.2,73.5,15.8,25.7,3,89.6,0,12,0.06,Low,0
30.3,70.7,9.9,0.0,19,50.1,0,6,0.533,Medium,1
29.1,91.5,1.3,4.4,4,87.1,1,4,0.261,Low,0
37.6,57.9,12.2,5.7,2,95.0,0,8,0.447,Medium,0
29.6,68.4,4.9,6.8,3,89.8,0,1,0.247,Low,0
25.9,82.2,11.1,7.9,4,85.4,0,10,0.106,Low,0
29.8,73.4,10.1,0.3,22,42.4,0,9,0.461,Medium,0
26.4,57.5,21.6,0.0,18,50.7,1,6,0.666,High,1
26.9,86.4,10.2,17.5,3,88.4,0,1,0.015,Low,0
25.2,88.4,1.8,11.6,0,95.0,0,4,0.0,Low,0
24.9,77.4,20.3,14.7,2,89.9,1,5,0.039,Low,0
29.0,95.0,12.0,3.5,3,89.5,1,2,0.183,Low,0
28.2,74.9,6.3,68.6,4,86.6,0,1,0.097,Low,0
32.9,40.5,2.5,0.0,18,53.9,1,8,1.0,Critical,1
24.0,80.5,4.0,6.6,1,92.0,1,2,0.074,Low,0
25.3,66.9,10.1,22.2,2,90.1,0,10,0.022,Low,0
24.0,84.7,12.3,1.8,10,69.5,0,4,0.163,Low,0
24.9,72.7,32.4,36.3,2,89.9,0,3,0.137,Low,0
26.7,83.6,11.4,16.2,3,88.3,1,2,0.032,Low,0
29.8,76.6,3.6,17.3,1,94.9,1,10,0.164,Low,0
25.8,76.3,12.3,6.5,2,90.4,1,10,0.126,Low,0
33.9,41.3,5.5,7.4,2,94.5,1,7,0.746,High,1
24.8,68.3,12.9,15.3,2,89.9,0,2,0.093,Low,0
33.1,39.0,8.5,0.6,7,81.5,0,7,0.811,Critical,0
26.0,80.4,40.3,4.5,1,93.0,0,12,0.1,Low,0
26.4,69.5,8.5,65.9,4,85.7,0,4,0.067,Low,0
29.2,55.2,14.8,0.0,24,37.1,1,6,0.786,Critical,1
27.6,80.5,11.1,3.5,3,88.8,0,10,0.169,Low,0
35.0,58.4,11.8,0.0,19,52.5,0,7,0.65,High,1
29.1,59.6,24.6,0.2,18,52.1,0,6,0.54,Medium,0
35.4,48.3,1.2,2.8,2,95.0,1,9,0.834,Critical,1
26.2,41.3,8.3,0.0,21,43.1,1,8,0.708,High,1
25.0,65.3,16.6,41.1,3,87.5,1,4,0.117,Low,0
34.3,57.5,4.6,0.0,9,77.1,0,9,0.644,High,1
32.8,53.0,3.9,0.0,7,81.4,0,7,0.594,High,1
25.7,73.0,2.8,2.0,17,52.9,1,10,0.348,Low,1
25.5,71.9,6.1,0.9,7,77.7,0,5,0.275,Low,0
26.7,81.5,8.7,13.5,2,90.8,0,5,0.005,Low,0
27.8,59.1,2.3,22.7,2,91.4,1,12,0.118,Low,0
28.4,90.3,17.7,13.4,0,95.0,1,4,0.188,Low,0
35.9,50.5,6.7,0.0,21,47.9,0,9,0.844,Critical,1
33.0,41.3,14.5,0.0,7,81.5,0,7,0.598,High,1
26.5,80.1,5.9,13.1,3,88.3,1,2,0.017,Low,0
31.0,64.9,4.5,3.6,4,88.0,1,7,0.35,Medium,0
28.0,81.6,18.9,41.8,0,95.0,0,5,0.228,Low,0
27.1,82.5,17.0,28.4,1,93.5,1,2,0.099,Low,0
29.1,66.8,1.9,25.4,0,95.0,0,10,0.139,Low,1
29.8,71.9,12.3,1.0,5,84.9,0,4,0.297,Low,1
26.7,84.6,1.3,29.5,1,93.4,0,2,0.0,Low,0
29.3,75.4,8.1,3.5,4,87.1,0,3,0.142,Low,0
33.1,29.4,8.5,0.0,5,86.5,0,9,0.713,High,1
25.6,40.3,14.7,0.0,15,57.8,0,9,0.496,Medium,0
31.5,84.5,10.4,100.0,3,90.7,0,3,0.179,Low,0
33.4,45.8,8.8,0.0,10,74.2,0,7,0.624,High,1
35.7,61.2,21.0,2.4,0,95.0,1,9,0.815,Critical,1
26.1,69.1,19.0,74.0,3,88.1,1,5,0.201,Low,0
29.7,68.0,3.9,0.0,17,54.8,1,6,0.742,High,0
25.9,63.8,8.1,28.0,4,85.4,1,3,0.088,Low,0
32.5,67.9,12.2,0.0,5,86.2,1,6,0.729,High,1
33.6,64.4,26.5,0.0,13,66.8,0,9,0.733,High,1
25.5,78.3,13.6,0.2,11,67.8,1,11,0.399,Medium,0
33.7,25.0,8.4,0.0,9,76.8,1,7,0.996,Critical,1
25.7,79.5,8.1,9.2,4,85.3,0,4,0.022,Low,0
30.8,40.9,6.7,0.0,16,57.9,0,9,0.657,High,0
24.5,79.1,2.5,18.5,1,92.2,1,1,0.0,Low,1
26.8,73.5,8.9,34.3,2,90.9,0,5,0.055,Low,0
28.2,84.4,1.4,2.8,1,94.1,1,10,0.315,Low,1
30.8,75.1,14.8,0.1,8,77.9,0,12,0.476,Medium,1
33.2,62.8,10.3,0.9,10,74.1,0,8,0.632,High,1
25.5,84.2,0.8,31.4,2,90.2,0,1,0.0,Low,1
27.1,85.4,5.3,13.7,0,95.0,0,2,0.002,Low,0
27.5,77.1,6.0,24.7,3,88.8,0,2,0.043,Low,0
24.0,70.2,11.1,24.9,4,84.5,0,3,0.027,Low,0
30.5,78.9,18.1,2.1,0,95.0,1,7,0.619,High,1
25.8,88.9,29.0,0.6,6,80.4,1,1,0.575,High,1
34.7,47.5,13.2,0.0,9,77.3,0,9,0.69,High,0
27.6,76.9,3.3,1.6,12,66.3,0,3,0.241,Low,0
28.4,83.5,5.1,55.0,4,86.7,1,3,0.234,Low,0
27.4,84.7,1.4,0.2,11,68.7,0,2,0.303,Low,0
26.7,60.7,13.8,26.6,1,93.4,0,1,0.087,Low,0
31.3,57.5,8.0,0.4,9,75.7,1,8,0.721,High,0
32.9,54.5,4.2,5.8,3,91.4,0,7,0.287,Low,1
30.8,79.5,10.8,3.6,4,87.9,0,3,0.298,Low,1
33.4,51.3,11.4,11.1,0,95.0,0,9,0.433,Medium,0
35.2,44.7,5.1,0.0,21,47.6,0,8,0.839,Critical,0
33.2,43.7,20.9,2.5,0,95.0,1,8,0.968,Critical,1
32.3,32.0,12.6,0.0,6,83.6,0,8,0.797,Critical,1
26.6,91.3,6.5,1.0,12,65.8,1,1,0.347,Low,0
28.6,77.7,0.7,4.9,4,86.8,0,11,0.139,Low,0
24.0,79.6,9.3,1.0,17,52.0,1,12,0.591,High,1
29.2,77.0,7.7,1.4,17,54.6,0,3,0.397,Medium,0
32.0,61.4,14.3,0.0,21,46.0,0,8,0.57,High,1
31.4,48.2,5.2,1.5,23,40.7,0,6,0.557,High,1
27.2,72.6,10.9,14.0,3,88.6,1,5,0.0,Low,0
26.7,85.7,7.4,23.9,3,88.4,0,10,0.051,Low,0
31.8,44.8,9.5,0.8,20,48.4,0,8,0.732,High,1
28.1,77.2,21.0,12.5,2,91.6,1,4,0.253,Low,1
25.0,75.0,33.8,21.9,0,95.0,0,2,0.119,Low,0
24.0,93.0,15.4,24.4,1,92.0,0,3,0.004,Low,0
28.8,77.8,14.3,22.4,2,91.9,1,11,0.124,Low,0
27.9,74.3,8.0,30.8,2,91.4,1,1,0.0,Low,0
32.1,25.0,16.2,0.0,14,63.5,1,6,1.0,Critical,1
25.1,71.0,5.2,11.1,0,95.0,1,5,0.002,Low,0
27.7,59.3,3.4,4.4,3,88.9,0,4,0.055,Low,0
25.9,88.9,22.6,1.1,6,80.5,0,5,0.17,Low,0
28.3,59.6,9.2,16.0,2,91.7,1,1,0.214,Low,0
31.8,37.0,8.2,1.8,19,50.9,0,8,0.633,High,1
27.9,82.6,9.7,22.4,4,86.5,0,1,0.0,Low,0
28.8,75.2,10.1,8.2,0,95.0,1,4,0.154,Low,0
25.3,83.6,7.7,2.2,1,92.7,0,10,0.126,Low,0
24.5,67.3,1.3,2.5,1,92.2,0,3,0.164,Low,0
27.2,78.3,7.6,25.8,0,95.0,0,2,0.031,Low,0
26.8,85.5,3.8,7.8,4,85.9,1,11,0.069,Low,0
29.4,53.7,9.1,0.0,11,69.7,0,8,0.478,Medium,0
27.0,65.2,2.6,9.0,1,93.5,0,2,0.071,Low,0
24.0,74.5,9.0,0.2,17,52.0,0,12,0.275,Low,0
32.6,63.0,7.6,0.0,14,63.8,0,8,0.552,High,0
24.2,91.8,16.0,14.3,4,84.6,1,4,0.0,Low,0
26.2,80.8,10.6,6.2,2,90.6,0,12,0.0,Low,0
27.1,78.2,4.8,2.2,4,86.0,0,2,0.065,Low,0
29.6,79.9,2.1,58.2,3,89.8,0,5,0.082,Low,0
27.7,74.6,3.9,10.1,1,93.9,1,12,0.003,Low,0
27.3,74.4,4.6,2.2,4,86.1,0,4,0.127,Low,0
25.5,76.2,4.0,19.9,4,85.3,0,12,0.127,Low,0
30.8,56.9,9.1,1.7,12,67.9,1,7,0.685,High,1
25.1,91.0,1.7,38.1,1,92.6,0,12,0.0,Low,0
30.7,36.7,18.8,0.0,7,80.4,0,8,0.723,High,0
27.6,68.5,0.4,1.8,21,43.8,1,10,0.453,Medium,1
31.9,52.0,22.5,2.7,3,90.9,1,9,0.816,Critical,1
28.3,51.8,5.2,6.5,0,95.0,0,8,0.225,Low,0
34.6,47.0,8.5,0.0,16,59.8,0,9,0.749,High,1
24.6,78.5,15.2,19.4,0,94.8,1,3,0.0,Low,0
28.3,85.9,6.0,20.5,2,91.6,0,3,0.04,Low,0
29.3,42.9,22.4,0.0,6,82.2,1,9,0.767,Critical,1
26.4,78.1,13.8,28.9,3,88.2,0,1,0.051,Low,0
24.1,76.4,4.0,36.6,0,94.5,1,5,0.0,Low,0
24.7,85.4,15.5,11.3,0,94.8,0,3,0.024,Low,0
25.2,79.7,21.6,28.0,3,87.6,0,12,0.085,Low,0
37.9,44.8,11.1,0.0,22,46.4,1,6,0.967,Critical,1
24.3,95.0,7.1,2.7,0,94.7,1,1,0.133,Low,0
35.0,56.1,5.8,0.7,24,40.0,1,9,1.0,Critical,1
25.0,57.4,4.4,0.0,23,37.5,0,8,0.361,Medium,0
26.6,71.9,9.1,16.2,3,88.3,1,2,0.0,Low,0
27.2,70.4,16.3,13.3,0,95.0,1,11,0.02,Low,0
31.5,45.0,8.1,0.0,11,70.7,0,6,0.573,High,1
25.3,61.7,11.8,3.2,1,92.6,0,10,0.036,Low,1
28.8,86.5,17.6,23.9,1,94.4,1,11,0.193,Low,0
27.2,78.2,2.2,4.4,1,93.6,0,10,0.162,Low,0
27.1,76.4,17.1,15.4,2,91.1,0,3,0.047,Low,0
31.2,82.5,2.7,9.4,0,95.0,1,6,0.266,Low,0
24.1,74.3,0.6,19.4,2,89.6,0,12,0.01,Low,0
29.2,72.5,17.6,6.7,0,95.0,0,4,0.276,Low,0
26.1,95.0,6.4,4.2,2,90.5,1,12,0.13,Low,0
29.4,45.2,3.8,0.0,14,62.2,0,8,0.524,Medium,1
27.0,75.6,9.8,1.1,15,58.5,1,11,0.256,Low,0
26.2,75.9,7.5,34.3,0,95.0,0,2,0.004,Low,0
27.1,77.3,4.0,54.0,2,91.1,0,4,0.0,Low,1
27.3,75.3,7.0,1.4,5,83.6,0,3,0.099,Low,0
26.1,75.5,21.9,28.0,1,93.1,0,10,0.124,Low,0
31.6,58.1,7.7,0.2,11,70.8,0,9,0.578,High,1
32.3,92.5,0.6,16.3,1,95.0,0,12,0.109,Low,0
29.4,48.0,28.1,0.0,18,52.2,1,9,0.939,Critical,0
27.2,56.2,14.0,3.9,1,93.6,0,6,0.197,Low,0
28.4,93.6,1.4,8.1,0,95.0,0,4,0.05,Low,0
32.7,53.9,4.6,0.0,11,71.3,0,8,0.667,High,1
30.7,43.6,2.8,0.0,8,77.9,0,9,0.666,High,0
24.0,77.8,16.2,2.6,0,94.5,0,1,0.064,Low,0
25.6,80.3,2.9,1.8,16,55.3,0,10,0.241,Low,1
24.0,82.8,13.5,3.4,2,89.5,0,1,0.068,Low,0
29.4,75.4,11.7,0.2,17,54.7,0,1,0.497,Medium,0
26.2,75.6,4.4,5.5,2,90.6,0,4,0.028,Low,0
25.0,87.8,4.9,4.4,3,87.5,0,3,0.061,Low,0
34.0,45.9,2.1,0.0,5,87.0,1,9,0.947,Critical,1
31.6,39.8,15.5,0.0,10,73.3,0,7,0.586,High,0
25.5,76.8,1.9,44.1,1,92.7,0,4,0.036,Low,0
32.0,32.0,12.7,1.2,10,73.5,0,7,0.685,High,1
36.2,61.4,7.5,5.4,4,90.6,0,8,0.351,Medium,0
27.1,90.0,8.6,14.0,0,95.0,0,12,0.0,Low,0
36.0,53.2,6.3,0.0,18,55.5,0,8,0.773,Critical,1
33.1,48.9,6.6,0.0,11,71.6,0,7,0.764,Critical,1
28.5,26.2,6.9,2.0,3,89.2,0,7,0.497,Medium,0
26.8,81.2,3.1,84.5,3,88.4,0,2,0.0,Low,0
25.0,77.1,5.1,57.9,0,95.0,0,2,0.0,Low,0
31.5,64.0,16.9,0.3,13,65.8,0,7,0.574,High,1
31.4,64.2,7.2,1.9,20,48.2,1,9,0.785,Critical,1
34.2,45.1,8.4,0.0,14,64.6,0,6,0.775,Critical,1
29.1,49.7,5.9,6.0,4,87.1,1,8,0.466,Medium,1
30.2,41.0,17.3,0.0,24,37.6,0,7,0.629,High,0
26.9,80.6,10.2,7.3,3,88.5,1,3,0.117,Low,0
26.4,75.8,11.7,36.4,4,85.7,1,11,0.014,Low,0
25.2,59.4,18.0,10.3,2,90.1,1,11,0.098,Low,0
35.6,51.0,20.8,2.2,4,90.3,0,9,0.665,High,1
29.7,63.2,6.1,0.0,17,54.8,0,7,0.457,Medium,0
31.7,41.7,2.4,0.0,7,80.9,0,8,0.647,High,0
30.0,78.8,21.3,5.4,1,95.0,0,4,0.354,Medium,0
27.0,78.0,12.6,10.3,4,86.0,0,5,0.0,Low,0
27.0,74.5,9.5,3.6,0,95.0,1,2,0.093,Low,0
30.0,91.4,9.0,48.1,0,95.0,0,5,0.195,Low,0
28.1,85.4,5.6,6.4,0,95.0,0,11,0.083,Low,0
24.0,73.0,3.9,34.8,4,84.5,1,4,0.0,Low,0
25.5,90.5,5.3,2.8,4,85.3,0,3,0.143,Low,0
27.3,80.1,5.6,17.4,0,95.0,0,1,0.054,Low,0
29.2,74.0,6.0,4.2,2,92.1,1,1,0.191,Low,0
34.5,47.7,21.0,0.0,12,69.7,0,8,0.788,Critical,1
26.0,84.0,19.4,38.9,1,93.0,0,12,0.1,Low,1
29.6,74.2,2.1,9.5,2,92.3,1,12,0.175,Low,0
25.7,81.9,8.6,23.1,0,95.0,1,2,0.0,Low,1
29.2,48.9,12.0,0.0,14,62.1,1,9,0.843,Critical,1
24.6,87.5,18.2,7.5,2,89.8,0,11,0.135,Low,0
30.2,42.8,2.0,0.0,22,42.6,0,8,0.729,High,1
24.1,70.8,4.8,2.2,0,94.5,0,10,0.101,Low,0
25.7,84.9,4.6,25.1,2,90.3,0,3,0.0,Low,0
29.0,72.5,21.5,25.7,1,94.5,0,12,0.21,Low,0
25.8,80.4,10.9,3.8,4,85.4,1,10,0.034,Low,0
27.9,69.6,10.7,0.0,18,51.5,0,2,0.358,Medium,1
32.4,41.6,1.1,2.5,4,88.7,0,9,0.444,Medium,1
32.8,34.1,12.8,0.6,9,76.4,0,7,0.725,High,0
28.9,68.9,2.5,7.3,4,87.0,0,11,0.337,Low,1
29.3,84.2,9.8,5.9,0,95.0,0,2,0.258,Low,0
27.8,79.0,6.9,35.4,4,86.4,1,12,0.0,Low,0
35.0,33.9,0.3,1.0,17,57.5,0,8,0.738,High,0
31.7,50.8,2.9,8.7,4,88.4,0,9,0.291,Low,0
28.9,73.2,6.2,31.7,0,95.0,1,3,0.123,Low,0
32.9,37.0,16.6,0.8,10,73.9,1,8,0.985,Critical,1
26.5,83.1,4.1,6.2,0,95.0,0,5,0.009,Low,0
27.8,78.8,13.8,14.5,2,91.4,1,11,0.107,Low,0
34.1,31.3,16.2,0.0,7,82.0,1,7,0.954,Critical,1
36.4,64.0,5.3,1.3,11,73.2,1,7,0.815,Critical,1
24.0,75.7,7.6,0.2,9,72.0,1,2,0.37,Medium,1
28.9,85.6,10.0,13.2,1,94.4,1,10,0.094,Low,0
29.7,67.2,16.6,19.9,1,94.8,1,4,0.35,Medium,0
32.4,77.0,11.1,32.7,0,95.0,0,1,0.27,Low,1
28.6,87.2,11.7,18.9,2,91.8,0,12,0.15,Low,1
32.0,48.2,9.1,0.0,13,66.0,0,6,0.671,High,1
26.2,74.1,12.7,4.1,0,95.0,1,1,0.076,Low,0
30.0,79.8,10.8,7.7,2,92.5,0,12,0.3,Low,0
28.1,86.2,8.9,5.6,2,91.5,0,2,0.149,Low,0
28.6,69.4,18.9,47.0,3,89.3,1,12,0.407,Medium,0
24.7,68.2,13.3,25.6,2,89.9,0,1,0.019,Low,0
24.0,81.4,3.2,7.2,3,87.0,0,4,0.031,Low,0
27.2,85.7,15.4,18.9,0,95.0,1,10,0.051,Low,0
26.4,72.7,25.8,1.3,15,58.2,0,1,0.337,Low,0
26.0,66.2,9.2,0.6,12,65.5,1,1,0.424,Medium,1
27.2,68.1,15.4,18.0,2,91.1,0,12,0.023,Low,1
33.2,59.9,5.9,10.5,0,95.0,0,9,0.336,Low,1
26.2,88.4,5.0,60.5,3,88.1,0,12,0.069,Low,0
33.8,49.8,11.7,0.0,15,61.9,0,7,0.788,Critical,1
31.2,31.2,3.0,1.3,5,85.6,0,9,0.493,Medium,1
25.0,88.2,11.4,9.6,2,90.0,0,10,0.0,Low,0
28.7,70.1,1.1,0.0,21,44.4,0,9,0.43,Medium,1
26.3,84.6,2.8,18.5,1,93.1,0,11,0.053,Low,0
31.7,33.9,2.0,4.5,4,88.4,0,8,0.451,Medium,0
34.8,64.1,6.5,2.6,0,95.0,1,7,0.707,High,0
33.8,34.3,16.3,2.3,0,95.0,1,9,0.891,Critical,0
29.1,88.6,17.7,7.6,0,95.0,1,5,0.258,Low,0
29.0,55.0,4.9,2.4,3,89.5,0,7,0.232,Low,0
27.7,74.9,11.2,38.0,1,93.9,1,12,0.0,Low,0
31.1,51.2,3.1,0.0,22,43.0,1,6,1.0,Critical,1
24.8,73.0,20.7,18.5,4,84.9,0,1,0.073,Low,0
24.0,76.9,13.7,19.0,3,87.0,1,10,0.098,Low,0
25.6,79.3,6.3,11.4,0,95.0,0,2,0.075,Low,0
29.4,65.4,6.4,5.2,0,95.0,0,6,0.107,Low,0
31.8,52.2,24.3,0.0,20,48.4,0,8,0.645,High,1
27.6,68.5,16.6,15.9,4,86.3,1,4,0.184,Low,0
31.4,62.8,18.0,1.3,12,68.2,1,8,0.744,High,1
34.2,25.6,9.5,0.0,23,42.1,0,6,0.811,Critical,1
24.2,77.6,1.5,3.6,3,87.1,0,11,0.038,Low,0
25.5,70.2,2.3,27.9,1,92.8,0,1,0.066,Low,0
31.1,35.7,9.4,1.2,17,55.6,0,7,0.768,Critical,0
27.5,70.0,9.0,11.7,0,95.0,0,11,0.0,Low,0
26.1,81.0,28.1,10.8,3,88.1,1,2,0.108,Low,0
28.3,83.4,14.6,29.9,2,91.7,0,4,0.16,Low,0
33.6,47.4,17.1,0.0,18,54.3,1,7,0.988,Critical,1
24.0,88.8,17.5,10.9,2,89.5,0,2,0.106,Low,0
26.7,78.3,21.7,5.8,4,85.8,0,4,0.124,Low,0
24.8,66.5,13.7,4.9,0,94.9,1,5,0.153,Low,0
28.1,78.6,4.9,0.9,7,79.0,0,1,0.438,Medium,1
28.1,70.3,11.7,41.3,2,91.6,1,12,0.171,Low,0
26.7,71.6,3.2,4.3,3,88.4,1,4,0.06,Low,0
33.2,25.4,23.2,1.2,10,74.1,0,7,0.862,Critical,1
29.4,74.5,5.4,28.9,0,95.0,1,10,0.221,Low,0
24.9,72.7,6.1,16.3,4,85.0,1,11,0.0,Low,1
32.1,63.0,15.1,0.0,19,51.0,1,6,0.913,Critical,1
31.1,58.0,8.6,0.0,13,65.5,1,9,0.816,Critical,1
26.5,65.2,3.3,0.9,15,58.3,0,12,0.327,Low,0
27.9,78.1,10.9,6.2,1,93.9,1,4,0.055,Low,0
28.6,74.5,13.0,2.4,1,94.3,1,2,0.363,Medium,1
27.1,66.7,5.3,21.8,0,95.0,1,4,0.05,Low,0
26.0,69.5,5.8,0.8,18,50.5,1,10,0.52,Medium,0
29.5,80.3,12.0,7.8,4,87.3,0,2,0.165,Low,0
24.2,77.1,15.1,18.8,2,89.6,0,2,0.0,Low,0
25.8,81.8,27.8,62.3,2,90.4,0,12,0.107,Low,0
31.8,64.1,7.9,8.7,0,95.0,1,1,0.433,Medium,0
29.2,91.8,8.4,23.6,0,95.0,0,11,0.195,Low,0
31.9,45.3,27.3,2.1,1,95.0,1,9,0.819,Critical,1
33.8,41.2,8.7,2.2,3,91.9,1,7,0.863,Critical,1
33.6,71.2,34.8,0.0,5,86.8,0,7,0.57,High,1
32.1,48.0,5.0,0.0,7,81.1,1,7,0.982,Critical,1
30.3,95.0,25.2,11.8,3,90.1,0,4,0.331,Low,0
25.8,69.8,6.3,7.7,3,87.9,0,12,0.05,Low,0
31.8,69.0,4.0,0.0,19,50.9,1,6,0.834,Critical,0
27.9,84.4,5.8,23.7,4,86.4,1,2,0.0,Low,1
27.8,80.1,2.2,1.1,11,68.9,0,1,0.21,Low,0
25.0,67.8,11.2,1.4,14,60.0,0,5,0.185,Low,0
31.2,55.2,4.9,0.0,5,85.6,0,8,0.428,Medium,0
34.0,54.1,9.2,0.8,14,64.5,1,8,0.971,Critical,1
28.9,53.0,4.4,0.0,21,44.5,0,6,0.702,High,1
24.0,95.0,9.6,1.1,22,39.5,0,1,0.205,Low,0
35.3,48.6,5.1,0.4,18,55.2,0,9,0.707,High,0
28.8,93.6,17.4,35.9,0,95.0,1,12,0.221,Low,0
26.2,69.9,14.8,5.5,2,90.6,1,2,0.101,Low,0
26.8,69.8,3.6,1.0,22,40.9,0,1,0.336,Low,0
26.6,75.3,15.5,10.3,3,88.3,0,5,0.002,Low,0
28.4,77.0,8.2,7.9,3,89.2,1,4,0.206,Low,0
29.1,72.7,2.0,16.4,0,95.0,0,4,0.128,Low,0
33.5,45.6,17.8,0.0,19,51.7,1,9,0.996,Critical,1
28.8,68.9,7.9,1.0,7,79.4,1,10,0.444,Medium,1
27.9,44.9,3.4,0.0,19,48.9,0,7,0.645,High,0
27.0,83.3,34.1,0.0,11,68.5,0,3,0.365,Medium,1
29.6,37.9,4.5,3.6,2,92.3,0,9,0.339,Low,0
28.2,62.5,8.7,13.1,4,86.6,1,5,0.247,Low,0
27.6,85.3,11.0,2.1,3,88.8,0,11,0.165,Low,0
32.2,46.9,23.4,0.0,5,86.1,0,6,0.614,High,1
26.9,40.5,17.6,8.2,1,93.5,0,6,0.241,Low,1
26.4,95.0,1.4,2.7,0,95.0,0,12,0.138,Low,0
36.9,49.5,4.6,0.0,17,58.4,1,9,1.0,Critical,1
25.3,85.9,2.5,6.7,1,92.6,0,4,0.0,Low,0
25.3,68.1,15.2,33.3,2,90.2,0,1,0.055,Low,1
31.9,85.1,21.3,11.3,0,95.0,1,3,0.478,Medium,0
32.7,50.2,8.9,0.3,16,58.9,1,6,0.958,Critical,1
26.7,64.4,1.7,0.9,15,58.3,1,2,0.513,Medium,1
30.3,57.4,3.3,0.0,7,80.2,0,9,0.451,Medium,0
31.7,66.6,14.9,0.8,11,70.8,0,8,0.584,High,0
25.5,83.2,0.9,16.3,2,90.2,0,5,0.064,Low,0
28.4,71.2,30.3,4.4,1,94.2,1,4,0.395,Medium,0
24.0,67.5,8.9,2.3,2,89.5,0,1,0.155,Low,0
30.7,74.3,3.5,28.2,2,92.8,1,3,0.318,Low,0
27.8,76.5,2.0,25.4,1,93.9,1,1,0.026,Low,1
32.1,49.1,1.3,1.5,6,83.5,1,8,0.726,High,1
27.6,85.9,1.0,47.0,2,91.3,0,2,0.0,Low,0
29.7,65.9,5.7,0.0,9,74.8,1,8,0.582,High,1
26.2,75.1,1.6,14.4,0,95.0,0,10,0.0,Low,0
27.6,93.9,7.1,10.4,1,93.8,0,2,0.0,Low,0
36.7,32.4,17.4,0.0,11,73.4,0,7,0.851,Critical,1
29.5,74.4,5.2,1.5,9,74.8,1,3,0.416,Medium,0
26.4,83.9,3.6,0.5,15,58.2,1,12,0.397,Medium,0
28.1,83.2,3.0,2.8,3,89.1,1,1,0.274,Low,0
25.5,74.5,10.3,2.0,11,67.7,0,4,0.217,Low,0
30.6,67.3,6.3,8.8,0,95.0,0,4,0.321,Low,0
29.3,80.6,10.5,4.7,2,92.1,0,3,0.094,Low,0
31.0,36.7,8.9,0.6,15,60.5,0,6,0.793,Critical,0
27.4,85.1,7.7,13.7,3,88.7,0,1,0.0,Low,0
31.0,71.2,1.0,29.3,2,93.0,0,1,0.217,Low,0
30.7,38.7,2.8,0.8,16,57.9,0,7,0.82,Critical,1
27.1,73.7,5.3,19.9,4,86.0,1,11,0.0,Low,0
28.5,46.5,2.9,14.6,4,86.7,1,7,0.286,Low,0
27.7,33.1,11.7,0.0,14,61.4,0,8,0.576,High,0
31.9,34.3,7.9,0.0,10,73.4,0,9,0.672,High,1
27.3,76.2,16.2,54.8,3,88.6,0,10,0.068,Low,0
25.9,87.2,6.0,1.6,24,35.4,1,5,0.389,Medium,0
26.3,77.5,2.1,5.7,4,85.7,1,3,0.101,Low,0
27.5,91.0,16.9,6.8,0,95.0,0,10,0.006,Low,0
25.0,75.5,4.6,16.6,1,92.5,0,5,0.0,Low,0
27.1,82.2,10.1,8.4,0,95.0,0,12,0.0,Low,0
35.4,66.0,3.4,0.0,9,77.7,0,6,0.499,Medium,1
29.0,90.6,14.2,2.7,3,89.5,0,12,0.271,Low,0
26.8,69.9,7.4,12.7,0,95.0,1,11,0.139,Low,0
29.4,80.5,6.3,6.5,0,95.0,0,2,0.192,Low,0
24.0,72.4,19.2,8.5,3,87.0,1,5,0.191,Low,1
26.6,70.4,5.2,17.4,2,90.8,0,11,0.0,Low,0
25.1,95.0,3.9,9.0,1,92.5,1,10,0.006,Low,0
27.9,95.0,10.8,15.6,0,95.0,1,5,0.0,Low,0
31.9,80.8,4.1,8.7,0,95.0,0,10,0.176,Low,0
25.1,90.5,9.8,7.3,4,85.1,0,1,0.044,Low,0
25.5,71.1,11.1,5.7,0,95.0,1,4,0.104,Low,0
30.9,27.0,9.3,0.0,10,72.9,1,6,1.0,Critical,1
32.2,67.1,0.9,1.4,13,66.1,0,9,0.429,Medium,0
24.0,74.6,16.9,0.2,24,34.5,1,2,0.59,High,0
27.0,65.1,23.8,7.2,4,86.0,0,4,0.15,Low,0
28.3,36.6,11.4,0.0,10,71.7,1,7,0.912,Critical,1
32.3,48.1,8.1,0.0,5,86.2,0,6,0.539,Medium,0
30.6,45.4,7.9,2.2,0,95.0,0,9,0.473,Medium,0
27.9,82.3,9.2,30.6,3,89.0,0,1,0.0,Low,0
28.0,93.5,12.6,22.4,3,89.0,1,3,0.0,Low,0
25.0,88.5,6.5,9.4,0,95.0,0,12,0.0,Low,0
25.1,72.5,25.4,16.8,0,95.0,1,10,0.231,Low,0
25.6,83.6,2.5,0.9,18,50.3,0,2,0.324,Low,0
28.4,68.8,2.8,14.9,0,95.0,0,12,0.158,Low,1
35.2,38.4,13.0,0.6,19,52.6,1,9,1.0,Critical,1
28.9,81.5,6.0,3.8,3,89.4,0,10,0.193,Low,0
26.6,73.9,12.6,38.2,3,88.3,0,1,0.093,Low,0
27.4,89.8,7.7,8.6,4,86.2,0,1,0.0,Low,1
29.1,76.0,11.7,9.4,1,94.5,0,1,0.064,Low,0
28.0,70.3,10.6,8.1,2,91.5,1,11,0.111,Low,0
29.1,91.3,5.0,10.6,3,89.5,0,3,0.056,Low,0
28.4,74.6,12.1,67.9,4,86.7,0,12,0.126,Low,0
24.7,92.8,3.6,23.4,2,89.9,1,12,0.0,Low,0
26.9,82.4,17.2,37.1,3,88.4,0,5,0.058,Low,0
27.7,88.5,15.5,2.0,6,81.4,0,4,0.09,Low,0
26.4,69.1,13.6,8.7,2,90.7,0,5,0.141,Low,0
27.7,59.4,0.7,16.9,0,95.0,1,1,0.047,Low,1
30.6,73.3,11.4,9.3,4,87.8,0,10,0.224,Low,0
26.7,95.0,28.4,18.8,4,85.9,0,11,0.134,Low,0
28.8,66.0,4.3,3.5,0,95.0,1,4,0.246,Low,0
36.2,55.7,18.2,0.0,16,60.6,0,7,0.831,Critical,1
31.4,60.7,5.3,0.0,20,48.2,0,6,0.631,High,1
32.7,41.2,7.3,2.0,24,38.9,0,9,0.59,High,1
24.7,90.7,29.6,8.9,1,92.3,0,11,0.0,Low,1
34.2,27.4,2.4,1.5,17,57.1,0,8,0.789,Critical,1
27.2,69.1,1.9,16.3,4,86.1,1,10,0.124,Low,0
29.1,32.6,3.4,3.4,4,87.1,0,8,0.348,Low,0
26.3,90.1,6.9,2.0,7,78.2,1,3,0.188,Low,0
31.3,45.6,12.0,0.4,12,68.1,0,7,0.662,High,1
27.0,77.3,25.7,4.0,1,93.5,0,4,0.159,Low,0
34.5,66.1,2.9,0.0,18,54.8,0,7,0.787,Critical,1
24.0,74.7,3.8,13.6,1,92.0,0,12,0.064,Low,0
33.3,49.8,6.9,2.6,2,94.1,0,7,0.521,Medium,0
26.7,74.3,1.2,12.8,1,93.3,1,10,0.002,Low,1
27.1,92.2,5.4,2.9,1,93.5,0,11,0.189,Low,1
28.0,75.0,2.0,1.2,17,54.0,0,12,0.252,Low,0
35.0,44.0,12.9,0.0,19,52.5,1,7,1.0,Critical,1
34.9,44.6,20.5,7.7,0,95.0,0,9,0.568,High,0
32.7,60.6,2.3,1.1,11,71.4,0,9,0.474,Medium,0
29.8,73.9,12.9,2.5,0,95.0,0,3,0.274,Low,0
24.0,66.2,5.0,3.6,4,84.5,0,10,0.068,Low,0
29.4,35.8,22.2,0.8,9,74.7,0,8,0.744,High,1
30.0,41.0,13.6,2.5,3,90.0,1,6,0.672,High,0
27.0,80.3,3.7,6.1,4,86.0,1,2,0.093,Low,0
27.9,79.0,27.9,2.0,16,56.4,1,4,0.562,High,0
33.2,59.1,3.3,0.0,5,86.6,0,8,0.529,Medium,0
25.2,82.1,2.3,5.9,2,90.1,0,11,0.079,Low,0
27.6,80.6,3.4,14.9,2,91.3,0,4,0.11,Low,0
29.3,54.2,9.2,0.0,10,72.1,1,7,0.803,Critical,1
31.7,35.3,13.5,0.0,21,45.9,0,9,0.706,High,1
28.8,92.8,19.2,12.7,4,86.9,0,5,0.217,Low,1
24.0,79.0,12.7,22.4,2,89.5,0,10,0.005,Low,0
29.4,63.4,11.4,4.6,2,92.2,1,3,0.331,Low,0
35.0,52.9,1.5,0.0,9,77.5,0,6,0.66,High,1
26.1,67.1,6.5,8.5,2,90.5,0,2,0.08,Low,0
25.9,91.3,12.5,4.2,4,85.4,1,4,0.115,Low,0
32.7,42.3,18.2,0.0,16,58.9,0,8,0.834,Critical,1
26.5,74.7,4.7,24.2,4,85.8,0,1,0.0,Low,0
32.7,62.4,3.5,0.5,19,51.3,0,6,0.553,High,1
24.0,74.1,14.6,10.1,1,92.0,0,10,0.057,Low,0
28.7,79.0,3.1,6.2,3,89.3,0,4,0.154,Low,0
36.9,49.5,3.5,4.5,0,95.0,0,9,0.429,Medium,0
30.9,44.2,6.4,0.4,6,82.9,1,7,0.919,Critical,1
26.3,74.4,10.3,1.7,6,80.7,1,10,0.243,Low,0
29.7,37.1,21.9,0.0,14,62.4,1,6,1.0,Critical,0
30.4,60.7,9.0,0.0,20,47.7,1,9,0.953,Critical,1
32.0,49.7,1.6,0.0,10,73.5,1,9,0.882,Critical,1
24.0,78.5,3.4,68.9,0,94.5,0,5,0.02,Low,0
24.0,70.3,25.4,4.7,1,92.0,1,1,0.232,Low,0
26.6,85.9,7.1,14.1,4,85.8,0,3,0.0,Low,0
27.4,63.5,16.0,9.2,1,93.7,1,3,0.062,Low,0
34.0,40.6,12.9,0.0,17,57.0,1,6,1.0,Critical,1
34.0,27.4,22.1,0.0,23,42.0,0,6,0.962,Critical,1
25.6,67.4,12.8,0.1,21,42.8,0,3,0.448,Medium,0
30.1,78.3,9.5,38.0,2,92.5,1,4,0.273,Low,1
29.5,77.6,11.2,15.1,0,95.0,1,3,0.158,Low,0
31.3,75.9,6.0,9.5,4,88.1,0,4,0.145,Low,0
26.6,69.2,7.1,24.8,2,90.8,1,12,0.024,Low,0
27.2,80.1,8.1,5.6,4,86.1,0,3,0.023,Low,0
24.0,86.0,13.2,5.1,2,89.5,0,5,0.236,Low,0
29.4,91.4,7.5,9.1,0,95.0,0,3,0.128,Low,0
27.0,72.5,4.7,16.0,2,91.0,0,11,0.0,Low,0
27.0,86.5,26.4,13.2,3,88.5,0,10,0.068,Low,0
29.7,74.6,11.1,9.7,2,92.4,0,3,0.084,Low,0
27.5,65.2,7.8,0.0,10,71.3,1,9,0.427,Medium,1
29.0,89.9,3.7,51.0,0,95.0,0,10,0.017,Low,0
27.0,82.4,7.9,5.4,2,91.0,1,2,0.064,Low,0
27.9,78.9,2.7,14.9,2,91.4,1,11,0.0,Low,0
28.8,72.5,10.6,14.6,1,94.4,1,11,0.139,Low,0
27.8,90.4,13.4,12.9,3,88.9,0,1,0.037,Low,0
28.8,76.3,5.0,12.4,1,94.4,0,10,0.067,Low,1
36.8,49.4,15.1,0.0,24,40.9,1,9,1.0,Critical,0
36.9,47.0,6.7,0.0,7,83.5,1,9,1.0,Critical,1
31.1,76.9,5.1,0.0,24,38.1,1,9,0.796,Critical,1
28.1,74.2,12.2,0.1,15,59.1,0,2,0.411,Medium,1
26.9,74.2,14.9,3.1,3,88.4,0,2,0.059,Low,0
28.6,46.7,11.6,0.0,17,54.3,0,8,0.614,High,0
29.0,53.0,21.3,6.5,4,87.0,1,6,0.663,High,1
38.0,43.5,1.6,0.0,10,76.5,1,6,0.94,Critical,1
26.4,44.0,7.3,7.7,0,95.0,1,8,0.356,Medium,0
31.5,45.2,36.5,0.0,8,78.3,0,9,0.613,High,1
30.0,81.0,31.0,17.0,2,92.5,0,5,0.298,Low,0
24.0,68.1,14.6,1.7,23,37.0,0,12,0.34,Low,1
29.0,77.6,12.7,0.9,21,44.5,0,10,0.461,Medium,0
30.1,73.9,9.4,1.3,21,45.1,0,12,0.506,Medium,0
36.0,42.5,9.3,0.0,24,40.5,0,8,0.808,Critical,1
27.7,78.6,6.9,3.9,1,93.8,1,2,0.08,Low,0
33.0,56.5,11.5,0.1,7,81.5,0,8,0.518,Medium,1
27.5,83.9,7.5,1.6,18,51.2,0,5,0.264,Low,0
27.5,59.4,11.3,19.7,3,88.8,1,10,0.084,Low,0
26.0,74.6,14.4,30.0,2,90.5,0,12,0.0,Low,0
31.3,40.9,12.8,6.1,2,93.2,0,7,0.409,Medium,1
29.4,78.2,23.7,15.6,3,89.7,0,3,0.043,Low,1
27.3,74.6,9.2,1.1,13,63.6,0,3,0.157,Low,0
28.5,83.3,11.4,2.5,1,94.2,0,11,0.29,Low,0
34.0,63.3,1.7,4.7,0,95.0,0,9,0.383,Medium,0
27.0,77.1,13.0,9.4,4,86.0,0,4,0.036,Low,0
27.9,72.8,9.2,9.2,0,95.0,1,3,0.0,Low,0
35.2,40.6,8.1,0.0,5,87.6,0,7,0.661,High,0
27.0,76.7,26.2,28.4,2,91.0,0,10,0.06,Low,1
26.5,76.8,1.7,15.1,3,88.2,0,3,0.0,Low,0
34.9,53.3,4.0,0.2,18,55.0,0,9,0.767,Critical,1
27.1,69.7,4.3,23.5,1,93.5,1,10,0.055,Low,0
36.3,43.3,28.0,8.0,1,95.0,0,9,0.664,High,1
25.3,82.2,10.5,0.8,15,57.6,0,3,0.288,Low,0
34.4,46.5,13.7,0.0,14,64.7,0,6,0.805,Critical,1
25.6,69.8,6.0,12.4,2,90.3,0,11,0.028,Low,0
27.6,81.1,17.8,23.0,1,93.8,1,5,0.035,Low,0
28.0,59.5,13.1,0.0,18,51.5,1,8,0.695,High,0
31.3,64.0,9.7,0.0,5,85.7,1,7,0.671,High,1
26.1,79.8,5.8,3.5,1,93.1,0,11,0.076,Low,0
28.1,93.7,20.5,28.8,0,95.0,1,4,0.288,Low,0
30.5,57.5,5.4,2.7,3,90.2,0,6,0.324,Low,0
28.1,83.8,7.6,12.7,4,86.6,1,5,0.168,Low,1
28.1,75.5,20.1,8.4,3,89.0,0,1,0.201,Low,0
25.8,68.0,7.8,2.2,2,90.4,1,3,0.151,Low,0
31.7,50.3,16.9,3.1,1,95.0,1,9,0.683,High,0
27.2,90.3,7.5,6.4,3,88.6,0,4,0.051,Low,0
32.4,43.1,2.2,10.9,3,91.2,0,8,0.456,Medium,1
31.3,53.8,5.0,0.0,20,48.2,1,6,1.0,Critical,1
30.7,77.2,3.6,5.0,4,87.8,0,8,0.288,Low,0
28.2,81.6,14.0,0.3,14,61.6,0,3,0.37,Medium,0
26.2,29.1,6.2,0.0,9,73.1,0,8,0.505,Medium,1
27.5,78.7,10.6,2.2,2,91.2,0,4,0.121,Low,0
28.3,89.4,19.0,30.2,2,91.6,1,3,0.267,Low,0
28.0,73.6,6.2,5.5,0,95.0,0,5,0.076,Low,0
33.8,52.8,10.4,0.0,19,51.9,0,6,0.754,Critical,1
25.7,90.5,10.9,1.3,5,82.9,1,4,0.125,Low,0
27.1,89.3,2.0,3.6,0,95.0,0,11,0.077,Low,0
29.3,76.0,10.3,13.0,2,92.1,0,11,0.103,Low,1
27.6,81.3,3.9,5.6,3,88.8,1,5,0.141,Low,0
25.1,74.2,6.9,12.5,2,90.0,0,3,0.095,Low,0
27.6,66.5,12.5,19.3,4,86.3,0,4,0.0,Low,0
27.0,84.3,6.2,19.3,2,91.0,1,1,0.066,Low,0
30.1,92.3,1.3,12.8,3,90.0,0,5,0.147,Low,0
25.8,78.6,9.4,29.5,3,87.9,1,12,0.0,Low,0
26.5,73.8,3.2,5.5,1,93.3,0,5,0.029,Low,0
26.1,71.1,11.7,2.2,4,85.6,0,5,0.108,Low,0
24.4,63.2,13.6,5.1,2,89.7,0,5,0.126,Low,0
34.1,46.9,4.4,0.0,14,64.5,1,6,0.971,Critical,1
25.3,78.4,3.3,37.6,3,87.7,1,4,0.0,Low,0
31.2,50.5,8.5,0.0,10,73.1,1,8,0.881,Critical,1
26.2,78.6,8.2,33.8,2,90.6,1,11,0.007,Low,0
28.1,66.3,12.1,1.2,7,79.0,1,10,0.521,Medium,1
30.7,64.6,10.1,37.0,1,95.0,0,10,0.233,Low,0
25.4,86.3,10.8,43.9,0,95.0,0,5,0.016,Low,0
27.8,72.2,5.2,24.5,4,86.4,0,12,0.0,Low,0
36.4,43.6,5.0,0.0,8,80.7,0,6,0.75,High,0
29.9,38.8,17.7,0.0,22,42.5,0,9,0.773,Critical,0
29.7,84.0,7.2,24.0,1,94.9,1,11,0.083,Low,0
27.5,86.6,4.2,23.4,2,91.3,0,5,0.067,Low,0
24.3,75.6,2.0,3.8,4,84.7,1,2,0.147,Low,0
32.6,54.0,8.3,0.0,9,76.3,0,6,0.587,High,1
31.4,77.0,4.0,17.6,1,95.0,0,10,0.212,Low,0
33.0,31.8,14.5,0.0,11,71.5,1,6,1.0,Critical,1
27.3,88.1,18.6,2.1,0,95.0,1,4,0.186,Low,0
29.9,56.8,11.4,0.0,10,72.4,0,8,0.427,Medium,1
26.9,77.3,7.0,9.9,3,88.5,1,4,0.047,Low,0
28.8,68.4,3.7,8.9,2,91.9,0,5,0.17,Low,0
25.7,78.5,13.5,5.3,2,90.3,1,5,0.089,Low,0
26.9,74.6,3.2,1.5,16,55.9,1,3,0.382,Medium,0
35.1,53.3,3.6,0.0,10,75.1,1,9,1.0,Critical,1
27.1,78.1,3.1,0.7,18,51.1,1,12,0.44,Medium,0
33.4,54.0,6.0,5.0,4,89.2,0,9,0.542,Medium,0
28.9,65.1,22.7,12.4,0,95.0,0,10,0.244,Low,0
33.1,26.2,43.7,0.0,11,71.6,0,6,0.934,Critical,0
31.1,37.2,11.3,0.0,15,60.6,0,9,0.768,Critical,1
24.6,70.8,6.8,6.5,3,87.3,1,10,0.036,Low,0
35.3,41.4,13.0,0.0,11,72.7,1,6,1.0,Critical,1
34.5,56.2,24.5,0.0,13,67.2,1,6,1.0,Critical,0
24.0,71.2,7.1,2.5,3,87.0,0,1,0.044,Low,0
25.6,89.6,16.4,6.7,4,85.3,0,11,0.024,Low,0
25.8,84.9,16.9,3.3,4,85.4,1,10,0.19,Low,0
28.0,78.0,18.5,4.5,0,95.0,1,10,0.374,Medium,0
32.0,63.8,0.6,0.0,23,41.0,0,9,0.537,Medium,0
24.2,82.8,26.8,2.8,2,89.6,1,1,0.42,Medium,1
33.9,39.3,7.7,6.0,3,91.9,0,8,0.595,High,1
26.9,83.4,8.8,22.4,0,95.0,0,2,0.0,Low,1
32.1,49.4,12.1,0.0,15,61.1,1,9,1.0,Critical,1
24.4,82.5,12.3,1.3,20,44.7,0,12,0.308,Low,0
30.6,76.0,6.7,14.6,2,92.8,1,3,0.242,Low,0
25.9,66.5,9.5,52.5,0,95.0,1,11,0.075,Low,0
25.9,68.1,1.8,18.4,2,90.5,0,11,0.114,Low,0
32.9,49.5,2.7,0.0,17,56.4,1,9,1.0,Critical,0
24.0,77.5,14.9,19.4,2,89.5,0,4,0.0,Low,0
26.7,71.2,4.9,9.7,4,85.9,0,1,0.0,Low,0
28.6,91.4,6.9,6.1,2,91.8,0,2,0.127,Low,0
27.6,52.3,17.2,3.6,3,88.8,0,9,0.268,Low,0
25.1,68.6,5.3,3.0,0,95.0,1,4,0.14,Low,0
33.8,27.0,7.2,0.0,22,44.4,0,8,0.851,Critical,1
27.3,84.9,7.7,41.4,4,86.1,0,4,0.01,Low,0
26.8,74.3,4.2,1.7,10,70.9,1,4,0.213,Low,0
28.4,77.6,4.6,28.1,0,95.0,1,3,0.19,Low,0
31.6,49.0,10.6,10.8,1,95.0,0,7,0.344,Low,0
26.0,67.8,7.3,4.1,0,95.0,1,1,0.158,Low,1
24.6,61.0,8.9,35.6,3,87.3,1,3,0.136,Low,0
27.5,88.0,12.0,0.6,12,66.2,1,5,0.496,Medium,1
24.0,79.3,8.0,12.2,4,84.5,0,5,0.0,Low,0
32.8,62.3,3.8,5.6,3,91.4,1,9,0.427,Medium,1
28.0,61.4,8.2,0.7,16,56.5,0,11,0.399,Medium,0
25.5,83.3,2.0,15.9,0,95.0,1,11,0.0,Low,0
27.9,56.8,7.2,28.5,1,94.0,0,5,0.016,Low,0
29.9,59.5,11.4,45.1,0,95.0,0,11,0.214,Low,0
26.9,65.0,4.6,2.5,2,91.0,0,10,0.193,Low,0
34.0,65.7,9.3,0.2,18,54.5,1,6,1.0,Critical,1
30.5,48.2,3.6,0.0,22,42.7,1,8,0.981,Critical,1
32.2,73.4,5.3,1.1,19,51.1,1,9,0.691,High,1
24.0,69.9,16.9,37.3,2,89.5,1,11,0.191,Low,0
36.3,61.1,30.8,0.0,23,43.2,0,8,0.846,Critical,1
34.8,66.0,33.5,0.0,23,42.4,0,7,0.832,Critical,1
27.4,63.4,19.8,84.6,4,86.2,0,5,0.131,Low,0
31.4,71.6,18.2,0.0,12,68.2,0,8,0.619,High,1
30.1,88.7,26.5,44.7,2,92.6,1,10,0.384,Medium,0
27.8,83.7,13.4,18.9,1,93.9,1,4,0.02,Low,0
26.4,56.3,26.1,0.0,15,58.2,1,8,0.602,High,1
28.3,34.7,4.4,8.9,1,94.2,0,7,0.263,Low,0
25.8,74.5,15.1,3.7,3,87.9,0,12,0.04,Low,0
33.2,44.0,4.0,0.0,19,51.6,0,6,0.811,Critical,1
27.5,87.3,4.7,0.4,5,83.7,0,12,0.169,Low,1
33.6,37.1,8.4,2.3,3,91.8,0,8,0.688,High,1
26.6,74.9,7.4,17.9,1,93.3,0,2,0.063,Low,0
31.1,40.1,10.7,0.0,13,65.5,0,7,0.718,High,1
27.4,57.6,22.5,0.8,24,36.2,1,12,0.67,High,1
25.7,77.6,13.6,11.1,4,85.4,0,2,0.123,Low,0
27.9,80.8,1.0,1.3,24,36.4,0,10,0.221,Low,0
25.5,86.7,21.6,21.8,2,90.3,1,12,0.187,Low,0
27.5,72.5,10.3,27.2,4,86.2,0,1,0.0,Low,0
27.8,77.2,7.5,4.3,1,93.9,0,1,0.045,Low,0
36.5,57.5,8.5,0.0,9,78.2,0,6,0.569,High,1
25.5,80.7,8.4,12.5,2,90.3,1,10,0.062,Low,0
24.0,79.0,5.5,5.9,3,87.0,0,10,0.053,Low,0
25.0,79.1,4.5,44.5,0,95.0,0,2,0.0,Low,0
32.2,69.2,9.1,14.2,1,95.0,1,2,0.323,Low,0
33.5,80.3,22.5,0.0,6,84.3,0,8,0.69,High,1
28.5,74.0,10.1,2.0,2,91.7,1,7,0.33,Low,0
25.5,84.8,2.5,51.4,4,85.3,0,4,0.0,Low,0
28.3,63.1,5.8,41.7,0,95.0,0,10,0.183,Low,0
30.4,80.3,19.3,0.0,19,50.2,0,3,0.595,High,1
27.0,66.8,1.3,2.0,14,61.0,0,2,0.3,Low,0
32.8,45.0,10.0,0.0,19,51.4,1,9,1.0,Critical,0
31.2,70.7,0.2,0.0,11,70.6,0,8,0.53,Medium,0
29.0,59.2,5.1,3.6,4,87.0,0,6,0.187,Low,0
28.8,52.7,11.9,0.0,21,44.4,0,6,0.51,Medium,1
34.5,52.4,3.3,0.0,22,44.7,0,6,0.834,Critical,1
27.8,69.6,4.2,3.6,1,93.9,0,1,0.048,Low,0
26.9,80.7,7.7,14.3,3,88.5,1,2,0.078,Low,0
24.0,57.8,12.3,0.0,12,64.5,0,9,0.378,Medium,0
28.7,71.2,22.6,55.3,2,91.9,0,3,0.1,Low,0
32.1,30.6,19.0,2.6,3,91.1,0,8,0.568,High,1
32.5,50.7,11.2,0.0,14,63.7,1,8,0.944,Critical,0
26.4,79.2,4.1,15.7,3,88.2,1,5,0.035,Low,0
28.5,81.1,12.7,13.3,3,89.2,1,10,0.215,Low,0
26.2,81.6,3.9,57.1,4,85.6,0,3,0.031,Low,1
24.0,85.4,29.7,3.5,3,87.0,1,4,0.243,Low,0
25.7,91.1,7.0,21.7,3,87.9,0,2,0.006,Low,0
32.5,63.6,17.2,4.1,0,95.0,0,7,0.319,Low,0
27.0,70.3,4.6,90.0,0,95.0,0,11,0.035,Low,0
26.6,81.9,3.5,11.7,1,93.3,0,1,0.063,Low,0
28.3,90.7,10.6,2.2,4,86.7,0,3,0.189,Low,0
33.7,48.0,5.3,0.0,8,79.4,0,8,0.749,High,0
30.2,35.3,17.4,0.0,9,75.1,1,9,0.963,Critical,1
26.8,74.5,8.0,9.5,1,93.4,1,3,0.005,Low,0
31.2,87.1,8.8,5.0,3,90.6,1,2,0.409,Medium,0
24.2,76.0,10.6,0.9,13,62.1,0,1,0.315,Low,0
28.5,81.4,4.4,10.9,0,95.0,1,11,0.143,Low,0
26.7,73.5,0.7,2.2,3,88.4,1,10,0.061,Low,0
27.8,73.1,4.3,3.7,0,95.0,0,1,0.0,Low,1
28.4,74.4,7.1,67.8,0,95.0,0,2,0.043,Low,0
25.3,82.6,6.1,13.0,1,92.7,1,12,0.0,Low,0
29.2,29.3,7.0,0.0,21,44.6,0,9,0.724,High,1
27.6,61.4,6.5,1.6,17,53.8,0,10,0.295,Low,0
25.2,66.8,10.5,3.6,2,90.1,1,2,0.1,Low,0
27.4,55.4,2.5,3.1,4,86.2,0,9,0.089,Low,0
28.5,64.6,8.4,5.4,1,94.3,0,11,0.138,Low,0
28.8,47.3,6.8,0.5,16,56.9,1,9,0.937,Critical,1
36.3,53.3,3.4,0.0,11,73.1,1,7,1.0,Critical,1
26.3,90.6,15.6,27.1,2,90.7,0,12,0.029,Low,0
29.1,60.1,5.4,4.1,4,87.0,1,11,0.251,Low,0
35.8,33.3,14.7,0.0,7,82.9,0,9,0.81,Critical,1
26.0,92.4,8.1,12.7,0,95.0,0,2,0.0,Low,0
27.2,83.0,8.3,1.5,23,38.6,0,2,0.299,Low,0
25.7,76.5,6.0,14.7,0,95.0,1,4,0.088,Low,1
27.0,68.5,6.2,8.9,3,88.5,1,2,0.138,Low,0
38.0,39.2,15.2,0.0,6,86.5,0,8,0.889,Critical,1
29.3,58.5,5.4,0.0,6,82.2,0,6,0.33,Low,0
28.3,70.2,9.7,1.2,19,49.2,1,5,0.532,Medium,0
27.2,84.5,4.2,41.6,2,91.1,0,4,0.0,Low,1
27.3,73.7,14.1,2.7,2,91.2,0,10,0.193,Low,0
31.0,59.2,10.9,2.6,1,95.0,0,6,0.353,Medium,1
31.9,62.2,4.5,0.0,17,56.0,1,7,0.98,Critical,1
30.4,55.7,27.9,0.0,14,62.7,1,7,1.0,Critical,1
24.0,70.2,2.2,61.4,3,87.0,0,5,0.009,Low,0
24.4,87.7,13.3,12.7,0,94.7,0,5,0.048,Low,0
31.6,43.1,7.9,0.0,7,80.8,0,9,0.585,High,0
28.3,73.5,12.3,1.0,5,84.1,1,7,0.583,High,1
27.3,73.5,35.4,6.6,2,91.1,0,11,0.206,Low,1
28.2,61.2,17.9,3.8,2,91.6,0,8,0.335,Low,0
29.0,65.4,5.7,16.3,0,95.0,1,1,0.166,Low,1
26.4,78.3,25.8,6.6,4,85.7,1,2,0.218,Low,0
26.2,84.1,2.4,3.5,1,93.1,1,2,0.144,Low,0
29.1,46.6,7.8,0.0,10,72.0,1,8,0.835,Critical,1
29.4,36.1,7.7,7.5,0,95.0,1,7,0.59,High,1
26.7,89.5,19.5,11.4,4,85.9,1,2,0.026,Low,0
25.0,72.6,8.4,3.8,0,95.0,0,10,0.039,Low,0
28.9,41.9,23.2,1.4,18,52.0,1,7,0.918,Critical,1
27.2,76.7,14.8,32.3,1,93.6,0,5,0.014,Low,0
24.0,68.6,7.8,6.4,4,84.5,0,5,0.207,Low,0
31.2,73.3,3.3,13.2,0,95.0,1,3,0.288,Low,0
31.8,64.4,6.2,0.0,18,53.4,0,6,0.63,High,1
25.7,75.0,8.2,8.1,4,85.4,0,5,0.0,Low,0
26.2,88.9,11.8,1.3,8,75.6,1,2,0.309,Low,0
33.3,57.9,9.9,0.0,8,79.2,0,6,0.605,High,0
30.1,80.1,5.3,7.7,2,92.5,0,12,0.316,Low,0
24.6,48.1,6.9,7.7,4,84.8,1,9,0.342,Low,0
33.9,80.4,1.0,6.5,4,89.4,0,1,0.329,Low,0
24.9,80.1,5.3,14.1,0,95.0,0,5,0.0,Low,0
27.2,90.4,12.9,0.9,8,76.1,0,12,0.324,Low,0
24.0,85.2,1.1,8.4,4,84.5,0,10,0.079,Low,0
29.3,46.9,2.2,0.0,22,42.2,1,8,0.921,Critical,1
26.1,78.3,2.5,12.0,2,90.6,1,11,0.05,Low,0
32.1,78.8,5.3,14.9,0,95.0,0,12,0.184,Low,0
29.5,74.9,8.0,0.5,13,64.7,1,12,0.526,Medium,0
25.1,78.4,18.6,7.3,2,90.1,1,2,0.173,Low,0
25.6,73.0,7.3,0.8,6,80.3,0,1,0.283,Low,0
33.2,42.2,6.9,0.0,10,74.1,1,6,1.0,Critical,1
26.8,78.7,15.9,15.6,3,88.4,1,1,0.074,Low,0
32.5,54.0,9.1,0.0,13,66.2,1,8,1.0,Critical,1
27.4,68.3,7.5,30.5,4,86.2,0,2,0.161,Low,0
26.8,73.5,4.9,46.3,2,90.9,0,3,0.0,Low,0
32.6,25.0,29.4,0.0,7,81.3,0,8,0.711,High,1
29.3,70.1,20.2,7.9,0,95.0,1,11,0.327,Low,0
32.8,45.3,18.6,0.1,23,41.4,1,7,0.957,Critical,1
26.6,83.6,10.4,2.7,3,88.3,1,3,0.175,Low,0
32.3,34.7,22.9,0.0,7,81.2,1,7,1.0,Critical,1
26.7,87.7,15.9,11.1,0,95.0,0,1,0.065,Low,1
26.8,84.6,9.2,17.9,0,95.0,1,11,0.0,Low,0
29.0,30.5,14.8,4.3,2,92.0,0,6,0.534,Medium,1
25.5,74.2,14.5,4.1,3,87.8,0,3,0.025,Low,0
31.8,36.2,22.0,2.6,3,90.9,1,7,0.929,Critical,1
30.0,73.6,6.0,0.0,7,80.0,1,8,0.646,High,1
28.0,91.5,8.9,11.5,0,95.0,1,5,0.123,Low,0
29.2,69.1,2.8,1.2,15,59.6,1,5,0.532,Medium,0
26.1,72.4,8.9,2.0,4,85.6,0,1,0.162,Low,0
29.0,88.3,16.4,2.6,3,89.5,0,1,0.124,Low,0
30.9,76.5,1.8,0.0,18,53.0,1,8,0.855,Critical,1
26.7,80.3,2.1,1.8,8,75.9,1,2,0.196,Low,0
32.8,50.6,11.5,0.5,22,43.9,0,7,0.732,High,0
25.6,79.5,12.7,6.7,1,92.8,0,2,0.118,Low,0
31.6,42.7,29.9,0.0,13,65.8,1,9,1.0,Critical,1
28.2,80.1,10.7,30.3,3,89.1,0,12,0.068,Low,0
28.3,84.1,4.3,3.5,1,94.1,0,1,0.219,Low,0
27.3,76.5,14.3,9.7,2,91.2,0,11,0.0,Low,0
26.1,84.9,3.2,13.6,4,85.5,1,2,0.0,Low,1
29.9,80.9,17.4,1.4,9,74.9,0,12,0.341,Low,0
28.0,78.1,8.8,27.1,1,94.0,0,4,0.077,Low,0
27.5,74.5,11.7,13.5,1,93.8,0,1,0.048,Low,0
27.4,58.3,16.3,0.0,21,43.7,0,7,0.404,Medium,1
27.4,83.6,1.8,33.8,0,95.0,1,1,0.0,Low,0
30.1,43.5,23.0,1.0,15,60.1,1,7,0.978,Critical,1
28.6,74.2,1.2,30.8,3,89.3,0,5,0.064,Low,0
26.7,83.3,3.7,57.7,1,93.3,1,11,0.022,Low,0
29.5,80.5,2.7,7.3,1,94.8,0,4,0.161,Low,0
29.4,74.4,12.9,29.1,4,87.2,1,5,0.227,Low,0
26.1,66.8,14.6,8.9,3,88.0,0,11,0.077,Low,0
30.7,69.0,8.9,5.9,0,95.0,1,5,0.488,Medium,0
30.7,37.0,12.5,0.0,5,85.4,1,8,1.0,Critical,1
34.5,51.7,5.1,3.4,2,94.8,1,8,0.701,High,1
27.3,92.7,6.5,22.5,3,88.6,0,12,0.085,Low,0
25.9,76.8,4.9,9.1,2,90.5,0,10,0.128,Low,0
29.3,69.9,23.9,35.5,2,92.1,0,2,0.161,Low,0
25.2,80.2,6.3,12.2,2,90.1,1,2,0.039,Low,0
29.3,82.4,15.9,3.5,1,94.6,1,3,0.362,Medium,0
24.1,71.8,11.3,17.2,4,84.6,0,11,0.0,Low,0
33.0,50.7,8.8,4.1,4,89.0,1,7,0.713,High,1
28.2,82.2,10.8,6.2,1,94.1,0,2,0.159,Low,0
28.2,90.8,11.6,1.4,12,66.6,1,11,0.435,Medium,0
31.7,35.5,13.6,4.3,4,88.4,0,8,0.57,High,1
27.3,72.6,18.6,10.3,0,95.0,0,2,0.09,Low,0
30.0,35.6,28.5,0.0,5,85.0,1,8,1.0,Critical,1
30.2,73.4,5.3,38.0,3,90.1,0,12,0.213,Low,0
27.5,69.2,6.6,1.7,10,71.2,0,3,0.22,Low,0
26.3,82.7,14.1,14.1,1,93.1,1,3,0.068,Low,1
30.9,38.6,13.3,0.0,13,65.4,1,6,1.0,Critical,1
30.9,34.2,19.2,2.4,2,93.0,1,8,0.894,Critical,1
32.5,54.8,6.1,0.0,22,43.8,0,7,0.799,Critical,0
30.4,80.4,5.6,8.8,4,87.7,1,4,0.354,Medium,1
27.1,61.7,9.1,10.2,1,93.6,1,2,0.094,Low,0
29.1,79.0,2.3,2.6,1,94.6,0,1,0.069,Low,0
29.7,75.7,17.6,0.6,12,67.3,1,4,0.602,High,1
30.8,57.5,8.1,28.5,2,92.9,0,3,0.285,Low,0
25.7,86.6,7.0,1.8,17,52.8,1,12,0.476,Medium,0
26.8,85.8,6.6,18.5,1,93.4,0,2,0.0,Low,0
27.0,65.7,6.2,21.9,4,86.0,1,12,0.052,Low,0
29.5,81.0,13.4,4.5,3,89.8,0,3,0.211,Low,0
31.9,50.5,26.1,4.0,4,88.5,0,6,0.543,Medium,0
31.9,71.9,4.4,1.7,20,48.5,0,9,0.401,Medium,0
27.2,88.4,6.8,12.7,3,88.6,0,2,0.039,Low,0
32.3,48.9,17.0,5.6,1,95.0,0,8,0.472,Medium,0
26.6,79.6,9.3,6.6,4,85.8,0,3,0.079,Low,0
28.8,70.8,8.1,29.4,2,91.9,0,12,0.128,Low,0
27.7,84.4,3.1,18.5,3,88.8,1,4,0.0,Low,1
30.9,86.3,2.4,0.6,12,68.0,0,1,0.435,Medium,1
25.6,57.1,10.2,16.0,0,95.0,1,5,0.015,Low,0
33.3,41.8,9.7,0.0,6,84.1,0,6,0.674,High,0
37.6,56.0,15.9,0.0,14,66.3,1,9,0.984,Critical,1
26.5,82.0,21.1,0.7,21,43.2,1,2,0.619,High,1
25.7,91.1,10.2,19.5,1,92.8,1,12,0.0,Low,0
28.9,80.5,7.2,26.2,4,87.0,0,12,0.154,Low,1
26.1,85.7,5.2,33.9,4,85.5,0,11,0.008,Low,0
29.3,76.4,10.7,15.9,1,94.6,0,1,0.163,Low,1
28.3,81.7,10.0,1.7,22,41.7,0,4,0.323,Low,0
29.0,76.6,7.1,26.6,3,89.5,0,12,0.275,Low,0
28.7,49.2,7.7,0.0,21,44.4,1,9,0.86,Critical,1
25.3,76.1,9.2,12.3,0,95.0,1,10,0.0,Low,0
28.2,74.7,15.5,3.2,2,91.6,0,11,0.127,Low,0
24.7,81.1,13.8,16.4,4,84.9,0,1,0.0,Low,0
29.8,46.7,5.0,0.0,14,62.4,1,9,0.856,Critical,1
27.5,92.3,8.2,28.1,3,88.7,0,2,0.0,Low,0
26.8,80.0,11.1,19.4,0,95.0,0,2,0.0,Low,0
26.8,44.3,38.3,0.8,24,35.9,0,7,0.537,Medium,0
33.9,48.7,1.4,0.7,9,77.0,0,8,0.659,High,1
25.8,80.7,16.7,6.2,3,87.9,1,1,0.108,Low,0
27.2,69.0,12.1,0.0,5,83.6,0,9,0.256,Low,0
30.9,45.8,19.6,4.3,2,92.9,0,8,0.417,Medium,0
26.2,72.6,14.3,4.7,0,95.0,0,11,0.088,Low,0
28.9,73.6,1.9,10.3,1,94.4,0,10,0.111,Low,0
35.1,34.6,9.2,0.0,16,60.0,0,9,0.919,Critical,1
26.4,84.4,14.1,25.0,1,93.2,1,11,0.101,Low,0
25.4,61.1,10.5,9.9,0,95.0,0,12,0.025,Low,0
28.3,74.7,9.4,20.1,1,94.2,0,1,0.068,Low,0
34.2,28.0,1.6,0.0,12,69.6,1,8,1.0,Critical,1
27.2,80.5,12.6,100.0,0,95.0,0,11,0.056,Low,0
30.0,65.7,5.2,58.5,4,87.5,0,3,0.099,Low,0
33.5,44.0,21.2,0.6,11,71.7,1,6,1.0,Critical,1
34.8,33.3,21.7,0.0,12,69.9,0,7,0.95,Critical,1
27.2,84.3,17.6,5.6,3,88.6,1,12,0.138,Low,0
37.6,57.1,14.7,0.0,22,46.3,0,9,0.7,High,1
28.8,81.9,16.6,4.5,3,89.4,0,12,0.117,Low,0
34.9,52.8,8.3,0.0,24,40.0,0,8,0.866,Critical,1
24.0,78.0,30.6,0.8,7,77.0,1,3,0.564,High,0
30.9,41.8,15.5,0.0,9,75.4,0,7,0.714,High,1
27.4,72.0,10.1,5.7,3,88.7,1,12,0.219,Low,0
26.3,73.2,1.6,12.6,0,95.0,0,5,0.023,Low,0
29.2,84.1,3.0,1.5,8,77.1,0,12,0.229,Low,0
27.3,44.8,12.8,0.0,9,73.6,0,9,0.445,Medium,0
35.0,86.4,5.8,0.2,20,50.0,1,7,0.929,Critical,1
24.0,69.3,9.9,1.7,19,47.0,1,12,0.483,Medium,0
26.6,78.8,4.1,16.2,2,90.8,0,2,0.0,Low,0
26.1,72.1,11.0,18.2,0,95.0,0,11,0.052,Low,0
27.1,89.5,10.1,17.3,4,86.0,0,5,0.073,Low,0
24.0,88.5,45.0,1.2,12,64.5,0,11,0.275,Low,0
25.9,82.5,15.8,32.2,3,88.0,0,11,0.03,Low,0
31.0,62.6,7.1,8.7,1,95.0,0,7,0.13,Low,0
27.0,81.2,7.6,7.5,0,95.0,1,10,0.0,Low,0
27.8,95.0,6.3,7.0,2,91.4,0,11,0.057,Low,1
31.1,82.1,6.8,7.6,4,88.0,1,12,0.28,Low,0
29.5,83.4,4.7,18.1,3,89.8,0,10,0.195,Low,0
26.9,82.9,9.5,19.8,1,93.5,0,2,0.0,Low,0
29.5,83.7,8.4,0.0,13,64.8,0,9,0.41,Medium,1
30.5,38.6,5.2,12.0,2,92.8,0,7,0.448,Medium,0
29.9,72.1,2.2,32.2,2,92.4,0,11,0.1,Low,1
28.1,82.9,5.3,2.7,2,91.5,0,2,0.17,Low,0
36.2,51.3,4.0,2.2,3,93.1,0,6,0.624,High,0
25.9,64.9,8.5,7.1,2,90.4,0,5,0.106,Low,0
24.0,89.0,10.0,13.8,1,92.0,0,5,0.043,Low,0
31.1,35.3,20.4,0.0,14,63.1,1,7,0.932,Critical,1
26.9,90.7,7.8,8.7,4,86.0,0,4,0.0,Low,0
33.9,64.9,6.0,0.5,17,56.9,1,6,0.864,Critical,1
28.4,79.2,10.7,4.2,0,95.0,0,11,0.097,Low,0
27.2,86.8,13.1,18.8,4,86.1,0,5,0.062,Low,0
33.9,52.6,11.1,0.0,15,62.0,1,7,1.0,Critical,0
29.1,80.6,6.5,3.7,4,87.1,1,4,0.115,Low,0
28.0,75.4,5.8,19.4,1,94.0,1,5,0.0,Low,0
32.1,55.3,21.5,0.0,15,61.1,1,8,0.91,Critical,1
28.1,76.3,3.4,20.6,3,89.1,1,3,0.228,Low,0
34.1,49.3,3.1,0.9,17,57.0,0,7,0.753,Critical,1
28.1,84.6,13.7,31.4,1,94.0,1,4,0.175,Low,0
28.7,69.9,4.5,11.2,2,91.8,1,5,0.287,Low,0
24.8,89.1,30.5,15.1,1,92.4,1,4,0.167,Low,0
31.4,82.0,17.3,17.2,4,88.2,0,4,0.192,Low,0
34.7,25.0,4.9,0.4,5,87.3,0,8,0.81,Critical,1
28.3,77.8,23.5,10.3,2,91.6,0,10,0.207,Low,0
27.9,78.9,7.7,2.1,3,88.9,0,11,0.082,Low,0
32.8,66.6,11.7,0.0,6,83.9,0,6,0.471,Medium,0
29.8,54.1,11.3,0.8,5,84.9,0,8,0.427,Medium,1
31.6,46.0,12.1,0.0,8,78.3,0,7,0.753,Critical,1
26.7,79.4,19.2,31.2,4,85.8,0,11,0.071,Low,0
24.4,75.1,13.2,16.4,1,92.2,1,2,0.0,Low,0
27.0,80.8,8.9,37.3,3,88.5,0,11,0.0,Low,0
29.3,79.3,6.5,12.5,2,92.2,1,1,0.14,Low,0
26.4,76.6,3.1,9.8,4,85.7,1,2,0.0,Low,0
27.2,88.3,10.4,17.2,3,88.6,0,1,0.0,Low,0
30.0,53.2,16.9,0.0,22,42.5,0,9,0.614,High,1
28.7,85.6,13.9,0.2,12,66.8,0,4,0.402,Medium,1
33.3,73.3,26.7,8.5,0,95.0,0,4,0.341,Low,0
24.0,61.1,18.6,12.1,1,92.0,0,3,0.123,Low,0
24.3,76.1,4.8,3.5,2,89.6,0,5,0.078,Low,1
27.4,65.2,13.2,1.7,14,61.2,0,2,0.324,Low,0
28.4,75.2,2.9,10.1,3,89.2,1,1,0.163,Low,0
27.2,75.8,2.5,2.3,4,86.1,0,1,0.076,Low,0
30.6,58.8,1.2,0.0,18,52.8,0,8,0.609,High,1
28.1,90.4,10.7,4.7,2,91.6,0,2,0.139,Low,0
25.1,80.9,12.9,42.9,0,95.0,1,3,0.122,Low,0
31.5,65.2,10.1,5.3,3,90.8,0,9,0.343,Low,1
24.0,74.1,17.8,4.4,4,84.5,0,5,0.0,Low,0
30.1,90.0,4.3,2.8,4,87.5,1,12,0.539,Medium,1
25.8,75.9,6.1,12.4,3,87.9,0,3,0.0,Low,0
31.3,36.8,6.2,0.0,13,65.6,1,6,1.0,Critical,1
26.4,56.7,8.9,0.0,6,80.7,0,8,0.352,Medium,0
29.0,79.9,16.0,5.5,0,95.0,0,1,0.213,Low,0
36.7,55.2,7.9,5.4,1,95.0,1,9,0.533,Medium,1
31.5,52.3,21.5,0.0,8,78.2,0,7,0.617,High,1
27.0,75.1,5.2,22.2,3,88.5,0,11,0.045,Low,0
25.8,73.0,5.9,1.4,13,62.9,1,4,0.315,Low,0
30.2,70.5,3.6,18.2,4,87.6,0,10,0.17,Low,0
28.2,73.4,13.6,0.3,12,66.6,1,5,0.634,High,1
28.3,82.0,14.0,19.8,3,89.1,1,4,0.189,Low,1
27.1,81.1,17.7,23.0,0,95.0,0,10,0.0,Low,0
25.8,68.0,3.4,24.1,0,95.0,0,10,0.105,Low,0
24.0,94.9,14.2,11.3,0,94.5,0,11,0.0,Low,0
29.5,72.4,17.5,3.5,3,89.8,0,5,0.142,Low,0
31.9,50.9,12.0,0.0,18,53.5,0,9,0.708,High,1
27.6,81.8,5.0,25.3,2,91.3,1,5,0.061,Low,0
25.8,85.6,8.0,0.3,11,67.9,0,5,0.371,Medium,0
30.9,76.0,9.5,26.3,3,90.5,1,4,0.264,Low,0
28.9,51.8,26.2,0.0,24,37.0,1,9,1.0,Critical,0
29.8,37.8,6.8,0.0,11,69.9,1,7,0.933,Critical,1
24.2,71.9,7.9,12.7,1,92.1,1,10,0.0,Low,0
26.5,70.0,10.5,31.2,1,93.3,0,2,0.015,Low,0
26.9,80.3,6.8,6.6,3,88.5,1,5,0.109,Low,0
25.2,62.0,0.2,23.2,2,90.1,0,10,0.049,Low,0
32.9,34.7,6.0,3.1,4,88.9,0,6,0.434,Medium,0
28.4,48.3,10.6,0.0,7,79.2,1,7,0.875,Critical,1
28.0,78.8,5.0,3.0,0,95.0,0,4,0.098,Low,0
24.0,80.2,16.9,1.0,19,47.0,1,12,0.562,High,1
25.8,82.5,9.5,5.4,3,87.9,1,5,0.023,Low,0
28.7,69.4,2.2,6.8,3,89.4,0,3,0.185,Low,0
24.0,73.5,5.1,2.3,2,89.5,0,2,0.043,Low,0
30.6,57.4,3.4,0.0,5,85.3,1,6,0.683,High,1
32.1,37.6,5.0,0.0,17,56.1,0,7,0.863,Critical,1
24.5,73.1,5.3,4.1,3,87.2,0,3,0.073,Low,0
33.6,69.3,6.0,0.0,13,66.8,0,9,0.7,High,1
24.0,85.9,9.2,1.8,19,47.0,0,11,0.285,Low,0
26.2,70.0,3.0,2.2,1,93.1,0,3,0.191,Low,0
27.2,79.8,13.5,43.2,3,88.6,0,11,0.0,Low,0
24.8,84.0,28.1,8.8,2,89.9,0,1,0.072,Low,0
30.1,78.6,5.2,4.3,2,92.6,0,2,0.177,Low,0
28.1,80.0,8.1,12.3,0,95.0,0,12,0.126,Low,0
33.8,51.0,5.0,0.0,16,59.4,1,9,1.0,Critical,1
27.0,62.6,8.2,13.1,1,93.5,1,10,0.124,Low,0
32.8,55.4,33.3,0.0,9,76.4,0,9,0.562,High,0
26.7,67.8,18.6,7.5,4,85.8,1,2,0.321,Low,0
27.8,73.3,2.1,32.2,1,93.9,1,3,0.063,Low,0
33.5,44.0,19.7,0.0,18,54.3,0,6,0.939,Critical,1
24.0,80.0,2.0,14.1,3,87.0,0,11,0.098,Low,1
31.7,66.6,13.5,0.0,10,73.3,0,9,0.458,Medium,0
25.4,69.5,6.7,27.6,3,87.7,1,2,0.097,Low,0
28.3,68.0,16.5,0.9,6,81.7,1,11,0.671,High,0
30.0,25.0,2.9,0.0,16,57.5,1,7,0.954,Critical,1
27.5,76.9,27.6,1.0,22,41.2,1,5,0.649,High,1
28.4,83.6,9.2,1.2,12,66.7,0,3,0.348,Low,0
28.4,57.7,4.8,0.0,14,61.7,0,8,0.337,Low,0
31.1,50.2,3.0,1.0,24,38.1,0,9,0.632,High,0
33.4,69.7,6.9,0.0,12,69.2,0,7,0.667,High,1
30.4,76.7,15.9,0.0,18,52.7,0,8,0.439,Medium,0
35.9,57.6,17.3,0.0,14,65.5,0,6,0.668,High,1
31.8,55.4,8.1,0.0,16,58.4,0,6,0.633,High,1
30.2,25.8,8.2,0.0,20,47.6,0,7,0.806,Critical,1
26.8,76.7,7.1,67.4,2,90.9,1,11,0.0,Low,0
32.9,48.1,17.3,0.0,24,39.0,1,7,0.934,Critical,1
31.6,51.7,16.4,0.0,22,43.3,0,8,0.71,High,1
26.2,86.9,9.0,24.4,2,90.6,1,12,0.0,Low,0
29.3,68.2,7.5,12.1,3,89.7,0,11,0.091,Low,0
26.3,91.3,1.5,14.5,4,85.7,1,10,0.0,Low,0
26.2,80.9,23.1,4.1,4,85.6,1,11,0.148,Low,0
27.5,37.3,5.5,0.0,7,78.7,1,6,0.781,Critical,1
25.6,55.4,23.3,4.1,0,95.0,0,11,0.182,Low,1
26.1,76.1,13.9,11.9,0,95.0,0,1,0.003,Low,0
31.1,50.7,13.5,0.0,23,40.6,0,9,0.678,High,1
24.5,73.4,6.2,20.5,2,89.7,1,12,0.01,Low,0
24.3,75.3,9.3,4.3,3,87.1,0,1,0.055,Low,1
24.0,80.4,8.2,1.0,18,49.5,0,10,0.255,Low,0
25.2,84.0,9.7,19.1,0,95.0,0,5,0.071,Low,0
36.2,55.7,6.0,0.0,21,48.1,1,9,1.0,Critical,0
33.9,40.1,6.9,0.0,17,56.9,0,7,0.788,Critical,1
28.1,89.1,3.3,2.2,2,91.5,1,1,0.27,Low,0
31.6,45.9,8.8,0.0,9,75.8,1,9,0.924,Critical,0
25.6,69.4,5.7,10.8,3,87.8,0,5,0.125,Low,0
30.6,37.0,5.3,0.0,11,70.3,0,9,0.735,High,1
25.3,66.7,8.6,2.1,4,85.1,0,12,0.175,Low,0
25.3,80.6,1.4,23.6,0,95.0,1,5,0.0,Low,0
27.6,80.6,4.5,3.0,1,93.8,0,12,0.061,Low,0
27.3,94.8,6.4,34.8,2,91.2,0,1,0.0,Low,0
29.0,48.5,9.5,0.0,7,79.5,0,9,0.489,Medium,0
27.1,77.6,10.7,8.4,1,93.5,0,10,0.027,Low,0
26.0,93.9,5.6,81.4,0,95.0,0,3,0.0,Low,0
24.0,87.6,6.1,46.6,4,84.5,0,4,0.098,Low,0
28.1,53.4,6.0,1.1,24,36.6,1,8,0.826,Critical,1
27.4,70.7,15.3,21.9,3,88.7,0,4,0.011,Low,0
27.8,74.5,4.5,4.4,1,93.9,0,10,0.05,Low,0
25.1,82.7,15.7,40.0,1,92.6,0,11,0.021,Low,1
27.8,85.8,6.9,10.3,0,95.0,0,1,0.069,Low,0
26.5,84.0,7.4,34.0,4,85.7,0,5,0.0,Low,0
24.5,72.4,12.9,3.1,2,89.8,0,12,0.086,Low,0
31.0,27.9,10.4,0.0,16,58.0,1,7,1.0,Critical,1
26.0,84.3,3.1,12.3,1,93.0,0,2,0.0,Low,0
26.1,61.0,3.1,1.6,6,80.6,1,10,0.328,Low,0
33.6,44.9,15.3,0.0,17,56.8,0,6,0.775,Critical,1
27.8,79.7,13.0,1.5,6,81.4,0,4,0.165,Low,0
30.2,58.0,12.3,3.0,1,95.0,0,6,0.326,Low,0
25.6,91.0,2.0,9.1,3,87.8,0,3,0.054,Low,0
26.3,85.2,0.7,13.3,2,90.6,0,3,0.0,Low,0
27.6,92.5,6.2,2.5,1,93.8,0,3,0.019,Low,0
29.2,47.2,26.7,2.0,6,82.1,1,7,0.697,High,0
29.1,82.0,9.2,6.6,3,89.5,1,10,0.224,Low,0
30.5,78.9,13.5,4.5,0,95.0,1,12,0.383,Medium,0
31.6,35.4,21.7,0.0,16,58.3,0,9,0.88,Critical,1
30.3,71.2,4.4,4.0,0,95.0,1,10,0.315,Low,0
27.8,89.0,8.2,4.4,0,95.0,1,12,0.037,Low,0
24.0,80.9,1.5,2.7,3,87.0,1,1,0.186,Low,0
24.0,75.3,15.4,1.5,5,82.0,0,2,0.16,Low,0
26.7,81.1,7.1,9.9,2,90.9,0,5,0.055,Low,0
38.0,57.0,17.4,0.0,15,64.0,1,6,0.979,Critical,1
36.2,85.1,19.5,0.0,19,53.1,0,9,0.742,High,0
28.9,77.7,1.1,7.0,3,89.5,1,10,0.269,Low,0
27.0,78.0,1.0,25.5,1,93.5,0,11,0.01,Low,0
28.2,85.9,7.3,29.9,1,94.1,1,12,0.16,Low,0
34.7,30.8,5.7,2.9,1,95.0,0,8,0.682,High,1
27.6,76.7,5.3,4.7,2,91.3,0,10,0.017,Low,0
24.0,78.8,8.8,15.0,2,89.5,0,2,0.007,Low,0
27.4,70.6,13.2,2.4,1,93.7,0,1,0.177,Low,0
29.1,88.1,8.0,11.6,1,94.6,0,11,0.075,Low,0
33.5,49.8,5.1,0.0,19,51.8,0,7,0.778,Critical,1
25.4,87.9,20.7,7.7,0,95.0,0,5,0.093,Low,0
28.0,84.4,7.0,9.0,2,91.5,0,1,0.067,Low,0
30.6,83.1,1.7,33.6,1,95.0,0,1,0.12,Low,0
25.1,74.5,11.1,0.2,9,72.6,1,4,0.4,Medium,1
26.1,77.1,6.1,14.0,0,95.0,0,12,0.0,Low,0
27.7,76.7,13.7,8.2,4,86.4,0,2,0.08,Low,0
29.2,89.4,13.3,3.6,1,94.6,1,4,0.332,Low,0
28.8,43.4,15.4,1.6,24,36.9,1,7,0.748,High,1
25.3,47.7,14.0,0.4,21,42.7,1,8,0.835,Critical,1
31.9,49.2,4.8,0.0,5,85.9,1,8,0.864,Critical,1
27.7,81.8,11.8,14.5,1,93.8,1,5,0.106,Low,0
29.5,48.1,12.4,1.1,15,59.7,0,8,0.44,Medium,1
25.5,77.3,1.7,4.4,3,87.7,1,3,0.059,Low,0
26.3,79.6,3.3,10.1,1,93.2,1,12,0.0,Low,0
30.7,89.0,2.1,7.4,2,92.9,0,5,0.336,Low,1
26.1,80.8,33.2,2.8,0,95.0,0,1,0.191,Low,0
32.3,71.8,7.8,0.0,10,73.6,0,8,0.465,Medium,1
30.2,90.3,19.8,23.6,0,95.0,0,4,0.303,Low,0
32.8,49.5,29.3,0.0,19,51.4,0,7,0.794,Critical,1
27.5,84.0,7.1,18.1,2,91.2,0,11,0.0,Low,1
28.8,42.7,7.1,0.0,23,39.4,0,7,0.641,High,1
25.8,92.4,7.2,10.9,3,87.9,0,3,0.0,Low,0
35.3,45.3,2.0,0.0,13,67.6,1,8,1.0,Critical,1
30.7,33.6,3.6,0.0,19,50.4,0,6,0.718,High,0
27.2,84.6,18.6,2.4,1,93.6,1,4,0.28,Low,1
34.0,50.5,9.0,0.0,15,62.0,0,9,0.749,High,1
32.2,90.2,7.0,22.7,1,95.0,1,10,0.256,Low,0
28.3,65.0,7.7,1.2,24,36.7,1,3,0.586,High,1
31.8,44.1,11.9,0.6,11,70.9,0,9,0.641,High,1
31.3,65.6,4.4,3.0,4,88.1,1,8,0.398,Medium,1
27.1,66.5,22.2,13.7,0,95.0,0,3,0.162,Low,0
27.5,75.5,23.9,23.7,0,95.0,1,12,0.091,Low,0
28.1,78.2,9.7,14.7,2,91.5,0,3,0.03,Low,0
26.5,74.7,6.8,2.8,3,88.3,0,2,0.085,Low,0
30.0,86.5,14.5,5.1,0,95.0,0,2,0.282,Low,0
27.1,77.7,5.5,6.9,4,86.1,0,11,0.043,Low,0
26.5,78.7,4.9,18.4,3,88.2,0,4,0.001,Low,0
34.8,64.3,10.5,3.6,2,94.9,0,7,0.431,Medium,0
33.0,36.9,41.3,4.1,1,95.0,0,6,0.664,High,1
30.8,87.1,4.8,33.5,3,90.4,0,1,0.172,Low,0
33.9,42.3,20.6,0.0,22,44.5,0,6,0.88,Critical,1
28.4,55.0,28.0,3.5,2,91.7,1,7,0.435,Medium,0
31.1,53.8,2.9,0.0,24,38.1,1,7,1.0,Critical,1
30.2,91.6,2.9,39.6,2,92.6,1,4,0.308,Low,0
32.2,49.9,8.7,0.1,23,41.1,0,7,0.734,High,1
28.3,43.8,13.2,0.0,24,36.7,0,6,0.596,High,0
28.7,80.1,4.3,3.1,2,91.8,0,3,0.163,Low,0
30.1,60.4,9.6,0.0,17,55.1,1,8,0.87,Critical,1
29.0,85.7,0.9,2.4,3,89.5,1,4,0.346,Low,0
31.1,47.9,3.6,3.0,4,88.1,0,8,0.384,Medium,0
35.4,50.7,2.2,0.0,7,82.7,1,8,0.972,Critical,1
27.6,77.4,13.7,0.2,17,53.8,0,12,0.468,Medium,1
31.0,52.8,15.4,0.0,18,53.0,0,6,0.719,High,1
26.9,87.3,11.5,10.2,2,90.9,0,12,0.031,Low,0
27.4,85.6,3.9,4.4,1,93.7,1,2,0.065,Low,0
26.5,78.8,1.2,5.8,1,93.2,0,10,0.06,Low,0
28.7,48.2,0.3,0.0,6,81.8,0,9,0.44,Medium,0
32.8,56.2,1.5,3.0,0,95.0,1,9,0.541,Medium,0
33.3,78.3,13.0,0.0,11,71.6,1,9,0.986,Critical,1
25.6,78.1,33.7,2.4,4,85.3,0,5,0.226,Low,0
24.8,77.4,3.9,31.2,4,84.9,1,4,0.015,Low,0
30.1,53.6,10.7,0.0,15,60.0,1,6,1.0,Critical,1
31.3,79.0,4.8,13.5,1,95.0,1,12,0.355,Medium,1
28.3,72.5,0.3,9.3,2,91.7,1,3,0.114,Low,0
34.7,49.5,5.6,2.3,0,95.0,0,6,0.575,High,1
27.3,76.0,12.4,4.5,3,88.6,0,3,0.083,Low,0
28.6,74.6,8.3,47.1,4,86.8,0,11,0.054,Low,0
27.6,59.9,3.5,1.8,8,76.3,0,9,0.172,Low,0
31.9,75.8,12.1,22.6,3,91.0,0,12,0.222,Low,0
24.3,90.7,5.9,27.2,0,94.7,0,11,0.0,Low,0
27.9,67.6,4.0,14.4,3,88.9,0,1,0.009,Low,0
25.0,73.5,9.5,24.6,2,90.0,1,10,0.0,Low,0
37.9,48.8,10.2,1.3,6,86.5,1,8,0.896,Critical,1
28.9,58.3,11.5,0.4,6,82.0,1,1,0.678,High,0
28.6,57.0,13.4,59.9,3,89.3,0,1,0.165,Low,0
32.6,42.8,6.3,3.0,2,93.8,1,6,0.719,High,1
31.0,43.7,9.0,0.0,11,70.5,0,6,0.623,High,1
29.7,49.6,9.4,0.5,16,57.4,0,8,0.595,High,1
26.0,72.1,9.7,2.4,4,85.5,0,10,0.16,Low,0
29.9,86.3,28.3,35.2,3,90.0,0,12,0.232,Low,0
26.9,84.1,3.5,30.6,3,88.5,1,5,0.048,Low,0
34.6,45.7,11.0,0.0,5,87.3,0,8,0.591,High,1
25.1,78.2,13.4,19.2,4,85.1,0,2,0.025,Low,0
33.3,40.3,9.2,0.0,5,86.7,0,8,0.612,High,1
28.7,65.4,17.3,1.8,19,49.3,0,6,0.377,Medium,0
27.8,75.5,5.4,5.8,3,88.9,0,1,0.022,Low,1
33.9,44.6,7.2,0.0,19,51.9,0,7,0.812,Critical,1
24.6,67.9,6.0,12.7,0,94.8,1,1,0.0,Low,1
33.2,60.7,28.8,4.1,4,89.1,0,6,0.482,Medium,0
31.4,67.9,7.9,6.2,3,90.7,1,7,0.416,Medium,0
29.2,68.2,3.4,5.2,0,95.0,0,2,0.135,Low,0
27.0,87.1,2.9,8.3,4,86.0,1,1,0.0,Low,0
26.5,88.9,15.2,7.7,0,95.0,1,5,0.076,Low,0
24.0,80.6,20.4,48.9,1,92.0,0,12,0.067,Low,0
26.7,78.1,6.6,19.3,3,88.4,0,5,0.049,Low,0
28.0,82.3,16.5,8.3,2,91.5,0,3,0.154,Low,0
27.1,82.8,5.6,1.7,23,38.5,1,10,0.444,Medium,1
33.0,33.9,11.7,0.0,18,54.0,0,7,0.813,Critical,1
30.2,78.4,12.2,12.0,2,92.6,0,2,0.141,Low,0
30.6,44.7,21.7,0.0,11,70.3,1,9,1.0,Critical,1
28.6,80.3,5.1,12.5,0,95.0,1,11,0.126,Low,0
28.0,75.1,16.6,42.8,4,86.5,1,2,0.083,Low,0
27.0,76.5,10.3,4.4,2,91.0,0,3,0.047,Low,0
34.6,37.8,2.9,0.0,16,59.8,0,7,0.897,Critical,1
26.4,88.4,5.2,2.7,0,95.0,0,5,0.134,Low,0
34.0,66.9,11.0,5.7,1,95.0,0,6,0.327,Low,0
32.0,42.9,14.4,0.0,8,78.5,0,7,0.554,High,0
24.0,73.9,5.7,7.5,4,84.5,0,10,0.105,Low,0
31.7,55.7,3.5,1.1,18,53.3,1,6,0.826,Critical,1
26.8,64.9,6.9,19.9,2,90.9,1,2,0.053,Low,0
35.1,50.7,5.6,3.8,2,95.0,0,7,0.467,Medium,0
25.4,74.8,6.8,13.0,4,85.2,0,11,0.0,Low,0
28.4,85.8,39.9,40.9,3,89.2,0,5,0.215,Low,0
25.7,82.1,3.7,4.4,1,92.9,1,2,0.066,Low,0
26.5,89.0,10.8,5.3,4,85.7,0,1,0.0,Low,0
26.9,68.4,13.3,4.5,1,93.5,0,5,0.096,Low,1
25.3,74.6,6.6,9.6,1,92.7,0,5,0.049,Low,0
24.8,89.7,7.3,5.7,4,84.9,0,4,0.095,Low,0
33.8,64.4,2.5,0.0,11,71.9,1,9,1.0,Critical,1
25.5,90.3,18.5,5.6,1,92.7,0,1,0.129,Low,1
33.4,56.4,14.0,4.6,3,91.7,0,8,0.423,Medium,1
26.6,83.2,4.6,14.0,2,90.8,1,11,0.0,Low,0
24.0,58.6,3.4,8.2,1,92.0,0,2,0.0,Low,0
29.2,59.8,7.9,15.3,2,92.1,0,11,0.135,Low,0
26.1,89.2,6.8,14.5,2,90.6,1,12,0.067,Low,0
24.5,79.2,7.0,11.9,4,84.8,0,11,0.0,Low,0
31.3,70.6,5.8,1.4,9,75.6,0,11,0.333,Low,0
26.9,66.2,35.8,11.4,4,85.9,0,11,0.103,Low,0
27.3,82.2,10.8,10.0,1,93.7,1,12,0.0,Low,0
28.1,70.5,24.2,4.3,3,89.1,1,10,0.333,Low,0
25.1,63.1,13.7,23.7,0,95.0,0,11,0.145,Low,0
34.7,44.6,2.4,0.0,22,44.8,1,9,0.927,Critical,1
34.2,37.4,7.2,0.9,19,52.1,1,9,0.907,Critical,0
27.9,89.5,15.6,10.6,0,95.0,1,12,0.132,Low,0
26.6,76.4,5.0,20.4,4,85.8,1,2,0.0,Low,0
24.0,88.6,19.0,5.8,2,89.5,0,5,0.106,Low,0
33.6,25.7,9.2,2.6,1,95.0,0,8,0.598,High,1
28.8,45.9,4.5,0.0,10,71.9,1,9,0.795,Critical,1
27.2,75.8,12.4,5.2,0,95.0,0,10,0.021,Low,0
25.6,80.4,17.9,7.9,1,92.8,0,11,0.006,Low,0
30.5,55.5,6.2,2.0,0,95.0,1,7,0.516,Medium,1
29.5,85.9,6.8,5.0,4,87.3,1,4,0.201,Low,0
25.9,85.5,6.7,20.1,3,87.9,0,12,0.0,Low,0
24.0,80.8,13.3,16.8,3,87.0,1,4,0.014,Low,0
33.7,51.0,7.7,3.8,3,91.9,0,7,0.552,High,1
35.4,40.4,9.4,2.4,0,95.0,1,8,0.826,Critical,1
27.0,84.8,7.7,3.7,2,91.0,1,5,0.012,Low,0
27.0,71.1,10.2,11.9,0,95.0,0,11,0.0,Low,0
32.5,79.7,3.6,0.0,23,41.2,0,9,0.641,High,1
24.0,80.7,12.8,26.2,4,84.5,1,3,0.05,Low,0
27.9,73.9,7.8,13.2,1,93.9,1,3,0.026,Low,1
27.8,74.7,8.8,0.8,8,76.4,1,4,0.319,Low,0
25.7,83.6,13.8,31.3,0,95.0,0,10,0.0,Low,0
28.1,71.0,3.0,12.7,1,94.0,0,3,0.056,Low,0
30.3,73.3,8.1,16.2,1,95.0,0,2,0.147,Low,1
28.8,76.8,12.2,5.0,2,91.9,1,11,0.291,Low,0
25.3,88.7,19.2,1.6,14,60.2,1,4,0.49,Medium,1
24.2,67.8,19.6,0.6,22,39.6,0,3,0.443,Medium,1
25.5,86.0,4.3,13.6,2,90.2,0,5,0.0,Low,0
27.8,77.2,3.2,16.4,0,95.0,1,5,0.0,Low,0
26.5,76.9,8.2,49.5,1,93.3,0,4,0.009,Low,0
27.6,62.7,5.2,3.0,1,93.8,0,8,0.127,Low,0
24.9,59.7,5.2,0.0,16,55.0,0,9,0.429,Medium,0
32.5,38.2,6.6,2.1,1,95.0,0,8,0.622,High,1
35.9,77.6,3.3,10.5,3,92.9,0,9,0.267,Low,0
35.8,46.1,14.3,0.6,16,60.4,1,9,1.0,Critical,1
35.0,43.2,3.9,0.0,19,52.5,1,9,0.997,Critical,1
30.3,72.5,8.8,1.0,15,60.2,0,4,0.526,Medium,0
28.9,64.9,10.5,9.4,2,91.9,1,1,0.195,Low,0
27.4,83.7,7.2,24.7,0,95.0,0,11,0.063,Low,0
26.6,87.1,1.4,9.3,4,85.8,1,5,0.0,Low,0
30.6,27.2,5.1,0.0,10,72.8,0,9,0.712,High,1
27.1,78.3,29.2,22.5,4,86.0,0,2,0.09,Low,0
26.2,70.5,4.3,3.4,4,85.6,1,1,0.074,Low,0
25.0,78.5,4.3,5.8,3,87.5,0,4,0.048,Low,0
33.7,44.0,4.5,0.0,11,71.9,0,8,0.84,Critical,0
29.5,59.1,1.9,1.2,6,82.2,0,9,0.32,Low,0
34.0,28.8,11.3,0.0,13,67.0,0,6,0.846,Critical,1
30.3,74.7,6.9,7.4,0,95.0,0,5,0.237,Low,0
26.7,89.3,10.5,2.5,3,88.3,1,2,0.1,Low,0
26.5,94.6,8.7,7.5,0,95.0,0,3,0.109,Low,0
24.0,79.8,5.3,3.8,1,92.0,0,10,0.014,Low,0
28.2,82.6,8.2,50.5,4,86.6,0,4,0.235,Low,0
30.7,74.9,8.7,6.6,1,95.0,0,10,0.225,Low,0
34.1,30.4,3.1,0.0,5,87.0,1,6,1.0,Critical,1
26.5,89.3,2.3,2.7,4,85.7,1,3,0.035,Low,0
26.1,88.1,6.8,16.7,1,93.0,0,4,0.002,Low,0
25.1,88.1,11.0,25.7,3,87.5,0,11,0.083,Low,0
25.3,82.0,2.3,15.7,1,92.7,1,5,0.052,Low,0
29.5,59.7,5.6,5.3,1,94.7,0,1,0.229,Low,0
31.6,41.0,4.7,0.0,19,50.8,1,6,1.0,Critical,1
31.2,54.5,4.1,0.0,14,63.1,1,8,0.925,Critical,0
33.2,45.1,7.9,0.0,16,59.1,1,9,1.0,Critical,1
26.3,80.1,16.9,17.1,4,85.6,1,10,0.024,Low,0
34.8,65.1,8.7,0.0,13,67.4,1,6,0.963,Critical,1
27.8,79.5,3.8,19.2,4,86.4,1,11,0.0,Low,0
33.8,54.1,10.2,0.0,22,44.4,0,6,0.823,Critical,1
28.8,81.4,18.3,18.2,3,89.4,0,10,0.226,Low,0
24.0,84.3,6.1,26.3,4,84.5,0,11,0.056,Low,0
28.5,85.1,2.7,11.5,3,89.2,0,10,0.119,Low,0
33.0,63.5,10.1,0.0,14,64.0,0,9,0.625,High,1
33.1,39.5,3.8,0.0,7,81.6,0,8,0.808,Critical,1
30.1,44.0,7.6,0.0,7,80.1,0,9,0.599,High,1
35.7,59.7,0.8,6.9,3,92.8,1,6,0.655,High,1
33.8,44.2,15.4,1.1,11,71.9,0,6,0.816,Critical,1
26.8,62.5,9.9,0.0,21,43.4,1,7,0.586,High,0
28.1,80.3,7.4,5.8,0,95.0,1,5,0.214,Low,0
30.3,95.0,24.2,5.9,3,90.2,0,2,0.34,Low,0
35.4,66.9,2.5,0.0,16,60.2,0,6,0.733,High,1
35.1,36.2,8.1,0.0,9,77.6,0,9,0.883,Critical,1
33.1,39.0,3.7,0.0,5,86.5,0,6,0.743,High,0
26.9,82.7,22.6,33.8,2,91.0,0,12,0.018,Low,0
28.7,77.4,5.9,31.1,2,91.9,1,1,0.207,Low,0
25.2,72.3,1.9,0.4,10,70.1,1,10,0.389,Medium,0
25.5,73.3,21.1,5.4,4,85.2,0,11,0.16,Low,0
24.2,78.0,7.5,16.2,4,84.6,0,2,0.0,Low,0
37.6,43.8,21.1,0.0,15,63.8,1,8,0.997,Critical,1
29.8,73.0,12.3,35.1,4,87.4,0,11,0.21,Low,0
31.2,89.9,2.8,8.0,0,95.0,0,11,0.283,Low,0
25.5,87.0,7.6,8.8,1,92.7,0,12,0.052,Low,0
27.0,68.6,33.9,18.2,2,91.0,0,1,0.158,Low,0
30.5,56.6,8.3,0.0,9,75.3,0,9,0.419,Medium,1
27.3,81.5,7.9,23.6,4,86.2,1,4,0.031,Low,0
32.5,33.5,8.4,0.0,5,86.3,1,8,0.926,Critical,1
30.1,80.0,21.3,9.5,2,92.5,0,5,0.21,Low,0
31.3,40.2,17.5,8.9,2,93.2,0,8,0.329,Low,0
28.6,64.9,4.1,0.3,20,46.8,1,5,0.72,High,1
33.9,55.8,18.6,0.0,6,84.5,0,6,0.71,High,1
28.8,81.7,4.7,1.6,16,56.9,0,5,0.362,Medium,0
28.5,74.2,6.8,19.0,4,86.8,0,3,0.156,Low,0
31.1,50.9,6.1,0.0,15,60.6,0,9,0.663,High,1
25.9,67.8,8.8,18.9,2,90.5,0,12,0.085,Low,0
30.4,29.8,12.9,0.1,23,40.2,0,6,0.913,Critical,1
30.8,49.7,26.7,0.0,20,47.9,0,8,0.785,Critical,1
30.9,54.1,15.1,0.0,7,80.5,1,9,1.0,Critical,1
33.2,50.9,7.5,0.0,22,44.1,1,6,0.989,Critical,1
33.0,37.7,7.1,0.0,9,76.5,0,6,0.798,Critical,1
33.2,42.5,8.0,0.0,22,44.1,0,7,0.72,High,1
32.6,60.5,5.3,10.1,4,88.8,0,9,0.341,Low,0
29.1,71.2,5.8,5.8,3,89.6,0,2,0.15,Low,0
28.1,67.9,6.2,15.0,4,86.6,1,2,0.26,Low,0
26.4,81.8,17.3,4.2,2,90.7,0,11,0.186,Low,0
28.0,46.8,7.1,0.0,18,51.5,0,9,0.543,Medium,0
26.9,84.4,2.5,15.6,1,93.4,0,3,0.0,Low,0
30.7,83.4,21.6,51.4,4,87.8,0,4,0.307,Low,0
25.3,83.2,10.5,9.8,2,90.1,0,2,0.0,Low,0
28.5,63.6,9.6,0.0,14,61.8,0,6,0.376,Medium,0
31.7,62.1,6.6,9.1,1,95.0,1,8,0.398,Medium,1
26.7,70.7,13.6,24.9,1,93.3,1,2,0.123,Low,0
29.1,77.7,23.3,69.6,0,95.0,0,3,0.208,Low,0
30.7,51.4,4.5,0.0,18,52.8,1,7,0.988,Critical,0
26.9,71.8,3.4,8.7,1,93.4,0,3,0.035,Low,0
33.6,51.6,6.7,4.8,2,94.3,1,6,0.71,High,1
26.1,69.6,6.6,27.2,2,90.5,0,2,0.054,Low,0
30.0,68.5,9.8,4.4,1,95.0,0,2,0.3,Low,0
36.7,49.1,10.2,0.0,7,83.4,0,8,0.631,High,1
36.6,40.0,7.7,0.6,21,48.3,1,7,1.0,Critical,1
31.0,40.2,4.1,0.0,11,70.5,1,7,1.0,Critical,1
30.1,31.2,2.1,5.3,1,95.0,0,7,0.52,Medium,0
26.4,86.0,5.9,11.5,0,95.0,0,10,0.086,Low,0
30.3,83.8,5.0,11.9,1,95.0,0,3,0.17,Low,0
25.8,80.5,8.7,35.5,1,92.9,0,4,0.0,Low,0
31.6,37.4,7.7,3.2,4,88.3,1,6,0.713,High,1
26.7,85.3,5.9,26.5,2,90.9,0,1,0.029,Low,0
24.7,64.6,36.2,64.5,0,94.9,1,5,0.144,Low,0
27.5,95.0,11.3,0.1,22,41.2,0,5,0.331,Low,0
27.3,76.9,11.1,10.9,0,95.0,1,10,0.017,Low,0
30.7,86.2,7.4,1.6,16,57.9,1,2,0.602,High,1
28.9,78.1,15.6,2.2,0,95.0,0,12,0.207,Low,0
24.8,66.7,2.1,26.8,2,89.9,0,5,0.036,Low,0
29.9,70.1,6.5,2.1,0,95.0,1,6,0.283,Low,0
28.5,76.4,5.4,24.4,1,94.3,0,4,0.027,Low,0
26.7,79.6,18.6,2.9,3,88.4,0,5,0.199,Low,0
29.7,86.8,8.9,11.7,1,94.9,0,4,0.092,Low,1
30.7,36.0,2.6,3.8,2,92.8,0,6,0.523,Medium,0
24.2,81.0,4.7,0.5,9,72.1,0,2,0.215,Low,0
27.8,75.2,1.9,1.5,22,41.4,1,4,0.384,Medium,0
25.4,84.3,5.9,13.0,3,87.7,0,3,0.0,Low,0
27.9,48.9,6.3,1.5,7,79.0,0,6,0.269,Low,1
27.8,79.4,7.2,5.6,4,86.4,0,1,0.109,Low,0
29.8,83.5,11.3,5.0,4,87.4,0,3,0.2,Low,0
28.3,72.8,9.7,32.6,4,86.7,0,12,0.123,Low,0
27.6,75.1,20.9,0.1,16,56.3,0,4,0.447,Medium,1
25.8,77.7,7.2,33.1,1,92.9,0,5,0.0,Low,0
25.8,76.5,11.3,6.5,2,90.4,0,11,0.05,Low,0
24.2,75.6,7.4,0.1,6,79.6,0,10,0.202,Low,0
31.6,53.0,21.3,0.0,19,50.8,0,9,0.776,Critical,1
31.7,35.8,13.9,4.3,2,93.3,0,7,0.48,Medium,0
29.1,72.5,16.2,31.4,4,87.0,0,2,0.102,Low,0
34.4,37.2,5.0,0.0,10,74.7,0,8,0.729,High,0
27.9,68.2,16.5,22.7,4,86.4,0,5,0.136,Low,0
30.2,30.9,3.2,5.7,2,92.6,1,6,0.735,High,1
31.3,67.1,9.7,9.6,1,95.0,1,1,0.365,Medium,1
31.9,49.2,37.3,0.0,24,38.5,1,8,1.0,Critical,1
24.0,56.5,3.6,7.9,2,89.5,1,11,0.237,Low,0
28.6,82.4,6.0,19.9,4,86.8,0,12,0.13,Low,0
28.4,90.7,1.7,20.1,4,86.7,0,1,0.12,Low,1
28.4,83.4,20.7,17.2,1,94.2,0,11,0.195,Low,0
25.9,77.7,12.8,9.8,3,87.9,0,11,0.17,Low,0
29.6,71.5,5.7,5.1,0,95.0,0,12,0.171,Low,1
28.1,81.8,4.4,18.4,1,94.0,0,10,0.07,Low,0
32.7,32.4,10.0,2.5,2,93.9,1,6,0.856,Critical,1
31.6,52.5,10.9,0.7,23,40.8,0,8,0.681,High,1
28.2,71.6,23.4,24.7,3,89.1,1,5,0.188,Low,0
32.1,60.6,13.8,0.6,10,73.6,0,8,0.481,Medium,0
32.9,53.7,11.8,4.5,2,93.9,1,7,0.545,Medium,0
25.6,83.8,9.8,8.2,3,87.8,0,12,0.0,Low,0
27.5,63.9,21.0,0.1,20,46.3,0,9,0.444,Medium,0
25.5,90.0,20.4,4.5,1,92.7,0,11,0.07,Low,0
34.7,60.7,5.2,0.0,20,49.9,0,9,0.725,High,1
25.5,82.4,12.8,13.6,0,95.0,0,1,0.059,Low,0
27.4,70.9,9.4,27.7,4,86.2,0,10,0.01,Low,0
29.9,89.0,7.3,5.9,4,87.5,0,12,0.159,Low,0
31.2,62.8,8.4,0.0,23,40.6,0,6,0.607,High,1
28.0,85.8,8.7,43.0,1,94.0,0,4,0.158,Low,0
24.8,82.2,5.2,31.0,3,87.4,0,3,0.001,Low,1
26.3,88.2,4.1,25.9,2,90.6,0,4,0.0,Low,0
24.0,93.0,32.2,5.7,4,84.5,0,2,0.085,Low,0
26.0,71.5,10.2,16.0,1,93.0,0,5,0.0,Low,0
38.0,35.0,16.2,0.0,23,44.0,0,8,0.826,Critical,1
30.5,53.5,2.9,5.0,2,92.8,0,7,0.352,Medium,1
29.6,82.1,6.9,5.5,2,92.3,0,3,0.06,Low,0
30.9,48.5,6.4,0.0,21,45.5,1,6,0.988,Critical,1
34.3,46.8,9.1,0.0,15,62.2,0,9,0.743,High,1
27.1,65.1,15.5,29.1,4,86.1,0,12,0.061,Low,0
28.2,84.0,15.4,0.5,20,46.6,1,4,0.699,High,1
27.1,67.4,7.7,24.0,4,86.0,1,4,0.109,Low,0
26.8,79.4,37.7,8.1,4,85.9,1,2,0.152,Low,0
27.2,83.9,4.9,17.7,1,93.6,0,10,0.0,Low,0
30.0,74.5,4.3,10.2,2,92.5,0,12,0.061,Low,0
30.8,34.1,4.1,0.0,15,60.4,1,8,1.0,Critical,0
26.1,41.7,3.9,5.0,4,85.5,1,7,0.353,Medium,0
24.1,80.7,8.4,17.6,0,94.6,0,4,0.0,Low,0
28.3,76.9,11.5,1.1,13,64.2,1,12,0.462,Medium,0
25.2,58.8,6.8,14.4,4,85.1,0,10,0.0,Low,1
25.1,73.0,7.8,1.3,18,50.1,1,5,0.351,Medium,0
26.5,86.7,8.2,1.7,7,78.2,1,10,0.285,Low,0
33.9,52.2,23.9,0.0,9,77.0,1,8,0.982,Critical,1
28.4,74.3,1.4,36.9,4,86.7,1,4,0.174,Low,1
25.3,80.6,4.2,4.3,2,90.2,0,12,0.095,Low,0
33.3,45.5,3.0,0.0,11,71.6,1,6,0.977,Critical,1
24.0,68.1,12.6,17.2,0,94.5,0,2,0.185,Low,0
26.2,79.8,1.4,67.3,1,93.1,0,10,0.0,Low,0
24.3,86.7,15.0,6.8,3,87.1,0,5,0.078,Low,0
25.7,94.2,15.0,16.1,2,90.4,0,1,0.061,Low,0
28.2,85.5,12.3,9.7,1,94.1,1,3,0.252,Low,0
33.4,67.4,2.6,0.0,6,84.2,1,7,0.881,Critical,1
32.9,53.3,2.5,0.0,14,63.9,0,6,0.656,High,1
30.5,66.4,9.2,0.0,22,42.8,0,7,0.633,High,1
27.6,81.8,3.8,5.5,4,86.3,1,2,0.078,Low,0
27.4,81.2,19.5,2.2,2,91.2,0,12,0.179,Low,0
24.6,88.8,23.2,0.4,23,37.3,0,12,0.463,Medium,1
36.4,69.7,14.7,0.0,15,63.2,1,6,1.0,Critical,1
27.5,79.1,15.0,10.6,3,88.7,1,11,0.077,Low,1
34.1,49.0,2.6,0.0,8,79.6,0,7,0.597,High,0
34.7,68.4,2.5,1.8,18,54.9,0,9,0.544,Medium,0
36.6,50.8,16.1,0.6,12,70.8,0,9,0.742,High,1
26.5,75.7,10.2,24.5,3,88.2,0,2,0.026,Low,0
29.9,37.9,10.9,2.2,0,95.0,1,7,0.642,High,1
24.0,73.0,7.4,1.0,7,77.0,0,3,0.06,Low,0
26.1,75.7,21.0,17.3,0,95.0,1,10,0.108,Low,0
26.5,77.3,5.4,0.6,23,38.2,0,5,0.307,Low,0
27.4,82.4,6.2,28.4,1,93.7,1,11,0.068,Low,0
24.9,95.0,9.0,0.7,8,74.9,0,3,0.231,Low,0
27.9,95.0,3.4,1.8,21,43.9,0,5,0.152,Low,0
28.5,82.5,6.3,11.6,1,94.3,0,2,0.109,Low,0
34.9,60.9,0.8,0.0,23,42.5,0,8,0.706,High,0
31.4,44.3,7.9,0.0,22,43.2,0,9,0.659,High,0
25.2,62.5,31.0,6.9,0,95.0,0,11,0.228,Low,0
25.7,89.3,13.3,10.6,1,92.9,1,4,0.123,Low,0
31.9,43.8,4.6,0.0,5,86.0,1,9,0.856,Critical,1
25.9,71.3,9.3,26.6,0,95.0,1,5,0.046,Low,0
24.8,84.0,13.7,11.2,4,84.9,0,3,0.007,Low,0
32.4,53.4,15.3,8.7,1,95.0,0,9,0.437,Medium,0
24.0,91.2,4.9,14.4,1,92.0,0,4,0.054,Low,0
28.4,76.5,13.0,1.9,19,49.2,1,3,0.497,Medium,0
30.8,52.6,11.0,3.2,4,87.9,1,6,0.577,High,1
31.1,31.5,5.2,0.0,15,60.6,0,8,0.79,Critical,1
24.0,77.7,7.8,2.0,16,54.5,1,1,0.367,Medium,0
27.3,85.2,3.2,38.4,0,95.0,1,11,0.0,Low,0
29.3,76.6,6.6,4.1,0,95.0,0,5,0.145,Low,0
30.7,90.0,25.3,0.4,8,77.9,1,12,0.822,Critical,0
26.9,87.6,5.8,6.8,0,95.0,1,2,0.039,Low,0
24.8,60.6,10.7,13.2,0,94.9,1,2,0.105,Low,1
31.9,28.9,2.7,6.3,0,95.0,1,7,0.765,Critical,1
25.6,81.9,7.7,2.4,1,92.8,1,4,0.23,Low,0
28.0,72.0,6.2,1.5,23,39.0,0,10,0.335,Low,0
26.7,91.9,11.0,1.7,14,60.9,1,11,0.324,Low,0
24.8,70.2,6.8,28.3,1,92.4,0,1,0.013,Low,0
27.3,93.2,11.3,10.2,3,88.7,0,2,0.074,Low,0
33.6,51.9,2.0,0.0,9,76.8,1,8,1.0,Critical,1
34.4,50.8,10.2,0.9,12,69.7,1,8,0.983,Critical,1
32.4,28.4,11.2,0.0,6,83.7,0,8,0.629,High,0
27.6,72.7,4.7,2.4,0,95.0,0,5,0.125,Low,1
26.4,79.1,14.4,21.1,3,88.2,0,5,0.055,Low,0
32.5,39.8,15.7,0.0,14,63.8,1,7,1.0,Critical,1
24.0,78.7,2.9,10.4,0,94.5,0,5,0.0,Low,1
30.7,88.1,21.0,10.6,3,90.3,0,2,0.337,Low,0
25.6,84.1,2.6,13.8,2,90.3,1,2,0.111,Low,0
26.2,73.0,6.4,14.9,1,93.1,0,1,0.002,Low,0
29.4,66.1,4.3,5.5,2,92.2,0,5,0.238,Low,0
24.5,84.8,8.3,26.5,1,92.3,0,3,0.039,Low,0
24.6,83.7,12.2,28.6,3,87.3,1,3,0.059,Low,0
28.7,45.4,8.4,4.0,2,91.8,1,7,0.493,Medium,0
27.5,71.3,3.8,16.1,2,91.2,0,11,0.002,Low,0
27.0,79.3,26.5,5.2,0,95.0,0,2,0.142,Low,0
29.0,76.1,9.0,4.3,0,95.0,1,1,0.228,Low,0
25.0,83.1,8.2,24.1,0,95.0,0,12,0.024,Low,0
26.9,72.4,10.7,55.4,2,90.9,0,2,0.033,Low,0
27.6,83.2,2.4,5.1,3,88.8,1,4,0.029,Low,0
30.1,79.0,6.1,11.5,0,95.0,1,5,0.195,Low,0
29.5,84.4,9.6,12.5,3,89.7,0,10,0.086,Low,0
32.1,63.2,10.4,5.3,2,93.5,1,6,0.441,Medium,1
27.1,45.5,13.9,0.0,8,76.0,1,9,0.721,High,1
33.7,53.1,10.9,0.0,15,61.8,0,9,0.838,Critical,1
36.7,51.3,8.7,0.0,24,40.9,0,6,0.813,Critical,0
27.4,91.4,4.8,5.8,3,88.7,0,4,0.047,Low,0
28.7,82.7,13.1,10.2,3,89.4,0,4,0.144,Low,0
34.6,43.1,4.0,0.0,21,47.3,0,9,0.759,Critical,1
30.3,55.1,9.6,1.2,7,80.2,1,7,0.637,High,1
27.2,77.2,5.2,5.2,4,86.1,1,10,0.156,Low,0
29.1,70.1,3.9,1.5,18,52.0,1,3,0.48,Medium,0
29.2,70.6,13.5,19.5,4,87.1,0,12,0.147,Low,0
27.4,74.5,4.6,45.2,1,93.7,1,2,0.0,Low,1
25.9,82.1,7.6,9.3,0,95.0,0,10,0.069,Low,0
26.5,80.1,13.0,6.6,4,85.7,0,1,0.12,Low,0
24.4,70.8,6.2,30.4,1,92.2,1,2,0.059,Low,0
27.4,75.0,7.3,29.0,3,88.7,0,12,0.0,Low,0
25.5,76.8,4.7,27.8,1,92.8,1,5,0.0,Low,0
28.7,72.0,25.9,17.9,2,91.9,1,10,0.211,Low,0
31.2,53.6,14.5,0.0,23,40.6,0,6,0.725,High,0
30.2,41.8,5.7,8.6,4,87.6,1,8,0.518,Medium,0
25.3,79.5,1.8,3.2,2,90.1,0,3,0.0,Low,0
32.7,59.7,9.6,0.0,18,53.8,0,8,0.55,Medium,0
24.4,73.8,17.7,2.8,3,87.2,1,1,0.195,Low,0
26.0,75.3,10.0,16.9,3,88.0,0,4,0.092,Low,0
29.1,85.6,4.6,12.0,0,95.0,0,4,0.198,Low,0
24.4,85.1,5.7,0.1,24,34.7,1,1,0.552,High,1
38.0,45.0,9.2,0.0,5,89.0,1,7,0.996,Critical,1
28.4,56.3,9.9,0.0,9,74.2,0,6,0.402,Medium,1
27.8,78.9,2.3,21.7,0,95.0,0,4,0.099,Low,1
25.3,63.5,13.3,4.6,4,85.1,0,1,0.208,Low,0
25.3,81.5,12.3,4.8,3,87.6,0,12,0.148,Low,0
30.8,60.6,8.2,3.2,0,95.0,0,8,0.237,Low,0
27.8,91.7,5.9,13.0,0,95.0,0,4,0.0,Low,0
32.1,54.8,4.3,0.0,20,48.5,0,6,0.724,High,1
26.8,79.7,26.8,36.5,4,85.9,0,4,0.061,Low,0
25.9,76.8,2.1,38.8,1,93.0,0,12,0.0,Low,0
32.5,49.8,11.4,0.0,20,48.8,1,8,1.0,Critical,1
27.9,88.5,8.1,46.9,4,86.5,0,10,0.0,Low,0
36.9,56.0,10.0,0.6,20,50.9,0,9,0.73,High,0
24.0,90.2,9.6,6.4,3,87.0,1,10,0.032,Low,1
27.6,84.9,16.8,15.9,2,91.3,0,4,0.0,Low,0
26.7,67.9,11.5,5.2,4,85.9,0,4,0.0,Low,0
28.7,72.8,12.0,23.0,0,95.0,1,2,0.119,Low,0
25.1,91.9,4.6,22.4,3,87.6,1,4,0.0,Low,0
34.5,53.3,5.3,5.4,1,95.0,1,7,0.823,Critical,1
32.7,50.4,12.3,0.4,10,73.9,0,8,0.656,High,1
31.2,48.3,8.6,0.0,23,40.6,0,8,0.686,High,1
34.6,25.0,8.2,0.0,8,79.8,0,6,0.766,Critical,1
28.8,77.3,2.7,9.6,4,86.9,1,11,0.191,Low,1
30.8,25.0,4.3,0.0,10,72.9,1,9,0.998,Critical,1
29.7,79.9,12.2,18.1,3,89.8,1,12,0.217,Low,0
25.6,78.9,0.9,0.7,6,80.3,0,4,0.194,Low,0
25.7,72.3,1.7,0.9,17,52.8,1,1,0.507,Medium,0
26.1,88.4,8.9,82.9,4,85.6,1,3,0.036,Low,0
35.4,45.0,8.1,0.0,22,45.2,0,7,0.783,Critical,1
32.7,38.6,9.4,0.0,11,71.3,0,8,0.732,High,0
28.8,76.7,20.6,29.5,3,89.4,1,5,0.269,Low,0
24.2,75.8,11.4,4.0,2,89.6,0,5,0.0,Low,0
24.2,83.4,5.0,19.1,2,89.6,0,1,0.027,Low,0
31.2,59.7,6.9,0.0,5,85.6,1,7,0.674,High,0
30.1,70.0,3.2,7.1,4,87.5,0,2,0.296,Low,0
29.5,67.3,5.8,1.6,9,74.8,1,9,0.465,Medium,0
24.0,76.7,9.3,8.4,2,89.5,1,3,0.0,Low,0
26.6,76.2,10.4,5.8,1,93.3,1,5,0.104,Low,0
26.1,82.6,26.4,5.0,3,88.0,0,2,0.189,Low,0
25.2,87.9,8.0,4.1,0,95.0,0,2,0.001,Low,0
27.9,73.7,10.0,5.5,0,95.0,1,3,0.112,Low,0
33.1,47.6,11.8,1.4,24,39.0,1,6,1.0,Critical,1
26.6,78.4,5.2,5.7,2,90.8,0,10,0.034,Low,0
29.5,79.0,3.1,3.6,1,94.8,1,11,0.27,Low,1
24.1,70.4,9.6,31.6,2,89.5,1,11,0.0,Low,0
26.7,77.1,3.6,5.1,3,88.4,0,3,0.022,Low,0
33.7,54.7,3.0,12.7,4,89.3,0,8,0.403,Medium,1
27.4,73.3,1.8,40.8,3,88.7,1,4,0.0,Low,0
29.5,73.9,16.8,0.8,17,54.8,0,4,0.573,High,1
28.8,79.8,1.1,47.7,2,91.9,0,12,0.103,Low,1
26.1,71.4,6.6,25.9,4,85.5,0,2,0.091,Low,0
24.0,82.7,9.6,6.4,1,92.0,0,1,0.084,Low,0
37.0,66.5,9.6,0.9,11,73.5,1,7,0.985,Critical,0
27.3,89.9,6.3,16.7,2,91.1,0,5,0.045,Low,0
29.4,82.9,3.9,10.8,1,94.7,0,11,0.136,Low,0
27.6,91.7,13.3,24.5,3,88.8,0,3,0.008,Low,0
28.9,75.7,12.6,8.9,0,95.0,0,12,0.135,Low,0
26.7,74.3,5.8,16.7,1,93.4,0,3,0.0,Low,0
26.2,79.3,6.0,22.6,4,85.6,0,3,0.0,Low,0
26.8,88.7,6.0,11.0,1,93.4,1,1,0.0,Low,1
34.8,33.1,6.2,2.6,1,95.0,0,9,0.697,High,0
32.5,71.6,5.3,4.7,3,91.2,0,3,0.298,Low,0
30.7,78.1,15.2,76.7,3,90.3,0,1,0.163,Low,0
28.2,85.0,6.7,83.4,3,89.1,0,10,0.259,Low,0
27.7,73.1,12.2,23.9,2,91.4,0,1,0.052,Low,0
35.5,46.3,9.0,0.0,23,42.8,0,8,0.786,Critical,0
29.4,65.4,12.8,45.6,3,89.7,0,2,0.193,Low,0
24.8,75.9,9.3,48.5,4,84.9,0,4,0.0,Low,1
34.4,69.9,8.9,0.0,18,54.7,1,7,0.9,Critical,1
32.9,31.9,16.0,1.4,23,41.4,1,6,0.958,Critical,1
28.8,92.6,25.5,7.9,0,95.0,0,10,0.21,Low,0
29.0,80.4,6.2,1.2,22,42.0,0,10,0.34,Low,0
29.6,84.7,5.5,33.4,1,94.8,0,3,0.0,Low,0
32.7,36.8,13.5,0.0,18,53.8,0,9,0.824,Critical,1
26.8,77.2,8.9,12.8,3,88.4,0,10,0.0,Low,0
33.6,46.7,10.2,0.0,24,39.3,0,8,0.858,Critical,1
27.2,82.6,7.6,9.1,0,95.0,1,1,0.0,Low,0
26.5,39.4,34.6,1.5,23,38.2,0,8,0.648,High,1
26.8,86.9,4.7,8.1,0,95.0,1,12,0.015,Low,0
26.5,72.8,15.2,56.7,4,85.8,0,1,0.08,Low,0
25.9,95.0,3.6,14.3,1,92.9,0,1,0.042,Low,0
31.3,51.5,7.9,0.0,9,75.6,0,8,0.609,High,0
25.3,75.4,5.7,3.9,3,87.6,0,11,0.087,Low,0
25.4,86.7,5.7,11.0,3,87.7,1,12,0.057,Low,1
28.1,71.2,12.0,40.2,0,95.0,1,11,0.169,Low,0
28.8,66.9,23.6,1.9,12,66.9,1,7,0.638,High,0
24.0,72.0,17.8,7.2,4,84.5,1,3,0.154,Low,0
32.9,61.5,3.7,0.0,14,64.0,0,6,0.52,Medium,0
26.5,76.7,19.7,19.1,1,93.2,0,1,0.0,Low,0
27.4,75.5,28.9,4.2,1,93.7,0,10,0.255,Low,1
27.8,82.3,6.1,58.6,2,91.4,0,1,0.03,Low,0
32.3,60.2,9.7,1.4,13,66.2,0,7,0.446,Medium,0
29.4,63.2,6.1,0.0,10,72.2,1,6,0.674,High,1
29.4,26.6,9.4,0.2,15,59.7,1,6,0.918,Critical,1
28.0,78.8,20.0,12.9,1,94.0,1,11,0.214,Low,1
29.2,68.7,8.6,22.8,1,94.6,0,12,0.127,Low,0
26.3,78.4,4.8,18.7,2,90.7,0,1,0.0,Low,1
24.0,66.8,20.6,43.0,4,84.5,1,4,0.155,Low,0
24.8,75.1,17.0,23.1,4,84.9,1,2,0.015,Low,0
25.4,75.4,3.9,4.6,3,87.7,0,10,0.028,Low,0
32.1,45.3,7.9,0.0,11,71.0,1,6,1.0,Critical,0
27.3,93.7,4.7,4.4,0,95.0,1,5,0.0,Low,1
25.2,75.3,1.8,6.3,1,92.6,0,11,0.072,Low,0
26.6,72.9,24.2,3.2,4,85.8,1,3,0.206,Low,0
28.8,64.1,3.3,33.4,4,86.9,0,10,0.104,Low,0
28.8,39.3,28.6,0.0,17,54.4,0,7,0.826,Critical,0
28.5,81.2,7.2,13.9,2,91.8,1,4,0.159,Low,0
33.0,42.3,2.7,0.0,15,61.5,0,6,0.627,High,0
34.3,54.0,9.3,0.0,14,64.7,1,7,0.995,Critical,1
27.1,80.8,24.2,7.4,2,91.1,1,1,0.158,Low,0
31.0,25.0,12.3,0.0,21,45.5,1,7,1.0,Critical,1
27.0,79.3,4.5,6.7,1,93.5,1,3,0.029,Low,0
36.0,75.6,2.0,0.0,16,60.5,1,9,0.869,Critical,0
27.5,90.8,5.5,11.4,4,86.2,0,11,0.0,Low,0
28.2,73.1,23.3,13.5,2,91.6,1,4,0.236,Low,0
33.0,54.3,7.3,0.0,14,64.0,0,8,0.796,Critical,0
29.4,25.0,16.9,1.0,15,59.7,0,8,0.572,High,1
25.4,70.7,2.5,16.9,2,90.2,1,3,0.08,Low,0
25.8,82.1,4.8,1.3,5,82.9,0,12,0.152,Low,1
25.4,72.2,1.8,0.1,13,62.7,0,2,0.414,Medium,0
27.7,34.0,12.8,0.0,19,48.8,0,6,0.623,High,0
25.9,80.6,3.8,3.1,1,92.9,0,5,0.0,Low,0
24.2,65.4,10.9,7.3,0,94.6,0,4,0.086,Low,0
26.7,74.2,11.3,24.6,3,88.3,1,5,0.0,Low,0
24.6,88.7,3.1,11.2,4,84.8,1,5,0.0,Low,0
26.9,87.2,12.5,4.9,3,88.4,1,2,0.138,Low,0
25.6,83.4,3.2,0.8,9,72.8,1,10,0.454,Medium,1
29.4,35.1,4.0,0.0,15,59.7,0,7,0.721,High,1
27.1,82.3,6.7,22.7,4,86.1,1,1,0.049,Low,0
24.0,86.9,10.5,3.2,0,94.5,0,2,0.004,Low,1
24.7,82.3,5.5,0.4,24,34.8,0,10,0.329,Low,0
27.5,48.4,5.3,0.0,7,78.8,0,8,0.456,Medium,1
34.6,38.3,19.8,0.5,11,72.3,0,8,0.928,Critical,1
30.4,59.2,8.1,2.1,0,95.0,0,7,0.365,Medium,0
25.8,70.9,7.4,2.9,1,92.9,0,2,0.053,Low,0
27.0,71.5,7.8,45.3,0,95.0,1,3,0.107,Low,1
28.6,82.2,4.1,22.7,3,89.3,0,1,0.034,Low,0
29.4,52.1,7.1,0.0,21,44.7,0,6,0.525,Medium,0
27.9,76.8,25.0,2.8,0,95.0,0,3,0.163,Low,0
29.2,90.2,3.4,12.7,1,94.6,0,4,0.136,Low,0
26.5,75.8,12.9,27.1,4,85.7,0,5,0.047,Low,0
29.1,70.2,1.4,14.7,1,94.5,0,3,0.035,Low,0
25.0,76.0,0.8,13.8,0,95.0,0,10,0.058,Low,1
25.3,87.6,1.0,0.7,12,65.2,0,5,0.218,Low,1
24.0,67.0,11.4,3.3,3,87.0,1,10,0.145,Low,0
36.3,47.9,6.0,4.3,2,95.0,1,6,0.699,High,1
27.5,65.9,19.5,0.1,21,43.7,0,2,0.364,Medium,0
28.6,42.0,8.9,0.0,14,61.8,1,9,0.804,Critical,1
26.8,63.3,20.4,38.9,2,90.9,0,3,0.027,Low,0
28.6,88.4,16.9,27.8,3,89.3,0,11,0.103,Low,0
27.8,77.3,4.5,50.2,2,91.4,0,3,0.0,Low,0
26.0,81.3,12.7,0.4,16,55.5,1,1,0.474,Medium,0
26.8,80.5,6.6,6.5,4,85.9,0,10,0.063,Low,0
26.6,70.2,9.2,15.5,3,88.3,0,10,0.042,Low,0
31.7,60.9,14.7,0.0,17,55.8,0,9,0.667,High,0
28.4,82.4,5.5,13.1,4,86.7,0,10,0.046,Low,0
30.0,28.1,6.8,0.0,6,82.5,0,6,0.588,High,0
34.4,58.1,6.8,1.0,24,39.7,0,6,0.486,Medium,0
26.8,76.8,7.5,5.1,0,95.0,0,4,0.063,Low,0
24.6,69.1,5.3,22.2,0,94.8,1,11,0.097,Low,0
26.6,82.8,22.1,9.2,0,95.0,1,10,0.178,Low,0
28.2,66.3,6.4,13.5,2,91.6,1,10,0.232,Low,0
29.0,83.9,6.7,4.5,1,94.5,0,5,0.17,Low,0
25.9,77.7,3.2,23.6,4,85.4,1,2,0.031,Low,0
32.0,52.0,8.3,2.1,3,91.0,0,9,0.399,Medium,0
27.9,64.6,6.0,10.8,4,86.4,1,4,0.11,Low,0
31.4,61.6,7.7,0.0,5,85.7,0,6,0.626,High,0
30.1,52.5,13.4,0.0,15,60.1,0,9,0.704,High,0
31.5,49.4,12.5,0.0,19,50.7,1,9,1.0,Critical,0
29.2,78.3,3.8,2.8,0,95.0,1,11,0.227,Low,0
25.3,80.5,1.8,6.6,3,87.6,1,2,0.178,Low,0
24.0,80.6,28.2,3.4,4,84.5,1,4,0.198,Low,0
26.4,85.5,17.6,58.2,4,85.7,0,1,0.082,Low,0
30.4,65.7,13.4,0.0,24,37.7,1,6,0.909,Critical,1
26.1,70.5,15.2,2.2,2,90.6,0,4,0.101,Low,1
34.2,32.5,6.6,0.0,16,59.6,0,6,0.905,Critical,1
29.0,77.9,7.8,5.6,3,89.5,0,3,0.183,Low,0
28.2,94.8,4.9,16.3,2,91.6,0,3,0.037,Low,0
29.8,72.0,4.8,46.3,1,94.9,0,2,0.054,Low,0
28.6,76.3,4.9,28.2,4,86.8,0,1,0.128,Low,0
26.7,83.9,9.3,18.0,2,90.9,0,12,0.0,Low,0
29.0,87.2,7.5,10.0,0,95.0,1,5,0.124,Low,1
27.2,83.3,6.3,11.6,1,93.6,0,1,0.0,Low,0
35.2,49.8,18.1,0.0,10,75.1,0,8,0.804,Critical,1
25.5,79.6,11.7,13.9,0,95.0,1,4,0.028,Low,0
24.9,80.6,6.4,1.1,8,74.9,0,3,0.194,Low,0
28.8,86.9,8.8,14.4,0,95.0,1,11,0.167,Low,0
26.7,75.0,4.0,1.0,21,43.3,1,1,0.572,High,1
35.9,48.1,18.3,0.0,10,75.4,0,7,0.773,Critical,1
26.0,81.3,2.8,4.6,4,85.5,0,2,0.039,Low,0
26.7,72.4,8.8,7.9,3,88.4,0,10,0.12,Low,0
24.3,78.3,9.7,19.0,1,92.2,1,11,0.004,Low,0
28.2,89.4,4.0,0.5,15,59.1,1,4,0.662,High,1
26.5,83.9,17.4,67.2,4,85.7,0,4,0.055,Low,0
35.8,52.2,14.6,0.0,5,87.9,1,8,0.999,Critical,0
25.9,63.5,8.1,16.0,2,90.5,0,2,0.008,Low,0
33.8,47.2,18.5,0.0,19,51.9,0,9,0.888,Critical,1
24.6,70.6,4.1,6.7,1,92.3,0,10,0.04,Low,0
28.4,85.6,11.9,4.7,2,91.7,1,11,0.204,Low,0
30.8,47.1,5.3,4.9,1,95.0,1,6,0.559,High,1
26.1,81.2,6.6,0.8,19,48.1,0,1,0.424,Medium,1
34.0,50.9,5.3,0.0,22,44.5,0,7,0.834,Critical,1
24.0,91.8,4.8,43.1,0,94.5,1,10,0.0,Low,0
30.8,29.0,7.5,0.0,21,45.4,1,9,0.917,Critical,1
25.2,48.0,21.2,0.9,19,47.6,1,6,0.873,Critical,1
29.5,75.2,10.0,10.8,3,89.8,1,5,0.136,Low,0
25.7,80.8,23.4,16.1,2,90.3,1,5,0.106,Low,0
25.3,73.2,3.9,1.5,24,35.2,1,4,0.23,Low,0
33.7,53.8,2.5,5.3,1,95.0,0,7,0.527,Medium,0
29.0,75.8,13.6,53.5,4,87.0,0,5,0.082,Low,0
35.2,58.9,7.1,0.0,16,60.1,0,8,0.659,High,1
30.6,70.7,12.6,24.4,0,95.0,0,12,0.275,Low,0
33.7,31.2,4.8,0.0,19,51.9,0,6,0.883,Critical,1
32.2,43.4,5.5,0.0,9,76.1,1,6,0.877,Critical,1
28.2,78.5,2.3,18.7,3,89.1,1,2,0.21,Low,0
28.2,84.5,5.2,0.3,8,76.6,0,4,0.292,Low,0
26.6,74.3,4.5,6.7,2,90.8,1,3,0.0,Low,0
27.4,78.7,5.5,8.6,3,88.7,0,4,0.048,Low,0
27.0,73.8,18.1,2.2,3,88.5,1,4,0.198,Low,0
29.4,46.3,12.5,0.0,9,74.7,1,6,0.641,High,1
25.9,71.8,8.4,0.7,14,60.4,1,1,0.392,Medium,0
27.0,76.9,5.2,9.8,3,88.5,0,3,0.0,Low,0
27.6,84.1,12.3,11.1,2,91.3,1,2,0.0,Low,0
28.2,71.0,7.5,21.3,1,94.1,0,4,0.183,Low,0
33.2,61.0,13.1,0.1,21,46.6,1,6,0.922,Critical,1
34.7,69.1,3.1,0.0,14,64.8,1,7,1.0,Critical,1
25.8,75.1,0.4,11.4,3,87.9,1,2,0.133,Low,1
28.5,81.3,28.4,25.2,0,95.0,1,4,0.299,Low,0
27.1,82.2,11.5,14.3,0,95.0,0,2,0.031,Low,0
26.6,80.5,3.1,2.8,1,93.3,1,5,0.19,Low,0
29.0,82.4,28.1,0.3,10,72.0,1,4,0.712,High,1
24.0,76.4,8.8,20.0,4,84.5,1,1,0.03,Low,0
26.9,72.3,11.9,2.1,4,85.9,0,2,0.069,Low,1
28.9,32.8,13.8,2.2,0,95.0,0,8,0.437,Medium,0
25.3,67.6,6.1,0.4,11,67.7,0,10,0.44,Medium,1
32.4,54.8,8.8,0.0,7,81.2,0,6,0.703,High,1
24.7,78.2,4.2,3.8,1,92.4,1,1,0.0,Low,0
27.6,81.9,6.5,7.0,3,88.8,1,11,0.119,Low,0
27.8,75.4,1.0,7.9,1,93.9,0,12,0.042,Low,1
27.9,54.5,8.1,8.6,3,89.0,1,5,0.283,Low,0
35.1,57.0,7.1,0.0,23,42.5,0,7,0.666,High,1
32.3,48.3,10.4,0.0,10,73.6,0,8,0.667,High,1
33.1,79.5,10.2,2.7,3,91.5,0,1,0.345,Low,0
27.5,79.6,7.1,9.3,2,91.2,0,10,0.0,Low,0
26.5,45.0,1.7,1.7,11,68.2,1,8,0.468,Medium,1
24.7,59.7,38.3,5.3,4,84.9,0,10,0.222,Low,0
26.6,75.6,2.6,1.1,9,73.3,0,1,0.198,Low,0
31.9,36.3,13.3,6.3,2,93.4,0,9,0.514,Medium,1
26.4,89.2,3.6,10.6,0,95.0,1,11,0.0,Low,1
31.1,45.5,4.8,0.4,15,60.6,0,6,0.653,High,1
25.5,82.8,13.0,34.9,4,85.3,0,3,0.086,Low,0
25.7,79.8,3.0,7.4,2,90.3,0,5,0.057,Low,0
32.6,53.3,4.1,0.0,10,73.8,0,6,0.54,Medium,1
32.4,56.7,1.0,0.0,10,73.7,0,9,0.383,Medium,0
28.8,90.4,10.1,0.2,8,76.9,0,1,0.267,Low,0
28.9,83.5,26.3,18.2,1,94.4,0,4,0.129,Low,0
27.1,71.7,15.0,48.8,4,86.0,0,11,0.113,Low,0
25.1,69.4,3.9,61.7,3,87.6,0,1,0.106,Low,0
25.6,74.0,6.5,4.3,3,87.8,0,2,0.096,Low,0
26.0,75.7,28.9,37.3,2,90.5,0,10,0.002,Low,0
31.2,84.8,1.2,2.3,0,95.0,0,5,0.38,Medium,1
31.2,71.2,15.7,17.9,4,88.1,0,11,0.099,Low,1
32.9,43.3,31.6,1.8,9,76.5,0,7,0.614,High,0
26.7,74.4,9.5,4.4,4,85.8,0,2,0.103,Low,0
27.8,80.9,9.5,4.9,4,86.4,0,3,0.131,Low,0
30.6,88.1,10.9,5.6,0,95.0,1,4,0.29,Low,0
26.7,69.2,7.1,1.3,15,58.3,1,5,0.427,Medium,0
26.3,78.6,12.9,9.7,4,85.7,0,2,0.025,Low,0
27.9,92.6,12.4,28.3,2,91.5,0,2,0.062,Low,0
37.7,51.6,3.5,0.0,13,68.8,1,9,0.907,Critical,1
29.4,71.1,2.3,8.1,3,89.7,0,1,0.109,Low,0
32.1,53.3,15.5,0.0,5,86.0,0,7,0.557,High,1
32.9,57.9,23.7,0.0,20,49.0,1,6,1.0,Critical,1
29.5,74.8,12.9,10.7,2,92.2,0,11,0.078,Low,0
26.3,72.7,16.3,17.8,0,95.0,0,1,0.018,Low,0
32.3,64.4,36.8,0.2,19,51.2,1,9,1.0,Critical,1
31.2,66.4,2.4,0.0,23,40.6,0,9,0.524,Medium,0
28.1,66.6,6.2,12.4,2,91.5,0,3,0.099,Low,1
27.5,86.2,1.8,23.2,2,91.3,0,4,0.0,Low,0
28.1,77.8,5.4,0.0,19,49.1,0,10,0.368,Medium,1
31.0,79.5,9.9,18.3,3,90.5,1,5,0.4,Medium,1
30.8,49.1,11.9,3.3,2,92.9,1,9,0.619,High,0
26.6,77.7,16.9,15.5,3,88.3,1,11,0.0,Low,0
28.5,42.1,9.1,0.0,14,61.7,1,7,0.807,Critical,1
29.7,38.0,5.1,0.0,9,74.8,0,8,0.566,High,1
35.6,64.2,14.2,0.0,17,57.8,0,6,0.766,Critical,1
27.7,61.3,7.8,17.8,0,95.0,1,11,0.0,Low,0
27.7,72.4,3.9,5.0,2,91.3,0,5,0.115,Low,0
31.1,79.9,7.1,11.5,3,90.6,1,3,0.334,Low,0
26.0,88.9,2.1,3.2,2,90.5,0,1,0.012,Low,0
27.5,66.5,3.1,2.7,1,93.7,1,4,0.166,Low,0
24.4,94.2,1.3,16.6,0,94.7,0,3,0.0,Low,0
30.0,76.9,1.1,1.8,11,70.0,0,12,0.283,Low,0
28.5,52.2,2.4,4.0,2,91.7,0,6,0.281,Low,0
24.0,79.7,24.4,4.4,1,92.0,1,11,0.098,Low,0
30.4,73.9,14.1,12.9,0,95.0,0,11,0.193,Low,0
28.0,57.8,2.4,0.0,22,41.5,0,6,0.356,Medium,1
26.0,67.8,11.2,2.2,0,95.0,0,10,0.139,Low,0
27.6,67.4,11.6,3.0,1,93.8,1,4,0.288,Low,1
26.2,77.6,9.2,7.7,4,85.6,0,12,0.041,Low,0
27.3,95.0,22.1,4.3,4,86.2,1,5,0.231,Low,0
31.9,40.5,2.7,0.0,23,41.0,0,6,0.689,High,0
34.5,43.1,19.7,0.0,21,47.2,1,8,0.951,Critical,1
28.4,75.7,4.6,8.4,0,95.0,1,3,0.115,Low,0
31.9,55.5,7.9,6.5,0,95.0,1,6,0.56,High,0
31.0,60.2,3.0,0.0,12,68.0,1,7,0.925,Critical,0
25.2,76.3,3.0,1.5,15,57.6,1,3,0.344,Low,0
33.7,48.8,16.8,2.3,3,91.8,1,8,0.865,Critical,0
25.6,83.8,11.8,0.9,14,60.3,0,12,0.272,Low,0
26.1,74.9,19.2,3.3,4,85.6,1,11,0.11,Low,0
26.1,81.5,3.8,3.2,0,95.0,0,4,0.076,Low,0
33.1,47.2,17.1,0.0,14,64.1,1,6,1.0,Critical,1
30.5,51.9,10.1,0.0,20,47.8,0,9,0.742,High,1
30.4,35.2,8.2,0.0,24,37.7,0,8,0.739,High,0
26.9,95.0,29.5,6.0,4,86.0,1,4,0.285,Low,0
27.8,76.6,13.0,76.7,2,91.4,0,1,0.114,Low,0
32.9,36.9,5.4,0.0,5,86.5,0,6,0.629,High,1
25.5,91.2,7.7,25.9,4,85.2,0,1,0.0,Low,0
30.2,49.0,0.5,0.1,23,40.1,0,8,0.637,High,1
27.0,84.8,9.8,15.7,1,93.5,1,11,0.084,Low,0
26.7,84.1,7.1,17.4,2,90.9,1,2,0.04,Low,0
29.5,80.8,12.7,4.7,4,87.3,0,12,0.198,Low,0
28.8,78.3,1.3,10.6,1,94.4,0,2,0.0,Low,1
28.4,54.1,6.4,0.0,18,51.7,1,7,0.95,Critical,1
33.1,68.0,7.3,2.5,3,91.5,1,8,0.692,High,1
28.1,73.0,11.4,0.5,10,71.5,0,2,0.345,Low,0
32.9,62.6,6.0,0.0,15,61.5,0,8,0.582,High,1
27.2,64.9,14.8,11.7,3,88.6,0,4,0.101,Low,1
25.8,86.4,7.4,4.8,2,90.4,0,5,0.037,Low,0
32.4,28.1,9.5,0.0,12,68.7,0,8,0.761,Critical,1
24.0,89.2,5.4,2.3,1,92.0,0,10,0.139,Low,0
31.0,48.8,6.4,0.0,13,65.5,0,9,0.683,High,0
28.0,66.0,8.2,7.9,2,91.5,1,2,0.328,Low,0
27.6,47.9,7.4,0.0,6,81.3,1,7,0.579,High,1
26.9,82.2,3.3,6.2,1,93.4,1,12,0.119,Low,0
30.2,60.1,15.1,0.0,10,72.6,1,7,0.835,Critical,1
26.5,94.5,8.0,19.1,0,95.0,0,1,0.017,Low,0
27.5,81.7,14.9,17.9,3,88.7,1,5,0.003,Low,0
34.5,46.6,9.4,13.1,4,89.8,1,8,0.76,Critical,1
31.3,87.2,2.2,38.2,0,95.0,1,11,0.325,Low,0
24.4,82.5,12.2,28.9,4,84.7,0,11,0.0,Low,1
24.0,76.9,11.2,3.9,1,92.0,1,12,0.052,Low,0
26.6,71.0,6.7,7.1,0,95.0,0,4,0.02,Low,0
27.6,83.0,6.6,16.1,1,93.8,0,1,0.0,Low,0
25.6,87.6,15.3,32.1,3,87.8,0,11,0.0,Low,0
28.8,83.4,18.8,4.3,1,94.4,0,3,0.237,Low,0
32.5,72.5,11.8,0.0,15,61.3,1,6,0.708,High,1
25.0,75.4,2.4,37.1,0,95.0,1,5,0.0,Low,0
28.0,73.3,1.7,52.7,2,91.5,1,10,0.064,Low,0
26.1,67.7,4.7,5.1,0,95.0,0,1,0.026,Low,0
36.3,35.3,7.5,5.2,0,95.0,0,9,0.624,High,1
25.0,89.4,17.2,14.6,2,90.0,1,12,0.098,Low,0
26.8,67.2,18.1,7.4,3,88.4,0,12,0.209,Low,0
27.2,79.0,2.7,25.1,3,88.6,0,4,0.008,Low,0
29.3,74.6,24.7,2.6,0,95.0,1,3,0.393,Medium,0
26.1,80.5,2.5,4.1,0,95.0,1,11,0.072,Low,0
30.0,84.7,1.4,4.6,3,90.0,1,2,0.364,Medium,1
28.8,80.3,2.9,9.4,4,86.9,1,5,0.24,Low,0
25.8,72.8,9.6,8.2,2,90.4,1,4,0.0,Low,1
29.8,25.0,7.1,0.0,23,39.9,0,6,0.735,High,1
31.9,47.9,9.0,0.0,19,51.0,1,8,1.0,Critical,1
28.4,77.6,21.4,35.6,0,95.0,0,1,0.141,Low,0
30.5,77.7,26.3,0.0,6,82.8,1,6,0.835,Critical,1
24.7,68.9,4.8,2.3,2,89.8,1,4,0.235,Low,0
30.9,84.1,7.2,22.6,1,95.0,1,4,0.286,Low,0
31.9,66.1,8.6,0.0,23,41.0,1,7,0.937,Critical,1
32.7,45.3,5.8,0.9,15,61.3,0,9,0.706,High,1
26.5,65.6,9.7,20.0,0,95.0,1,2,0.132,Low,0
27.4,74.5,17.1,42.2,2,91.2,0,1,0.096,Low,0
31.2,74.4,3.3,40.2,4,88.1,0,12,0.163,Low,0
32.9,44.4,30.8,0.0,13,66.5,0,8,0.785,Critical,1
32.1,53.7,9.4,0.0,14,63.6,0,8,0.674,High,1
25.1,59.6,15.8,9.5,1,92.5,1,12,0.159,Low,0
29.7,29.7,6.5,0.0,19,49.9,0,9,0.651,High,1
25.7,81.0,14.2,31.9,0,95.0,0,10,0.057,Low,1
32.0,45.8,1.7,0.0,11,71.0,1,9,1.0,Critical,1
35.2,57.1,5.9,0.2,20,50.1,0,8,0.707,High,1
25.2,75.3,8.4,16.9,3,87.6,0,10,0.0,Low,0
24.2,79.8,13.6,4.3,2,89.6,0,1,0.116,Low,0
35.3,50.8,5.3,0.0,13,67.6,1,6,0.993,Critical,1
27.2,89.5,5.2,15.7,1,93.6,0,12,0.0,Low,0
24.0,71.6,13.5,14.7,3,87.0,0,3,0.051,Low,0
24.2,90.5,10.3,5.9,4,84.6,0,11,0.02,Low,0
30.0,77.3,10.4,13.1,3,90.0,1,12,0.078,Low,0
33.1,45.6,1.7,0.0,9,76.5,1,7,1.0,Critical,1
32.7,71.1,8.7,17.6,2,93.8,1,10,0.233,Low,0
29.7,76.0,21.7,49.3,0,95.0,0,5,0.198,Low,0
26.6,68.3,7.1,9.7,4,85.8,0,2,0.0,Low,0
29.3,78.7,29.6,20.9,2,92.1,0,11,0.133,Low,0
26.9,84.6,3.0,9.2,4,85.9,0,11,0.008,Low,0
26.5,78.8,3.9,3.2,4,85.7,0,3,0.069,Low,0
29.3,68.7,13.3,1.3,19,49.6,1,2,0.59,High,1
26.4,74.0,20.5,15.0,4,85.7,0,11,0.074,Low,0
33.7,57.7,6.2,1.1,24,39.4,1,7,0.925,Critical,1
26.5,88.1,1.7,30.9,2,90.7,0,2,0.061,Low,0
26.0,67.8,2.9,7.8,3,88.0,0,4,0.054,Low,1
33.1,56.0,3.3,0.0,8,79.1,1,6,0.886,Critical,1
25.5,74.6,11.7,28.4,2,90.2,0,5,0.012,Low,1
32.4,56.2,22.7,0.0,19,51.2,1,9,1.0,Critical,1
27.3,95.0,11.4,0.9,17,53.6,1,3,0.498,Medium,0
24.9,75.3,13.5,26.1,0,94.9,1,12,0.076,Low,0
27.0,78.2,25.3,2.6,2,91.0,1,1,0.207,Low,0
34.9,64.2,5.0,0.0,8,80.0,0,6,0.535,Medium,0
34.0,25.0,24.1,1.9,18,54.5,1,6,0.922,Critical,0
27.1,67.8,7.5,10.5,4,86.1,0,10,0.009,Low,0
25.3,91.2,6.4,12.4,0,95.0,0,12,0.03,Low,1
25.6,71.1,12.5,19.9,3,87.8,1,10,0.0,Low,0
29.4,69.4,18.0,33.4,3,89.7,0,11,0.299,Low,0
25.2,65.6,5.0,7.9,1,92.6,0,2,0.163,Low,0
33.0,58.1,12.4,3.8,2,94.0,1,9,0.481,Medium,0
27.7,53.0,4.7,0.0,11,68.8,1,9,0.725,High,1
26.7,82.2,3.7,14.5,0,95.0,0,11,0.015,Low,0
24.0,70.8,14.4,8.0,4,84.5,0,5,0.019,Low,0
26.6,89.6,4.2,11.6,0,95.0,0,12,0.0,Low,0
29.7,86.1,10.9,37.2,1,94.8,1,11,0.184,Low,0
25.0,74.2,3.8,31.2,1,92.5,0,2,0.0,Low,0
28.9,62.1,2.1,29.0,0,95.0,1,3,0.271,Low,0
33.7,52.1,8.9,0.0,24,39.3,1,9,1.0,Critical,1
26.0,89.3,9.8,30.3,3,88.0,1,12,0.0,Low,0
26.6,75.6,34.1,31.7,0,95.0,0,4,0.121,Low,0
25.4,93.0,4.4,9.6,3,87.7,1,5,0.029,Low,0
32.7,32.3,8.9,6.1,2,93.9,1,6,0.761,Critical,1
25.9,89.5,10.8,3.0,1,93.0,1,10,0.048,Low,0
29.9,47.8,3.4,0.0,11,69.9,0,8,0.494,Medium,1
30.5,46.8,14.3,0.6,7,80.2,0,9,0.591,High,1
24.2,88.3,16.1,6.9,4,84.6,0,3,0.147,Low,0
31.6,57.7,17.9,2.1,1,95.0,0,8,0.369,Medium,0
30.6,53.0,2.1,0.0,11,70.3,0,7,0.635,High,1
27.8,46.3,6.4,1.4,17,53.9,0,7,0.393,Medium,1
30.3,45.1,5.5,0.5,13,65.2,0,6,0.668,High,0
28.0,83.6,9.4,45.6,2,91.5,1,1,0.047,Low,0
32.7,69.8,27.1,2.0,2,93.8,0,7,0.462,Medium,0
28.1,73.3,2.2,5.1,2,91.5,1,12,0.15,Low,0
30.8,74.5,2.3,11.9,4,87.9,0,5,0.244,Low,0
25.6,78.2,5.1,4.6,2,90.3,1,2,0.144,Low,0
30.0,88.1,10.2,6.2,1,95.0,1,11,0.227,Low,0
27.2,84.3,8.6,3.3,3,88.6,1,2,0.14,Low,0
28.9,25.0,8.6,0.0,14,61.9,0,7,0.632,High,1
24.0,76.0,8.8,8.8,4,84.5,1,12,0.0,Low,1
27.0,78.9,3.0,14.8,2,91.0,0,3,0.0,Low,0
28.4,67.0,5.0,5.3,0,95.0,0,3,0.129,Low,0
24.1,95.0,18.2,4.0,2,89.6,0,2,0.022,Low,0
32.7,39.9,17.2,5.1,1,95.0,1,9,0.855,Critical,1
26.7,83.7,4.9,8.7,4,85.9,1,3,0.0,Low,0
29.5,44.4,12.1,0.0,15,59.8,0,9,0.525,Medium,1
28.2,81.8,30.4,13.6,1,94.1,1,1,0.269,Low,0
24.2,75.0,11.7,4.5,0,94.6,0,3,0.009,Low,0
30.3,72.3,6.8,8.1,3,90.1,0,4,0.266,Low,0
24.0,73.7,17.7,26.2,3,87.0,0,10,0.0,Low,0
30.7,66.6,9.2,0.0,22,42.8,1,8,0.83,Critical,1
27.2,79.7,17.0,26.6,3,88.6,0,4,0.077,Low,0
34.4,49.9,9.2,0.0,20,49.7,0,9,0.79,Critical,1
27.9,73.6,10.4,0.1,21,43.9,1,5,0.469,Medium,0
31.0,88.2,5.8,1.2,21,45.5,0,12,0.445,Medium,0
33.1,44.2,6.1,0.0,21,46.6,0,7,0.854,Critical,1
35.1,50.3,11.9,4.0,1,95.0,0,8,0.509,Medium,1
27.3,87.1,6.5,15.2,2,91.1,0,2,0.041,Low,0
27.8,70.4,1.5,21.1,4,86.4,0,10,0.0,Low,0
30.4,65.9,10.9,0.3,7,80.2,0,9,0.378,Medium,0
33.8,52.4,5.1,0.0,24,39.4,1,9,1.0,Critical,1
30.7,80.9,13.7,17.7,4,87.8,1,10,0.365,Medium,0
25.6,68.8,13.3,15.9,2,90.3,0,5,0.085,Low,0
26.0,66.3,22.3,8.8,0,95.0,0,3,0.144,Low,0
24.0,90.9,13.8,16.1,4,84.5,0,3,0.06,Low,0
30.2,27.9,25.7,2.3,3,90.1,0,9,0.687,High,0
30.0,53.8,2.4,0.0,8,77.5,0,6,0.596,High,1
28.0,37.4,2.9,0.0,8,76.5,1,6,0.89,Critical,0
28.1,73.0,10.7,2.5,4,86.5,1,4,0.305,Low,0
33.6,51.7,3.1,7.2,3,91.8,0,7,0.484,Medium,0
31.2,52.2,5.3,0.0,22,43.1,0,7,0.741,High,1
27.2,79.2,20.2,19.3,1,93.6,0,11,0.108,Low,0
33.1,46.4,7.0,0.7,16,59.1,1,8,0.924,Critical,1
29.0,73.2,10.2,18.6,3,89.5,0,2,0.046,Low,0
30.1,50.7,6.7,0.3,10,72.5,0,7,0.662,High,1
34.2,54.0,3.3,0.0,5,87.1,1,7,1.0,Critical,1
29.4,79.7,7.1,0.7,9,74.7,0,11,0.444,Medium,1
27.8,90.1,2.7,22.1,4,86.4,0,2,0.0,Low,0
37.0,52.7,18.0,1.4,12,71.0,1,6,0.976,Critical,1
28.4,87.2,18.0,10.6,0,95.0,1,10,0.237,Low,0
31.2,53.9,4.0,0.0,14,63.1,1,8,0.93,Critical,1
37.3,59.6,9.3,0.0,12,71.1,0,6,0.675,High,1
28.6,85.7,11.0,34.6,0,95.0,0,3,0.145,Low,0
27.7,82.1,7.3,40.6,1,93.9,0,5,0.035,Low,1
33.8,46.5,2.2,0.7,10,74.4,1,8,1.0,Critical,0
27.7,75.9,15.1,1.2,17,53.9,1,11,0.494,Medium,1
33.0,34.3,23.5,0.0,21,46.5,0,9,0.899,Critical,1
24.3,61.5,16.5,18.8,3,87.2,1,2,0.206,Low,0
24.4,86.5,15.3,6.8,1,92.2,1,3,0.002,Low,0
25.2,69.2,11.0,6.8,4,85.1,1,2,0.15,Low,0
32.3,80.0,7.7,0.0,16,58.6,0,7,0.538,Medium,1
32.3,47.5,18.7,0.0,20,48.7,0,7,0.761,Critical,1
25.4,85.1,13.5,7.1,0,95.0,0,10,0.111,Low,0
30.5,76.3,14.0,14.0,1,95.0,0,12,0.274,Low,0
30.8,48.6,18.8,0.0,9,75.4,1,8,1.0,Critical,0
30.1,72.4,20.6,0.0,13,65.1,0,7,0.553,High,0
29.6,76.1,15.2,28.8,2,92.3,0,10,0.092,Low,0
28.9,72.6,9.2,7.6,3,89.5,0,5,0.176,Low,1
26.5,81.5,2.9,14.2,4,85.7,0,11,0.0,Low,1
30.9,84.7,7.7,4.6,0,95.0,0,4,0.189,Low,0
28.7,67.2,8.6,0.0,16,56.8,1,3,0.7,High,1
32.2,61.6,0.9,0.0,11,71.1,0,6,0.489,Medium,0
37.4,77.8,11.3,0.0,14,66.2,1,8,0.849,Critical,1
31.8,62.4,10.1,4.6,0,95.0,0,12,0.276,Low,0
30.2,59.0,4.2,0.2,13,65.1,0,7,0.544,Medium,0
24.4,70.0,3.6,100.0,2,89.7,0,12,0.057,Low,0
26.8,74.4,12.2,11.3,2,90.9,0,12,0.043,Low,0
26.1,76.6,18.0,4.0,3,88.1,1,4,0.226,Low,0
26.4,77.9,13.8,19.0,2,90.7,0,4,0.065,Low,0
24.0,74.6,24.7,10.7,1,92.0,1,10,0.133,Low,0
27.8,82.3,20.4,3.9,1,93.9,0,3,0.107,Low,0
36.1,42.2,11.9,0.0,11,73.1,0,6,0.771,Critical,1
28.4,86.8,13.2,7.6,3,89.2,1,3,0.203,Low,0
32.7,36.6,5.5,0.0,17,56.3,1,8,1.0,Critical,1
26.5,74.8,15.3,15.3,0,95.0,1,12,0.0,Low,0
33.4,42.2,6.8,0.0,18,54.2,1,8,0.942,Critical,1
29.4,67.3,22.4,1.9,9,74.7,0,2,0.332,Low,0
25.4,90.0,9.9,36.3,3,87.7,1,1,0.0,Low,0
26.7,72.1,5.3,3.8,1,93.3,0,3,0.036,Low,0
28.6,70.9,12.1,28.6,3,89.3,0,1,0.133,Low,0
25.4,71.7,12.3,4.3,1,92.7,0,1,0.068,Low,0
28.3,81.1,24.9,14.9,4,86.6,1,1,0.271,Low,0
27.1,89.1,9.2,7.1,0,95.0,0,2,0.063,Low,0
33.9,45.6,12.1,0.0,13,66.9,0,6,0.792,Critical,1
27.7,78.9,11.6,7.3,0,95.0,1,4,0.012,Low,0
24.2,71.8,18.6,5.8,4,84.6,1,12,0.142,Low,0
25.6,74.8,12.3,3.8,1,92.8,0,4,0.122,Low,0
28.5,80.2,10.4,1.3,20,46.8,1,4,0.49,Medium,0
27.2,81.9,3.6,50.2,3,88.6,1,2,0.0,Low,0
26.7,73.3,2.6,21.8,0,95.0,0,12,0.05,Low,0
31.3,55.1,3.7,0.0,12,68.1,1,9,0.845,Critical,1
27.8,83.8,5.8,42.5,4,86.4,0,12,0.1,Low,0
25.6,73.7,9.7,29.2,2,90.3,1,12,0.005,Low,1
31.5,88.0,9.1,19.2,3,90.8,0,11,0.286,Low,0
34.4,61.7,9.8,0.0,12,69.7,1,6,0.937,Critical,1
25.3,86.8,2.8,13.5,3,87.6,1,12,0.058,Low,0
32.1,68.7,12.5,64.4,3,91.1,1,1,0.379,Medium,1
32.1,66.0,5.0,0.0,22,43.5,0,7,0.637,High,1
25.7,81.8,3.7,6.7,2,90.3,0,1,0.036,Low,0
34.2,54.1,10.1,0.0,8,79.6,1,7,1.0,Critical,1
26.8,86.0,3.5,11.3,3,88.4,1,10,0.038,Low,0
24.7,64.2,3.3,11.1,0,94.8,0,5,0.063,Low,0
32.5,32.7,14.1,0.0,7,81.3,0,7,0.71,High,1
30.0,88.5,18.3,6.3,3,90.0,0,10,0.119,Low,0
24.0,88.7,28.3,8.6,2,89.5,0,3,0.09,Low,0
29.0,69.2,13.9,34.9,0,95.0,0,12,0.106,Low,0
29.0,78.3,4.3,4.4,1,94.5,0,10,0.266,Low,0
31.1,49.5,6.1,0.0,6,83.1,0,8,0.517,Medium,0
25.9,80.6,12.0,2.6,0,95.0,0,5,0.077,Low,0
33.0,58.0,5.2,0.0,12,69.0,1,6,0.951,Critical,1
35.5,46.7,7.5,2.8,0,95.0,0,6,0.534,Medium,1
38.0,50.2,4.1,0.0,12,71.5,0,7,0.726,High,1
24.0,77.1,3.8,10.1,3,87.0,1,12,0.004,Low,1
24.0,68.7,5.6,0.9,10,69.5,0,12,0.243,Low,0
29.6,54.5,7.7,0.0,14,62.3,1,7,0.841,Critical,1
29.5,73.2,25.8,11.3,1,94.7,0,2,0.198,Low,0
33.1,62.1,0.8,0.5,20,49.1,0,8,0.678,High,0
25.9,51.6,2.7,2.7,0,95.0,0,8,0.234,Low,0
33.7,49.0,4.1,0.0,19,51.9,0,6,0.852,Critical,1
31.6,46.6,11.7,0.0,6,83.3,1,6,0.88,Critical,0
28.2,67.8,16.7,4.9,3,89.1,1,5,0.281,Low,0
27.5,77.0,2.0,5.0,0,95.0,0,2,0.0,Low,0
25.7,75.4,16.4,2.6,1,92.9,0,11,0.079,Low,0
28.2,77.9,16.2,2.2,0,95.0,0,5,0.209,Low,0
25.5,77.3,1.4,10.3,1,92.7,0,1,0.0,Low,0
24.0,79.1,8.2,2.3,4,84.5,0,11,0.085,Low,0
30.9,87.5,10.4,13.8,1,95.0,1,10,0.392,Medium,1
26.4,80.4,2.6,24.5,4,85.7,1,4,0.029,Low,0
24.4,82.6,7.8,18.1,4,84.7,0,10,0.0,Low,0
26.6,83.0,11.2,0.3,24,35.8,0,10,0.364,Medium,1
27.3,80.7,8.3,1.8,23,38.7,0,12,0.193,Low,0
27.6,94.3,24.2,2.9,1,93.8,1,1,0.291,Low,0
30.1,79.2,3.9,75.9,1,95.0,1,5,0.278,Low,0
34.1,73.6,12.2,0.0,14,64.5,0,7,0.655,High,1
33.4,28.6,4.8,0.0,8,79.2,1,7,0.952,Critical,1
25.7,77.0,8.2,52.2,4,85.4,0,12,0.0,Low,0
28.8,89.3,11.5,23.2,2,91.9,0,2,0.0,Low,0
26.4,78.6,17.7,23.4,3,88.2,0,4,0.017,Low,0
28.9,69.2,12.2,31.7,4,87.0,0,3,0.115,Low,0
24.6,67.0,1.3,38.7,1,92.3,0,1,0.09,Low,0
31.1,87.5,9.7,10.6,4,88.1,1,5,0.276,Low,0
27.3,85.1,10.5,43.4,2,91.1,0,4,0.008,Low,0
33.2,57.1,12.6,0.0,19,51.6,1,9,0.885,Critical,1
28.1,78.2,3.0,1.1,18,51.5,0,1,0.381,Medium,0
27.7,69.8,3.8,13.8,0,95.0,1,11,0.0,Low,0
28.8,77.4,4.0,9.5,1,94.4,1,4,0.118,Low,0
28.4,78.5,26.2,8.4,4,86.7,1,12,0.305,Low,0
27.4,74.0,15.4,12.2,4,86.2,1,5,0.084,Low,0
25.5,75.8,12.5,0.8,21,42.8,0,1,0.371,Medium,0
27.2,78.0,4.2,5.2,4,86.1,0,12,0.08,Low,0
28.2,76.4,21.0,17.3,1,94.1,0,11,0.188,Low,0
26.7,75.5,7.7,19.1,1,93.3,0,2,0.0,Low,0
32.9,48.6,4.8,0.0,8,78.9,1,9,0.895,Critical,1
24.0,75.1,12.6,10.6,2,89.5,1,4,0.026,Low,0
26.5,76.3,1.4,8.7,3,88.3,0,11,0.04,Low,0
29.2,50.4,18.0,0.0,7,79.6,1,8,0.752,Critical,1
27.7,81.3,14.3,45.2,3,88.8,0,2,0.035,Low,0
25.9,60.0,10.4,8.3,2,90.5,0,4,0.106,Low,0
25.9,77.5,7.5,7.6,1,93.0,1,10,0.097,Low,0
34.7,61.2,9.6,0.0,7,82.3,0,9,0.654,High,0
31.8,69.3,5.5,5.4,2,93.4,0,2,0.391,Medium,0
25.4,83.7,11.2,1.8,6,80.2,1,5,0.123,Low,0
35.7,49.8,30.9,2.1,3,92.8,1,6,1.0,Critical,1
28.4,72.5,19.7,1.0,23,39.2,0,2,0.429,Medium,1
36.2,45.3,11.0,0.0,16,60.6,1,8,0.894,Critical,1
24.1,79.3,10.8,4.4,0,94.6,0,2,0.058,Low,0
26.5,70.9,11.7,15.5,2,90.8,1,11,0.022,Low,0
30.1,66.7,1.9,2.2,1,95.0,0,6,0.36,Medium,0
31.5,52.0,3.6,0.0,10,73.3,1,9,0.931,Critical,0
27.5,71.2,9.3,19.1,3,88.7,0,3,0.04,Low,0
24.5,79.6,8.4,25.8,0,94.7,1,3,0.013,Low,0
28.0,67.5,6.8,3.3,0,95.0,0,10,0.047,Low,0
27.0,76.8,8.5,9.2,1,93.5,1,11,0.0,Low,0
27.7,79.4,10.5,18.4,2,91.4,1,3,0.0,Low,0
28.7,82.6,7.7,3.6,0,95.0,1,1,0.172,Low,0
32.0,79.1,20.5,9.1,1,95.0,0,5,0.224,Low,0
26.0,85.9,3.6,50.7,4,85.5,1,2,0.002,Low,0
33.8,65.8,4.3,0.0,8,79.4,1,6,0.933,Critical,1
28.5,84.5,1.6,6.8,1,94.2,0,10,0.201,Low,1
31.9,48.6,3.2,2.0,0,95.0,1,6,0.571,High,1
24.5,81.4,4.3,20.7,1,92.2,0,3,0.0,Low,0
32.1,42.3,3.1,6.5,4,88.5,1,7,0.625,High,1
27.8,84.6,7.9,18.1,0,95.0,0,5,0.0,Low,0
31.7,36.4,2.7,0.5,5,85.8,0,6,0.691,High,1
27.9,44.9,3.7,0.0,10,71.5,0,6,0.413,Medium,0
24.8,70.0,9.6,2.8,3,87.4,1,2,0.1,Low,0
30.5,44.9,10.4,0.0,10,72.7,1,6,0.971,Critical,1
26.8,81.6,19.1,15.9,3,88.4,0,10,0.095,Low,0
36.0,38.7,19.7,1.1,7,83.0,0,7,0.814,Critical,0
24.3,74.1,5.5,19.9,2,89.7,1,2,0.0,Low,0
26.6,68.2,29.5,11.3,0,95.0,1,4,0.175,Low,0
33.0,34.7,26.6,0.0,19,51.5,0,9,0.817,Critical,1
27.5,79.9,9.8,6.4,1,93.8,0,6,0.048,Low,0
34.8,45.4,26.1,0.0,17,57.4,0,7,0.887,Critical,1
25.4,76.8,7.2,1.3,20,45.2,0,3,0.278,Low,0
28.1,87.7,35.4,11.1,4,86.6,0,2,0.267,Low,0
24.0,87.4,12.8,4.5,3,87.0,0,11,0.118,Low,0
24.0,84.5,21.2,4.0,4,84.5,1,5,0.184,Low,0
27.5,92.9,19.3,19.9,2,91.3,1,2,0.053,Low,1
26.5,91.5,3.5,44.9,4,85.7,0,10,0.002,Low,0
27.9,82.6,11.4,38.3,0,95.0,1,10,0.05,Low,0
31.3,77.2,3.0,20.6,0,95.0,1,2,0.373,Medium,0
30.0,44.9,16.8,5.0,3,90.0,1,7,0.46,Medium,0
28.8,77.8,6.3,9.9,1,94.4,0,10,0.121,Low,1
26.1,82.2,3.9,0.5,12,65.5,0,2,0.369,Medium,1
27.3,77.8,4.4,20.3,2,91.2,0,11,0.022,Low,0
29.2,82.3,6.8,4.7,3,89.6,0,3,0.19,Low,0
32.8,42.9,8.9,0.0,24,38.9,0,8,0.683,High,1
30.7,27.6,3.1,0.2,19,50.4,0,9,0.895,Critical,1
25.8,80.4,9.6,23.4,1,92.9,1,10,0.05,Low,0
27.1,89.4,3.3,1.1,9,73.6,1,2,0.213,Low,0
32.5,43.8,2.1,7.9,2,93.7,0,7,0.35,Medium,1
28.0,25.0,8.9,0.0,11,69.0,1,9,1.0,Critical,1
31.0,83.1,3.5,26.6,0,95.0,0,3,0.207,Low,0
24.4,60.4,3.2,42.0,4,84.7,1,5,0.144,Low,0
28.1,77.5,12.3,4.5,1,94.0,1,4,0.214,Low,0
31.4,48.5,9.0,0.8,10,73.2,0,7,0.567,High,0
27.9,88.3,13.2,18.3,0,95.0,0,10,0.035,Low,0
28.9,87.3,3.2,3.5,1,94.5,0,3,0.137,Low,0
27.6,77.1,13.5,22.5,2,91.3,0,4,0.013,Low,0
24.2,74.4,4.5,8.9,0,94.6,1,5,0.017,Low,0
26.2,77.1,8.0,4.6,3,88.1,1,2,0.086,Low,0
31.6,44.0,9.1,0.5,10,73.3,0,7,0.653,High,0
29.8,72.7,10.4,1.6,7,79.9,0,5,0.253,Low,0
33.0,47.2,10.3,1.1,20,49.0,0,6,0.74,High,0
31.5,64.7,16.0,0.0,19,50.8,0,9,0.604,High,0
36.5,47.7,4.1,0.0,8,80.8,0,6,0.747,High,0
34.1,57.0,8.0,7.5,0,95.0,0,9,0.439,Medium,1
26.3,77.6,1.8,30.0,1,93.2,1,11,0.088,Low,0
25.1,71.8,10.0,8.6,3,87.6,1,5,0.009,Low,0
26.1,81.0,2.8,19.3,0,95.0,1,5,0.0,Low,0
29.5,59.9,12.3,0.0,15,59.7,0,6,0.504,Medium,0
33.6,64.6,5.5,0.0,9,76.8,0,8,0.526,Medium,0
31.1,39.8,5.6,4.9,0,95.0,0,9,0.463,Medium,1
31.4,63.9,1.5,24.5,0,95.0,0,5,0.269,Low,0
30.1,48.4,7.3,3.3,4,87.5,0,6,0.412,Medium,0
32.9,34.5,5.6,6.6,4,89.0,1,8,0.747,High,1
30.4,49.9,28.1,0.0,9,75.2,0,8,0.78,Critical,1
24.3,63.6,7.7,0.1,11,67.1,1,11,0.48,Medium,0
28.1,79.3,10.4,0.6,6,81.6,0,4,0.307,Low,0
28.1,69.8,8.8,1.2,20,46.5,0,3,0.475,Medium,0
25.6,79.9,9.7,16.2,2,90.3,0,11,0.011,Low,0
24.8,90.1,2.8,4.8,3,87.4,0,11,0.071,Low,0
28.1,80.7,6.6,7.0,1,94.1,0,5,0.213,Low,0
24.0,77.8,11.5,13.3,2,89.5,0,10,0.041,Low,0
24.6,94.5,8.5,25.3,4,84.8,0,5,0.0,Low,0
28.7,85.9,2.6,7.1,4,86.8,1,11,0.256,Low,0
26.7,77.0,9.4,3.2,1,93.4,0,12,0.0,Low,0
27.0,86.2,9.5,1.4,13,63.5,0,4,0.016,Low,0
25.1,71.2,10.6,25.9,4,85.1,1,5,0.0,Low,0
25.3,86.9,10.6,11.1,3,87.7,0,4,0.0,Low,0
31.4,29.1,16.4,18.9,3,90.7,0,7,0.591,High,1
26.9,71.7,22.3,16.1,4,86.0,1,3,0.123,Low,0
27.7,46.4,4.1,0.0,16,56.4,0,8,0.432,Medium,0
34.0,34.6,8.1,0.0,15,62.0,1,7,1.0,Critical,1
24.0,75.1,8.6,0.6,17,52.0,0,5,0.404,Medium,0
24.4,82.4,12.3,23.6,3,87.2,1,1,0.145,Low,0
26.1,79.4,12.9,13.0,2,90.5,0,4,0.044,Low,0
27.9,76.6,9.9,13.4,0,95.0,0,1,0.0,Low,0
25.5,71.3,5.9,32.0,4,85.3,1,4,0.099,Low,0
28.2,81.4,1.9,7.5,2,91.6,0,1,0.053,Low,0
27.2,90.3,15.6,5.0,4,86.1,1,3,0.113,Low,0
31.1,53.3,4.0,0.7,23,40.5,0,6,0.635,High,1
26.3,83.1,19.3,12.6,4,85.6,0,10,0.089,Low,0
29.7,78.8,4.7,4.0,3,89.9,0,5,0.131,Low,0
31.3,45.8,8.1,0.0,11,70.6,0,8,0.599,High,1
25.0,93.5,6.9,5.8,2,90.0,0,3,0.111,Low,0
25.9,79.7,14.9,18.0,3,87.9,0,12,0.11,Low,1
30.3,31.3,1.9,0.0,19,50.1,1,8,0.99,Critical,1
30.3,39.2,14.6,0.0,23,40.1,0,8,0.75,High,1
31.0,64.3,23.6,2.6,0,95.0,0,6,0.476,Medium,0
27.5,70.7,15.0,2.4,3,88.8,0,4,0.059,Low,0
29.3,56.9,25.0,0.0,11,69.7,0,7,0.517,Medium,0
32.9,42.4,6.9,2.1,0,95.0,0,8,0.452,Medium,0
36.8,46.1,9.8,2.2,4,90.9,1,7,0.878,Critical,0
27.0,80.7,12.5,31.4,1,93.5,1,2,0.041,Low,0
25.1,80.6,4.7,10.9,4,85.0,1,3,0.079,Low,0
29.3,45.3,7.1,1.4,24,37.1,0,7,0.416,Medium,1
26.0,93.3,7.3,8.9,4,85.5,0,11,0.0,Low,0
26.7,72.3,8.7,7.3,3,88.4,0,1,0.044,Low,0
29.4,76.9,17.2,9.6,4,87.2,0,10,0.178,Low,0
26.7,79.5,14.9,37.0,3,88.4,1,2,0.062,Low,0
24.2,73.9,3.9,48.7,1,92.1,0,3,0.004,Low,1
24.0,69.9,8.1,10.4,2,89.5,0,11,0.061,Low,0
27.7,80.0,15.8,2.6,4,86.4,0,10,0.076,Low,0
34.2,52.5,3.0,2.1,3,92.1,0,8,0.593,High,1
35.9,52.8,17.1,0.0,22,45.5,0,8,0.785,Critical,1
29.2,63.4,33.6,0.6,10,72.1,0,4,0.535,Medium,1
27.6,86.0,16.5,2.0,9,73.8,1,4,0.339,Low,0
25.0,70.9,13.3,2.9,1,92.5,0,12,0.196,Low,0
31.5,44.7,16.2,0.0,16,58.2,0,7,0.664,High,1
27.7,71.8,15.2,10.2,0,95.0,0,2,0.002,Low,0
29.0,67.4,21.9,23.1,1,94.5,0,10,0.252,Low,0
25.0,77.5,5.2,1.6,16,55.0,0,1,0.279,Low,0
28.8,30.5,4.1,0.0,21,44.4,1,9,0.932,Critical,1
26.9,74.7,26.7,0.3,23,38.5,1,5,0.742,High,1
25.6,67.7,0.6,2.6,4,85.3,1,1,0.186,Low,0
26.5,83.4,4.7,7.8,0,95.0,1,5,0.107,Low,1
27.0,77.6,33.5,7.7,0,95.0,0,1,0.101,Low,0
25.7,83.1,7.7,24.5,1,92.8,1,5,0.042,Low,0
27.6,71.1,4.3,21.6,4,86.3,0,3,0.0,Low,0
26.2,75.5,3.9,6.5,4,85.6,1,10,0.005,Low,0
24.8,85.8,7.8,13.3,4,84.9,1,2,0.06,Low,0
26.3,76.6,11.0,10.4,0,95.0,0,12,0.025,Low,0
25.4,80.7,6.6,63.5,3,87.7,0,10,0.0,Low,0
27.0,72.8,1.8,10.1,3,88.5,1,11,0.0,Low,0
26.7,86.0,23.1,20.5,2,90.9,0,1,0.119,Low,1
26.0,87.6,6.5,4.0,0,95.0,1,1,0.095,Low,0
27.0,72.6,6.1,13.4,1,93.5,0,3,0.052,Low,0
29.9,74.6,6.4,2.3,0,95.0,1,3,0.186,Low,0
31.4,82.9,16.4,0.9,7,80.7,0,1,0.495,Medium,0
30.0,92.6,8.3,61.8,1,95.0,0,3,0.213,Low,0
27.1,80.0,4.8,15.0,4,86.1,1,10,0.045,Low,0
27.8,75.5,8.1,38.0,2,91.4,0,10,0.0,Low,0
24.0,72.3,15.2,9.6,4,84.5,1,12,0.0,Low,0
24.0,52.0,12.6,5.1,4,84.5,1,10,0.291,Low,0
26.6,83.2,10.5,27.7,0,95.0,1,5,0.0,Low,0
35.0,61.6,17.4,0.0,19,52.5,1,9,1.0,Critical,1
26.4,71.7,8.5,3.0,1,93.2,0,10,0.033,Low,0
27.8,73.3,3.4,47.2,1,93.9,1,10,0.034,Low,0
32.9,60.2,10.1,0.0,14,64.0,0,7,0.558,High,1
32.6,57.8,5.5,6.5,3,91.3,0,9,0.196,Low,0
33.6,65.6,17.9,0.0,24,39.3,0,6,0.733,High,1
26.3,76.4,7.2,2.0,2,90.6,0,5,0.136,Low,0
31.8,50.8,12.3,2.7,1,95.0,0,9,0.487,Medium,0
29.0,79.4,28.8,9.9,3,89.5,1,5,0.355,Medium,0
31.5,43.3,1.4,0.0,20,48.3,0,9,0.708,High,1
38.0,48.5,13.9,0.0,19,54.0,0,7,0.851,Critical,1
25.8,68.9,5.9,0.8,18,50.4,0,5,0.441,Medium,0
27.9,69.6,14.4,16.0,3,88.9,0,12,0.058,Low,0
24.8,69.8,13.7,3.9,2,89.9,1,4,0.241,Low,0
26.1,80.3,4.9,8.2,3,88.1,1,2,0.0,Low,0
31.6,46.3,5.8,5.1,1,95.0,0,9,0.377,Medium,1
24.3,85.5,18.6,2.5,1,92.2,0,11,0.184,Low,0
25.6,84.4,9.7,9.5,2,90.3,0,12,0.003,Low,0
30.7,61.5,26.3,0.0,22,42.9,0,7,0.679,High,0
31.1,30.7,12.7,2.0,7,80.6,0,9,0.629,High,1
29.6,86.0,15.4,15.1,1,94.8,1,10,0.176,Low,0
24.0,71.3,23.2,11.9,4,84.5,0,5,0.085,Low,0
24.7,75.2,6.3,2.3,0,94.8,0,4,0.03,Low,0
31.5,36.6,9.0,1.2,5,85.7,1,9,0.796,Critical,1
26.0,86.9,10.8,30.9,4,85.5,0,3,0.0,Low,0
35.3,55.3,5.0,0.0,16,60.2,1,9,1.0,Critical,1
26.2,86.5,15.9,27.7,4,85.6,0,2,0.045,Low,0
26.0,76.5,24.4,1.2,12,65.5,1,10,0.439,Medium,0
26.8,67.8,10.4,10.9,2,90.9,0,10,0.051,Low,0
33.8,43.1,9.6,0.0,7,81.9,0,8,0.634,High,0
29.1,34.6,11.2,6.0,0,95.0,0,6,0.389,Medium,0
25.5,90.8,4.2,9.7,1,92.7,0,12,0.041,Low,0
26.0,74.5,1.9,5.6,3,88.0,1,1,0.0,Low,0
30.3,40.3,22.0,0.0,15,60.2,0,6,0.725,High,0
32.2,36.9,10.1,0.0,18,53.6,0,7,0.74,High,1
29.2,79.4,12.0,8.1,4,87.1,0,5,0.127,Low,0
28.7,81.8,24.7,30.8,3,89.4,1,12,0.28,Low,0
29.8,60.0,14.3,0.0,17,54.9,1,9,0.698,High,1
27.6,76.6,1.1,10.6,2,91.3,1,11,0.0,Low,0
27.7,75.7,1.1,25.4,0,95.0,0,2,0.028,Low,0
24.6,68.2,9.6,9.0,1,92.3,0,1,0.092,Low,0
26.9,64.3,5.1,2.9,4,86.0,1,2,0.199,Low,0
26.2,75.8,13.1,4.0,1,93.1,1,2,0.124,Low,0
28.5,82.6,6.2,2.4,4,86.7,1,1,0.335,Low,0
25.5,77.9,2.8,8.0,4,85.2,0,12,0.053,Low,0
28.2,44.3,24.1,0.0,22,41.6,0,8,0.659,High,1
31.3,59.4,4.7,1.2,19,50.7,1,8,0.785,Critical,1
24.4,79.1,3.6,6.5,2,89.7,0,5,0.001,Low,0
27.1,81.6,5.1,1.6,16,56.0,1,4,0.392,Medium,1
27.8,77.9,12.2,6.4,1,93.9,0,1,0.039,Low,0
25.2,73.9,7.3,17.4,0,95.0,1,3,0.0,Low,0
29.0,68.7,7.0,20.2,0,95.0,0,3,0.148,Low,0
31.4,46.6,6.4,0.0,18,53.2,1,9,1.0,Critical,1
25.2,78.5,20.2,11.6,0,95.0,0,11,0.127,Low,0
30.9,44.8,7.8,0.0,15,60.4,0,7,0.618,High,0
32.4,57.6,16.8,0.0,22,43.7,1,7,0.949,Critical,1
31.9,52.8,21.1,2.9,4,88.5,0,9,0.474,Medium,0
27.2,62.2,7.5,9.3,1,93.6,1,12,0.124,Low,0
26.9,82.7,9.4,45.2,2,91.0,1,5,0.012,Low,0
26.2,67.4,23.6,0.6,5,83.1,1,10,0.488,Medium,1
30.0,78.0,3.7,17.3,4,87.5,1,4,0.27,Low,0
24.2,82.8,7.6,4.3,2,89.6,1,12,0.165,Low,0
34.5,27.8,6.6,0.0,6,84.8,0,8,0.851,Critical,0
28.4,41.0,7.8,4.5,2,91.7,0,6,0.365,Medium,0
28.6,70.3,7.0,13.3,2,91.8,1,2,0.142,Low,0
28.0,95.0,5.1,12.0,1,94.0,0,12,0.094,Low,0
29.0,62.5,5.4,21.1,0,95.0,0,10,0.148,Low,0
24.4,79.5,10.4,5.3,1,92.2,0,10,0.057,Low,0
35.0,56.8,1.9,0.0,5,87.5,0,9,0.565,High,1
28.3,69.8,0.8,17.9,1,94.2,1,12,0.208,Low,0
25.7,87.5,1.0,18.8,3,87.9,1,4,0.0,Low,0
28.8,75.8,5.8,14.6,2,91.9,1,4,0.205,Low,0
30.0,92.4,14.6,24.6,3,90.0,0,4,0.063,Low,0
34.2,40.0,8.8,1.7,15,62.1,0,6,0.692,High,1
25.5,92.1,9.8,14.3,1,92.8,1,10,0.0,Low,0
29.5,81.2,10.7,7.0,1,94.8,0,4,0.196,Low,0
24.4,68.9,16.8,1.2,24,34.7,1,4,0.496,Medium,0
28.8,39.8,0.1,0.0,14,61.9,0,6,0.673,High,1
26.9,69.2,3.8,6.2,0,95.0,0,11,0.056,Low,0
27.9,84.2,3.4,0.6,15,59.0,0,12,0.347,Low,0
29.0,63.3,14.2,46.7,2,92.0,1,3,0.236,Low,0
30.4,39.1,6.5,0.0,24,37.7,0,9,0.807,Critical,1
26.1,68.0,12.7,38.0,2,90.6,0,11,0.025,Low,0
26.0,75.8,8.8,26.9,2,90.5,1,11,0.004,Low,0
26.2,85.1,10.5,0.1,7,78.1,0,1,0.211,Low,1
24.1,69.8,1.3,8.7,2,89.6,0,12,0.026,Low,0
26.9,75.1,8.6,7.1,0,95.0,0,1,0.085,Low,0
28.4,73.1,5.3,16.1,2,91.7,1,10,0.154,Low,0
28.7,40.1,7.7,0.0,10,71.9,1,6,0.644,High,1
26.8,73.7,17.3,12.2,1,93.4,1,10,0.0,Low,0
27.9,79.6,15.6,11.2,4,86.4,0,1,0.0,Low,0
32.7,32.7,8.0,0.0,21,46.4,1,6,0.948,Critical,1
29.6,37.8,4.1,0.9,23,39.8,0,9,0.654,High,1
25.0,81.5,3.5,0.4,12,65.0,1,5,0.489,Medium,0
33.9,54.6,6.6,0.7,24,39.4,0,9,0.767,Critical,1
27.6,77.1,5.6,13.4,2,91.3,0,11,0.0,Low,0
24.6,86.9,7.0,1.0,15,57.3,1,3,0.467,Medium,0
26.6,77.7,8.0,2.4,2,90.8,0,11,0.087,Low,0
28.9,69.3,29.0,53.7,1,94.4,0,1,0.367,Medium,0
24.0,82.4,5.9,15.0,0,94.5,1,3,0.106,Low,0
24.9,78.4,14.9,6.5,1,92.5,0,11,0.013,Low,0
29.7,73.5,9.1,41.1,3,89.8,0,11,0.126,Low,0
28.3,72.0,3.0,16.7,1,94.1,0,12,0.167,Low,0
29.2,95.0,7.0,12.9,4,87.1,0,10,0.0,Low,0
26.8,74.0,12.8,4.0,1,93.4,0,4,0.089,Low,0
35.0,64.1,25.9,0.0,11,72.5,0,6,0.869,Critical,1
30.2,85.9,17.8,16.1,3,90.1,0,5,0.241,Low,0
28.6,54.2,1.4,0.0,8,76.8,1,6,0.779,Critical,1
25.7,81.4,16.9,26.7,2,90.3,1,5,0.056,Low,0
24.0,61.5,18.1,0.1,6,79.5,0,6,0.305,Low,0
33.1,42.5,29.2,0.0,8,79.0,1,8,1.0,Critical,1
31.5,60.7,4.3,0.0,18,53.3,0,7,0.732,High,1
25.1,68.6,1.6,0.2,24,35.0,1,5,0.533,Medium,1
24.9,79.7,11.2,20.1,2,89.9,0,3,0.0,Low,0
30.3,49.0,21.3,4.4,4,87.7,0,6,0.507,Medium,1
29.6,72.9,5.2,1.8,6,82.3,1,4,0.315,Low,0
27.2,58.8,7.9,0.0,13,63.6,0,8,0.364,Medium,1
28.6,84.3,8.2,21.1,3,89.3,0,2,0.019,Low,0
32.1,25.0,10.2,0.0,12,68.5,1,6,0.979,Critical,1
32.2,65.8,4.6,1.2,19,51.1,0,7,0.501,Medium,0
29.3,60.5,4.7,68.2,3,89.7,0,3,0.169,Low,0
28.8,55.3,7.0,0.0,18,51.9,1,8,0.722,High,1
25.6,77.3,7.1,0.3,13,62.8,1,11,0.457,Medium,0
29.5,71.1,8.1,0.0,15,59.8,1,7,0.644,High,1
27.3,75.7,25.5,11.2,4,86.1,0,1,0.153,Low,0
35.3,48.2,12.2,0.0,5,87.7,0,9,0.743,High,1
30.5,69.1,7.4,0.2,17,55.3,0,2,0.7,High,1
34.7,25.0,18.4,3.3,0,95.0,0,6,0.727,High,0
37.6,53.0,5.5,3.4,0,95.0,0,6,0.488,Medium,1
28.4,81.2,4.6,5.0,0,95.0,1,5,0.257,Low,0
25.9,75.9,16.8,5.3,1,93.0,0,3,0.122,Low,0
28.1,71.4,17.6,5.1,2,91.5,0,1,0.162,Low,0
30.0,56.6,3.6,0.0,17,55.0,0,9,0.6,High,0
30.7,38.6,5.0,0.0,18,52.8,1,7,1.0,Critical,0
33.6,48.4,11.1,0.8,13,66.8,1,7,1.0,Critical,1
26.7,78.7,17.6,29.6,2,90.8,0,4,0.005,Low,0
26.8,77.6,13.1,11.4,3,88.4,1,2,0.098,Low,0
27.0,77.1,3.3,4.7,2,91.0,0,5,0.031,Low,0
30.3,68.5,12.1,11.8,3,90.2,0,11,0.276,Low,1
29.1,81.6,17.3,25.9,4,87.0,0,12,0.078,Low,0
32.2,52.1,12.6,2.4,4,88.6,1,6,0.668,High,0
33.4,67.2,2.7,0.0,6,84.2,0,6,0.595,High,0
27.8,73.3,3.9,11.0,3,88.9,1,2,0.081,Low,0
27.8,75.8,24.5,0.1,18,51.4,0,11,0.398,Medium,1
29.0,85.9,4.7,4.8,0,95.0,1,11,0.202,Low,0
26.9,87.0,24.6,4.4,2,91.0,0,5,0.102,Low,0
29.6,60.5,13.0,0.0,16,57.3,0,7,0.467,Medium,1
25.8,71.4,14.3,22.7,1,92.9,0,5,0.007,Low,0
35.4,59.4,11.4,0.0,12,70.2,0,6,0.67,High,1
26.4,75.3,31.0,8.5,4,85.7,1,1,0.13,Low,0
34.7,53.4,5.2,3.9,1,95.0,0,7,0.477,Medium,1
25.1,74.9,0.6,17.0,1,92.5,0,3,0.032,Low,0
34.5,44.9,5.8,6.0,0,95.0,1,6,0.77,Critical,1
37.1,40.0,8.0,0.0,17,58.6,1,6,0.966,Critical,1
26.4,70.9,12.3,2.7,2,90.7,0,10,0.141,Low,1
24.6,73.5,5.1,0.2,17,52.3,1,10,0.403,Medium,1
30.6,60.4,5.0,0.0,16,57.8,1,9,0.952,Critical,1
34.1,49.5,17.6,0.0,24,39.6,1,9,1.0,Critical,1
24.0,72.7,2.6,7.1,0,94.5,0,12,0.017,Low,0
26.0,71.3,4.4,19.5,0,95.0,0,10,0.018,Low,0
27.0,80.0,13.7,2.1,4,86.0,1,12,0.132,Low,0
33.0,44.8,6.6,0.0,14,64.0,0,8,0.674,High,0
34.6,38.6,10.1,0.0,9,77.3,0,6,0.77,Critical,1
27.5,83.4,3.9,1.4,6,81.2,0,10,0.148,Low,0
36.2,44.0,10.3,1.5,7,83.1,1,6,0.89,Critical,1
25.4,83.3,25.5,8.8,4,85.2,1,3,0.16,Low,0
29.7,25.0,7.9,0.1,15,59.8,1,8,0.997,Critical,0
26.8,70.9,6.3,27.7,1,93.4,1,11,0.0,Low,0
30.0,46.9,24.8,0.0,9,75.0,1,7,1.0,Critical,1
24.8,76.1,4.9,3.7,3,87.4,0,12,0.065,Low,0
33.0,57.1,4.7,2.9,2,94.0,1,7,0.652,High,1
31.5,41.5,9.6,0.3,16,58.3,0,7,0.674,High,0
27.6,79.0,8.4,0.2,19,48.8,0,4,0.388,Medium,0
32.6,46.3,5.0,0.0,17,56.3,0,7,0.677,High,1
30.5,88.2,15.7,18.1,2,92.8,0,5,0.163,Low,1
35.5,55.4,17.3,0.0,8,80.2,0,9,0.598,High,1
33.8,45.8,4.7,0.0,12,69.4,1,8,1.0,Critical,1
27.7,76.9,22.7,81.2,0,95.0,1,2,0.159,Low,0
28.4,72.2,20.9,2.4,0,95.0,0,11,0.256,Low,0
31.3,57.6,6.4,0.0,18,53.1,0,8,0.627,High,0
31.2,46.2,6.2,0.0,8,78.1,1,8,0.996,Critical,1
31.2,55.3,14.0,0.0,20,48.1,0,8,0.64,High,1
25.8,67.9,5.8,4.5,0,95.0,0,10,0.095,Low,1
34.5,37.9,5.3,0.0,11,72.3,0,6,0.867,Critical,1
26.6,84.2,10.5,21.3,3,88.3,1,3,0.0,Low,0
25.5,79.8,6.8,11.2,3,87.7,0,4,0.0,Low,0
28.1,84.6,5.9,11.7,3,89.1,0,5,0.032,Low,0
29.5,76.6,18.9,15.1,0,95.0,0,2,0.283,Low,0
30.3,91.5,27.1,100.0,2,92.7,1,2,0.376,Medium,0
25.9,71.6,4.7,1.1,24,35.4,0,4,0.283,Low,0
26.8,87.6,3.4,4.7,1,93.4,0,11,0.144,Low,0
27.8,75.7,15.4,6.7,0,95.0,1,3,0.101,Low,0
36.9,42.3,10.5,0.0,20,50.9,0,6,0.795,Critical,1
29.2,86.0,25.7,23.0,2,92.1,0,1,0.203,Low,0
25.8,88.5,0.7,27.3,1,92.9,0,3,0.0,Low,0
27.2,82.1,20.3,21.0,0,95.0,0,4,0.059,Low,0
27.8,73.1,14.2,33.1,4,86.4,0,4,0.005,Low,0
24.4,79.2,11.5,2.2,1,92.2,0,1,0.011,Low,0
29.7,83.0,7.6,24.4,4,87.4,1,2,0.176,Low,0
26.6,73.1,5.4,27.0,3,88.3,0,5,0.0,Low,0
27.6,68.6,7.9,6.9,2,91.3,0,12,0.122,Low,0
30.4,75.1,26.0,9.0,4,87.7,0,4,0.321,Low,0
27.7,75.6,2.9,3.6,4,86.3,1,12,0.022,Low,0
32.6,59.8,5.0,0.9,7,81.3,0,6,0.437,Medium,0
35.2,43.9,13.8,0.0,8,80.1,0,7,0.71,High,1
25.3,89.7,10.6,5.5,0,95.0,1,12,0.108,Low,0
24.9,80.9,25.1,17.4,1,92.5,0,3,0.118,Low,0
27.5,69.2,4.9,1.0,14,61.3,0,11,0.43,Medium,0
29.7,87.6,15.1,8.2,4,87.3,0,1,0.0,Low,1
27.0,66.4,10.4,8.2,0,95.0,1,10,0.054,Low,0
28.0,72.2,25.5,16.8,0,95.0,0,3,0.083,Low,1
26.5,68.5,20.8,22.1,1,93.2,1,2,0.109,Low,0
28.0,41.6,8.6,0.0,23,39.0,0,7,0.587,High,0
25.5,86.0,4.7,3.6,3,87.7,0,10,0.073,Low,0
25.1,72.2,18.4,16.7,3,87.6,1,11,0.121,Low,0
29.1,69.4,8.7,0.6,22,42.1,1,4,0.764,Critical,1
29.0,48.7,10.0,0.8,12,67.0,0,6,0.567,High,1
27.9,82.5,1.6,4.3,2,91.5,0,12,0.0,Low,0
32.7,41.4,29.8,6.7,2,93.9,1,7,0.815,Critical,1
31.0,35.3,2.1,0.0,23,40.5,0,9,0.735,High,1
32.1,64.2,17.5,0.0,20,48.6,0,9,0.595,High,1
26.7,72.6,6.7,31.5,3,88.4,1,1,0.0,Low,0
29.5,88.6,11.6,0.6,22,42.2,0,12,0.463,Medium,0
32.0,41.6,13.6,2.7,2,93.5,1,7,0.753,Critical,1
28.4,45.7,10.2,0.5,17,54.2,1,7,0.869,Critical,1
27.7,68.8,6.1,47.1,3,88.9,1,5,0.0,Low,0
28.1,78.4,2.3,7.4,0,95.0,1,1,0.263,Low,0
33.4,51.2,26.7,0.0,15,61.7,0,7,0.87,Critical,1
26.9,72.8,18.6,12.5,2,90.9,0,4,0.051,Low,0
24.0,71.0,29.1,30.2,2,89.5,1,2,0.137,Low,0
29.2,87.9,4.9,8.4,1,94.6,1,5,0.183,Low,0
26.8,77.8,14.6,7.2,0,95.0,0,4,0.064,Low,0
25.0,81.0,1.7,21.1,0,95.0,0,1,0.072,Low,0
31.3,75.6,10.3,2.3,0,95.0,0,12,0.286,Low,1
25.7,78.5,15.6,8.6,2,90.4,1,5,0.059,Low,0
27.0,82.6,5.8,3.6,1,93.5,0,11,0.019,Low,0
27.3,71.2,22.5,4.6,4,86.2,0,4,0.153,Low,1
24.8,68.1,7.0,23.4,2,89.9,0,12,0.035,Low,0
31.5,85.9,9.2,27.3,1,95.0,0,1,0.217,Low,0
35.0,51.0,9.1,1.7,17,57.5,1,8,1.0,Critical,1
29.7,85.7,5.9,15.2,3,89.8,1,3,0.114,Low,0
32.7,52.3,18.6,0.2,6,83.8,0,6,0.66,High,1
27.0,76.2,3.0,8.8,4,86.0,0,1,0.0,Low,0
29.0,46.7,7.5,0.4,12,67.0,0,7,0.588,High,1
30.3,83.3,18.2,29.0,1,95.0,0,3,0.309,Low,0
28.1,79.3,3.3,28.5,2,91.5,0,3,0.094,Low,0
31.7,79.9,10.4,6.8,3,90.8,0,5,0.242,Low,0
26.1,83.8,5.3,6.3,1,93.1,0,5,0.015,Low,0
25.8,51.3,5.2,0.0,16,55.4,1,8,0.739,High,0
24.7,64.6,16.5,8.2,1,92.4,0,4,0.023,Low,0
38.0,53.7,16.1,0.0,6,86.5,0,7,0.686,High,1
31.1,55.2,11.7,5.2,0,95.0,1,9,0.363,Medium,1
33.9,51.6,8.9,0.0,22,44.4,0,7,0.773,Critical,1
26.6,68.9,13.2,2.4,4,85.8,0,3,0.171,Low,0
30.7,55.4,20.1,0.7,16,57.9,0,9,0.636,High,1
35.1,54.4,8.1,0.0,23,42.5,0,8,0.905,Critical,1
26.6,77.0,5.5,8.3,1,93.3,0,2,0.046,Low,0
30.1,83.7,2.7,18.3,3,90.1,1,2,0.313,Low,0
27.2,84.6,6.7,17.5,1,93.6,0,10,0.023,Low,0
32.9,45.6,9.1,3.3,0,95.0,1,6,0.694,High,0
26.4,65.6,3.7,26.5,1,93.2,0,3,0.022,Low,0
33.5,81.5,19.2,5.6,3,91.7,0,4,0.445,Medium,0
28.3,84.9,23.4,3.3,1,94.2,0,4,0.26,Low,0
26.8,80.2,9.3,3.3,2,90.9,0,5,0.053,Low,0
35.8,40.1,7.9,0.0,10,75.4,0,8,0.706,High,1
24.6,78.6,2.4,9.5,1,92.3,0,4,0.0,Low,0
34.5,45.6,2.8,0.0,10,74.8,0,9,0.599,High,1
24.0,86.5,15.6,15.1,1,92.0,0,3,0.031,Low,0
28.1,81.8,5.2,17.3,2,91.5,0,10,0.051,Low,0
26.6,70.9,4.6,5.2,1,93.3,0,11,0.034,Low,0
26.7,66.3,1.1,16.3,2,90.9,0,4,0.148,Low,1
27.6,79.1,10.9,31.2,3,88.8,0,1,0.0,Low,0
28.3,65.1,8.8,41.4,2,91.6,0,5,0.071,Low,1
30.0,65.8,1.0,0.0,5,85.0,0,8,0.303,Low,0
32.3,73.6,9.8,0.0,18,53.7,0,6,0.468,Medium,1
28.8,67.0,11.0,6.4,0,95.0,0,5,0.276,Low,1
27.9,73.0,8.6,9.7,2,91.4,0,5,0.0,Low,0
35.8,49.8,10.2,0.0,20,50.4,1,6,0.98,Critical,1
26.1,83.3,5.2,28.7,0,95.0,0,12,0.049,Low,0
28.1,59.8,2.4,18.2,3,89.1,1,2,0.215,Low,0
28.1,68.7,5.9,24.2,0,95.0,0,12,0.139,Low,0
25.6,75.5,6.9,32.8,3,87.8,0,11,0.011,Low,0
26.8,71.9,6.9,4.0,0,95.0,1,10,0.06,Low,0
24.6,68.8,11.6,12.6,1,92.3,1,3,0.048,Low,0
27.4,90.1,5.9,9.7,3,88.7,1,11,0.0,Low,0
24.1,93.8,12.8,15.2,0,94.6,0,10,0.05,Low,0
31.4,67.9,4.5,0.0,19,50.7,1,7,0.854,Critical,1
29.4,51.0,10.3,0.0,23,39.7,0,9,0.592,High,0
28.8,90.5,12.3,11.4,4,86.9,0,12,0.101,Low,0
29.0,61.5,6.2,2.7,1,94.5,1,2,0.314,Low,0
34.1,38.4,17.4,0.0,21,47.1,0,7,0.941,Critical,1
24.0,88.9,27.1,6.0,0,94.5,1,11,0.259,Low,0
27.3,80.7,2.2,5.3,3,88.6,1,12,0.067,Low,0
29.8,59.2,24.4,0.0,12,67.4,0,6,0.448,Medium,0
32.8,57.6,2.6,9.5,3,91.4,0,7,0.264,Low,0
26.1,95.0,1.7,7.9,2,90.5,0,5,0.0,Low,1
27.5,67.3,18.4,17.4,1,93.8,0,4,0.122,Low,1
32.9,77.9,2.1,0.0,14,64.0,0,6,0.494,Medium,1
24.5,67.4,3.3,7.2,1,92.3,0,5,0.089,Low,0
28.9,25.0,3.5,0.0,16,56.9,0,6,0.647,High,0
26.0,57.5,5.9,0.0,8,75.5,0,8,0.274,Low,1
29.0,76.9,22.8,10.3,2,92.0,1,5,0.234,Low,1
26.4,72.5,14.7,7.7,1,93.2,0,4,0.056,Low,0
27.0,77.8,10.1,8.7,1,93.5,0,5,0.0,Low,0
26.0,76.2,9.9,18.1,0,95.0,0,4,0.028,Low,0
27.2,84.6,19.6,56.1,2,91.1,0,10,0.0,Low,0
33.1,46.4,5.9,0.0,23,41.6,0,8,0.669,High,0
30.7,74.6,0.8,21.5,0,95.0,1,10,0.286,Low,0
26.0,75.5,0.7,12.9,2,90.5,1,11,0.012,Low,0
28.7,92.4,6.0,2.4,3,89.4,1,5,0.224,Low,0
25.1,81.3,3.0,5.4,3,87.5,1,12,0.087,Low,0
34.5,30.8,23.3,0.0,19,52.2,0,8,1.0,Critical,1
30.1,60.9,20.2,2.8,0,95.0,1,6,0.62,High,1
28.6,77.1,4.1,4.1,4,86.8,0,3,0.078,Low,0
29.9,43.1,8.0,0.0,24,37.5,1,6,0.961,Critical,1
29.2,47.4,16.3,0.0,15,59.6,0,8,0.581,High,1
26.7,67.5,17.1,9.8,3,88.4,1,5,0.156,Low,0
24.6,86.9,4.0,10.8,0,94.8,1,10,0.061,Low,0
25.8,81.1,14.3,4.4,3,87.9,0,4,0.116,Low,0
24.2,77.7,4.3,5.6,3,87.1,0,10,0.057,Low,0
26.7,79.5,15.5,0.7,18,50.9,0,2,0.391,Medium,0
31.2,43.6,5.7,0.0,8,78.1,1,6,0.776,Critical,1
32.8,49.7,10.2,0.0,24,38.9,0,6,0.749,High,1
24.0,75.8,9.7,6.1,1,92.0,1,2,0.081,Low,0
28.2,80.6,17.7,5.6,2,91.6,0,2,0.178,Low,0
24.6,92.0,11.0,10.8,1,92.3,0,1,0.0,Low,0
27.0,70.1,5.7,2.3,2,91.0,0,1,0.114,Low,0
27.9,75.9,6.4,5.8,4,86.5,1,12,0.11,Low,1
25.5,88.3,1.7,12.3,0,95.0,0,2,0.028,Low,0
28.5,66.7,13.0,0.7,11,69.3,0,10,0.441,Medium,0
26.5,73.4,5.1,8.3,4,85.7,0,2,0.0,Low,0
28.2,38.1,5.7,0.0,23,39.1,1,8,1.0,Critical,1
29.5,79.5,30.2,25.9,4,87.3,0,11,0.165,Low,0
24.2,74.0,6.7,10.5,1,92.1,0,11,0.0,Low,0
30.1,57.1,15.8,0.0,17,55.0,1,9,0.914,Critical,1
24.3,82.2,6.0,15.7,3,87.1,0,11,0.0,Low,0
28.5,51.6,25.3,0.0,18,51.8,1,9,1.0,Critical,1
26.7,87.3,3.9,14.3,1,93.4,0,3,0.029,Low,0
32.5,30.6,9.8,0.2,8,78.8,0,7,0.651,High,1
27.7,59.3,12.7,1.8,10,71.3,0,6,0.261,Low,0
35.3,62.8,9.7,0.0,13,67.6,0,7,0.644,High,1
26.9,78.1,7.7,4.9,4,86.0,0,5,0.1,Low,0
31.0,47.3,6.3,3.8,2,93.0,0,7,0.321,Low,0
28.2,69.4,4.8,15.9,2,91.6,0,4,0.232,Low,0
28.0,77.0,5.1,2.6,1,94.0,1,10,0.283,Low,0
28.2,73.8,6.7,2.9,3,89.1,0,11,0.278,Low,0
24.0,81.6,1.7,11.5,2,89.5,1,5,0.039,Low,0
24.0,81.6,9.0,18.8,3,87.0,1,12,0.016,Low,0
29.2,78.5,5.7,11.0,2,92.1,1,3,0.217,Low,0
24.2,77.5,3.6,2.6,4,84.6,0,2,0.116,Low,0
32.8,59.4,23.6,0.0,17,56.4,0,7,0.708,High,1
33.0,42.3,4.3,0.0,6,84.0,0,6,0.6,High,1
26.8,77.6,10.3,37.2,0,95.0,1,2,0.02,Low,0
26.9,88.1,7.5,2.6,1,93.5,0,12,0.049,Low,0
30.0,78.3,21.9,8.5,4,87.5,0,1,0.257,Low,0
26.4,77.4,10.0,2.2,2,90.7,1,5,0.124,Low,1
32.4,55.7,5.7,0.0,20,48.7,1,9,0.886,Critical,1
24.0,73.7,4.4,6.1,1,92.0,0,10,0.026,Low,0
27.1,80.8,24.9,3.8,1,93.6,0,12,0.089,Low,0
25.2,62.9,12.2,3.6,4,85.1,0,2,0.24,Low,1
33.2,36.3,1.9,0.5,15,61.6,0,9,0.728,High,1
32.8,50.3,2.7,0.0,7,81.4,0,8,0.679,High,0
26.0,72.8,6.2,21.6,1,93.0,0,4,0.0,Low,0
34.1,48.2,3.9,0.0,6,84.6,0,9,0.752,Critical,0
30.2,29.2,11.2,0.6,11,70.1,1,9,0.968,Critical,1
30.3,81.1,6.6,18.0,0,95.0,0,4,0.212,Low,0
33.9,68.9,11.6,0.1,18,54.5,1,8,1.0,Critical,0
24.7,77.7,7.6,12.3,4,84.9,0,1,0.006,Low,0
27.4,82.7,5.5,34.9,2,91.2,1,10,0.0,Low,1
30.4,65.4,3.0,3.3,4,87.7,1,2,0.396,Medium,0
32.4,33.9,4.2,0.0,5,86.2,0,6,0.609,High,1
24.4,83.6,6.4,25.9,3,87.2,0,2,0.0,Low,0
26.7,61.6,5.2,19.4,1,93.3,0,5,0.02,Low,0
29.5,74.9,17.2,3.0,1,94.7,1,4,0.261,Low,0
34.6,78.2,7.8,0.9,8,79.8,0,9,0.533,Medium,0
28.5,91.8,21.0,14.4,1,94.3,1,2,0.351,Medium,0
31.1,55.2,12.7,0.7,6,83.1,1,7,0.86,Critical,1
28.7,39.4,23.3,0.0,5,84.3,1,6,0.958,Critical,1
25.1,74.5,9.6,2.1,3,87.5,0,10,0.094,Low,1
25.3,81.3,6.2,4.4,4,85.2,0,12,0.122,Low,0
26.7,83.6,7.0,3.2,0,95.0,0,1,0.018,Low,0
33.6,52.1,8.2,0.0,22,44.3,0,7,0.881,Critical,1
26.3,74.7,4.2,16.0,2,90.7,1,10,0.027,Low,0
30.5,59.0,3.5,0.0,23,40.2,1,8,0.94,Critical,1
26.7,80.3,8.6,11.3,3,88.4,0,3,0.0,Low,0
32.9,25.0,1.7,1.2,6,84.0,0,6,0.591,High,1
33.8,57.3,0.7,2.7,1,95.0,0,8,0.509,Medium,0
24.9,80.2,2.5,39.8,2,90.0,0,4,0.0,Low,0
34.0,73.3,7.3,11.2,1,95.0,1,9,0.497,Medium,1
27.0,76.8,1.9,23.3,0,95.0,0,2,0.153,Low,0
25.2,65.9,1.7,5.0,2,90.1,0,1,0.02,Low,0
25.5,84.3,3.0,10.7,0,95.0,0,12,0.0,Low,0
28.2,75.6,17.7,32.4,3,89.1,0,3,0.196,Low,0
27.1,73.0,14.2,14.4,2,91.1,0,12,0.0,Low,0
36.8,47.2,13.8,0.0,15,63.4,1,9,0.979,Critical,1
28.7,86.7,8.3,2.7,4,86.9,1,3,0.337,Low,0
36.5,44.1,14.8,0.0,7,83.3,0,9,0.678,High,1
26.9,47.7,6.2,0.0,15,58.4,0,8,0.403,Medium,1
27.1,82.9,1.3,10.9,2,91.0,0,4,0.028,Low,0
31.7,38.2,4.8,0.0,5,85.9,0,9,0.639,High,1
28.0,74.6,2.4,25.6,1,94.0,0,2,0.165,Low,0
26.2,70.6,17.9,4.7,1,93.1,1,11,0.068,Low,0
29.2,54.6,12.6,0.0,10,72.1,0,7,0.499,Medium,0
26.0,90.2,5.3,1.8,18,50.5,0,2,0.177,Low,0
27.1,69.1,22.1,3.3,3,88.6,0,1,0.203,Low,1
25.2,83.7,14.9,21.4,1,92.6,0,5,0.049,Low,0
25.0,84.0,1.9,4.8,3,87.5,0,10,0.129,Low,0
28.4,69.9,0.9,0.5,24,36.7,0,9,0.534,Medium,1
26.3,75.3,21.0,0.9,5,83.2,1,12,0.291,Low,0
28.6,67.9,19.2,4.5,2,91.8,0,2,0.19,Low,0
33.1,75.5,7.5,0.0,9,76.6,0,6,0.491,Medium,1
25.1,78.5,19.9,2.0,15,57.6,0,11,0.239,Low,0
26.5,63.5,30.7,9.9,2,90.7,1,10,0.201,Low,0
28.2,81.5,7.6,0.1,17,54.1,0,1,0.408,Medium,0
25.8,87.7,1.8,18.8,4,85.4,1,1,0.0,Low,1
24.8,77.7,1.4,8.9,1,92.4,1,2,0.004,Low,0
27.2,68.2,5.5,13.1,3,88.6,0,12,0.106,Low,0
25.4,61.0,10.3,19.5,3,87.7,0,12,0.029,Low,0
28.2,82.0,12.5,10.2,2,91.6,0,4,0.308,Low,0
25.2,71.3,8.5,1.4,18,50.1,0,4,0.299,Low,0
27.0,67.3,12.6,25.1,1,93.5,0,12,0.07,Low,0
36.3,62.0,9.4,0.0,10,75.6,0,6,0.631,High,1
25.7,70.6,6.2,5.2,4,85.3,1,10,0.132,Low,0
33.4,47.9,11.9,0.0,12,69.2,0,9,0.672,High,0
27.1,76.9,10.1,13.7,2,91.0,0,12,0.086,Low,0
33.7,71.4,4.0,0.7,10,74.3,1,6,0.835,Critical,1
29.0,47.0,9.7,0.0,5,84.5,1,6,0.661,High,1
27.3,81.3,9.5,31.8,3,88.7,0,10,0.0,Low,0
33.5,60.9,9.1,0.1,6,84.3,0,6,0.531,Medium,0
28.6,79.5,20.6,16.3,0,95.0,1,2,0.248,Low,0
29.1,54.2,16.4,0.0,16,57.1,1,9,0.97,Critical,1
24.0,78.4,2.3,46.8,3,87.0,0,11,0.0,Low,0
31.5,92.5,22.2,0.4,12,68.2,1,12,0.886,Critical,1
26.3,87.9,12.0,47.5,2,90.7,1,4,0.039,Low,0
25.1,76.4,11.6,6.9,3,87.6,0,5,0.0,Low,1
25.4,83.0,20.7,4.5,4,85.2,0,5,0.018,Low,0
27.4,66.4,20.8,22.9,1,93.7,0,10,0.163,Low,0
28.0,71.4,16.1,5.7,1,94.0,1,3,0.228,Low,0
33.2,50.9,9.2,1.2,8,79.1,0,7,0.573,High,1
24.3,75.6,3.4,4.6,3,87.2,0,2,0.0,Low,0
32.1,73.1,10.0,14.5,1,95.0,1,2,0.242,Low,0
24.0,70.1,4.5,2.9,3,87.0,1,5,0.097,Low,1
24.2,76.9,8.4,60.3,3,87.1,1,5,0.0,Low,0
24.1,75.6,6.5,1.8,10,69.5,0,1,0.175,Low,1
28.9,73.2,10.3,4.1,2,91.9,1,2,0.206,Low,0
28.8,66.4,4.1,3.0,4,86.9,1,5,0.318,Low,0
27.1,69.6,2.5,16.9,1,93.6,0,10,0.0,Low,0
36.1,61.5,8.7,0.0,12,70.5,0,8,0.614,High,1
25.5,77.0,10.5,7.1,4,85.3,0,1,0.031,Low,1
26.7,67.5,3.0,39.8,0,95.0,0,1,0.199,Low,0
29.1,84.3,11.2,0.4,18,52.1,1,3,0.688,High,1
26.5,78.2,19.9,2.2,1,93.2,0,4,0.118,Low,0
25.9,79.7,16.9,6.2,3,88.0,1,12,0.207,Low,0
24.3,74.8,7.2,5.5,4,84.7,0,10,0.094,Low,0
25.9,95.0,1.2,22.2,2,90.4,0,3,0.057,Low,0
32.1,37.3,4.2,0.0,19,51.0,0,6,0.76,Critical,1
27.5,72.8,10.0,0.2,21,43.7,0,3,0.363,Medium,0
26.9,75.1,7.4,0.3,7,78.5,0,5,0.249,Low,1
26.1,78.0,7.9,10.8,2,90.5,0,11,0.005,Low,0
28.1,90.0,4.1,5.7,2,91.5,0,12,0.176,Low,0
27.0,67.6,10.8,60.6,2,91.0,1,5,0.0,Low,0
24.0,82.3,18.9,12.3,1,92.0,0,12,0.103,Low,0
26.6,68.6,8.4,1.3,7,78.3,0,12,0.254,Low,0
25.6,95.0,9.6,27.8,2,90.3,1,4,0.026,Low,0
24.0,94.0,16.0,30.0,4,84.5,1,4,0.019,Low,0
24.0,79.1,13.8,0.5,14,59.5,0,3,0.32,Low,1
31.5,25.9,6.1,5.3,0,95.0,1,9,0.745,High,0
32.3,65.6,16.5,1.2,5,86.1,1,8,0.543,Medium,0
30.6,50.4,3.2,0.0,12,67.8,0,9,0.615,High,1
26.5,78.2,6.9,8.9,2,90.7,1,5,0.0,Low,1
31.4,57.4,1.8,0.0,16,58.2,0,7,0.509,Medium,0
31.1,33.3,3.1,2.7,2,93.0,0,7,0.593,High,1
36.7,53.0,3.6,0.0,16,60.9,1,7,0.95,Critical,0
28.5,78.1,12.5,9.4,2,91.7,0,12,0.163,Low,0
28.2,75.8,21.4,35.1,1,94.1,0,3,0.155,Low,0
25.1,80.3,4.9,19.6,0,95.0,0,11,0.049,Low,0
27.3,84.0,2.2,2.7,2,91.2,1,12,0.087,Low,0
29.7,36.8,8.3,0.0,21,44.8,0,9,0.711,High,1
29.2,78.5,2.1,51.6,4,87.1,0,4,0.08,Low,0
36.3,46.5,16.6,0.6,14,65.7,0,9,0.857,Critical,1
34.6,35.9,5.1,3.5,2,94.8,0,7,0.541,Medium,1
24.5,67.3,15.7,15.6,3,87.2,1,2,0.146,Low,0
24.6,72.3,11.4,2.1,1,92.3,0,1,0.037,Low,0
25.2,74.9,11.7,39.5,4,85.1,0,1,0.0,Low,0
24.0,81.1,11.5,20.3,0,94.5,0,4,0.005,Low,0
29.9,47.0,11.1,0.0,5,85.0,1,7,0.658,High,1
24.9,91.7,2.7,3.9,3,87.5,0,12,0.006,Low,0
27.0,67.2,2.7,2.0,19,48.5,1,6,0.488,Medium,0
35.4,46.4,5.1,3.0,2,95.0,0,9,0.529,Medium,0
29.8,70.1,7.7,5.9,0,95.0,0,1,0.035,Low,1
28.4,81.1,1.2,12.4,1,94.2,0,3,0.063,Low,0
29.7,90.9,3.5,16.2,0,95.0,1,2,0.161,Low,0
25.6,74.5,14.1,5.0,1,92.8,1,10,0.072,Low,0
27.6,63.7,8.5,13.7,3,88.8,0,4,0.04,Low,0
34.1,43.3,16.9,0.0,15,62.0,0,7,0.767,Critical,1
27.0,88.1,24.6,100.0,2,91.0,0,3,0.032,Low,0
28.5,74.3,10.4,46.7,1,94.2,1,3,0.183,Low,1
34.7,52.3,4.0,2.7,2,94.9,0,6,0.584,High,1
25.3,83.5,20.1,10.5,3,87.7,0,11,0.143,Low,0
31.5,50.9,6.9,0.0,17,55.7,1,7,0.963,Critical,1
34.7,50.1,10.5,0.0,13,67.4,0,7,0.738,High,1
36.3,68.4,24.5,0.9,9,78.2,1,8,1.0,Critical,1
27.2,59.5,2.2,0.0,15,58.6,0,6,0.399,Medium,1
27.4,73.1,15.0,11.1,4,86.2,0,5,0.0,Low,0
29.5,70.3,5.0,14.5,1,94.8,1,5,0.181,Low,0
27.3,71.1,16.9,24.8,4,86.1,0,2,0.0,Low,0
36.1,60.9,6.2,0.0,16,60.5,0,7,0.727,High,1
24.0,65.4,2.0,9.4,3,87.0,0,3,0.131,Low,0
28.3,81.4,9.2,2.2,1,94.1,0,12,0.264,Low,0
29.4,49.7,8.4,0.0,6,82.2,0,7,0.437,Medium,1
29.6,81.8,2.6,0.7,22,42.3,1,2,0.71,High,1
34.7,72.4,14.0,0.0,19,52.4,0,7,0.695,High,0
30.0,84.1,1.6,2.2,0,95.0,1,3,0.36,Medium,0
27.4,82.7,8.7,16.7,0,95.0,1,2,0.0,Low,0
34.3,59.5,14.6,4.8,0,95.0,1,7,0.67,High,1
26.0,75.5,9.7,11.4,2,90.5,0,10,0.038,Low,0
24.0,78.0,8.5,16.5,0,94.5,0,1,0.002,Low,1
32.1,65.6,9.8,0.0,15,61.1,0,9,0.613,High,1
29.0,82.6,2.2,5.7,2,92.0,1,2,0.198,Low,0
26.5,65.3,6.1,16.1,0,95.0,1,12,0.0,Low,0
24.0,65.8,10.0,38.0,0,94.5,0,10,0.109,Low,0
31.6,48.8,7.6,7.3,0,95.0,1,8,0.622,High,0
28.8,79.5,10.6,6.0,0,95.0,1,11,0.235,Low,0
28.8,49.5,11.0,0.0,6,81.9,0,7,0.523,Medium,0
24.0,95.0,8.7,11.4,2,89.5,1,2,0.032,Low,0
27.6,60.0,7.3,52.1,0,95.0,0,2,0.099,Low,0
30.3,83.5,3.8,21.0,1,95.0,0,10,0.231,Low,1
24.8,70.6,10.8,23.2,3,87.4,0,4,0.0,Low,1
30.1,57.5,25.6,5.1,2,92.5,0,8,0.448,Medium,0
33.8,58.3,5.4,0.0,14,64.4,1,6,0.947,Critical,1
26.1,93.4,2.3,17.7,2,90.6,0,12,0.0,Low,0
24.4,69.4,1.3,20.0,3,87.2,0,10,0.107,Low,0
37.4,49.5,6.0,0.0,19,53.7,1,9,1.0,Critical,1
25.4,78.7,1.9,1.9,5,82.7,0,1,0.129,Low,0
30.3,68.3,6.9,5.7,0,95.0,1,1,0.441,Medium,1
27.9,86.0,8.9,20.8,4,86.4,0,1,0.077,Low,0
31.2,46.0,11.8,0.0,16,58.1,1,8,0.992,Critical,0
36.1,28.3,9.5,6.8,1,95.0,1,8,0.968,Critical,1
26.6,62.3,4.7,27.9,1,93.3,0,11,0.078,Low,0
31.2,44.4,11.3,4.4,3,90.6,1,8,0.604,High,1
24.7,79.1,6.6,2.4,0,94.9,0,5,0.091,Low,0
28.1,79.6,4.0,0.2,14,61.6,0,3,0.473,Medium,0
25.2,76.0,12.6,2.5,4,85.1,0,2,0.211,Low,0
27.8,72.7,10.1,8.6,2,91.4,1,12,0.0,Low,1
24.0,68.4,7.2,22.0,0,94.5,0,12,0.0,Low,0
30.9,33.4,12.4,0.0,16,57.9,0,8,0.752,Critical,0
27.7,84.6,5.2,11.2,3,88.9,1,10,0.0,Low,0
32.8,81.9,4.8,0.0,8,78.9,0,8,0.477,Medium,1
28.7,83.5,11.8,19.0,1,94.4,0,12,0.072,Low,0
31.2,25.0,2.1,1.8,5,85.6,1,7,0.827,Critical,1
25.9,71.9,20.5,5.7,4,85.4,1,11,0.118,Low,0
31.0,64.7,9.2,0.1,10,73.0,0,8,0.564,High,1
33.7,48.0,1.7,0.0,15,61.8,0,8,0.702,High,0
24.6,69.8,4.9,1.9,12,64.8,0,2,0.347,Low,0
26.3,68.1,21.4,9.4,4,85.6,1,12,0.17,Low,0
35.8,29.0,24.1,8.6,1,95.0,0,8,0.652,High,0
28.2,83.9,6.9,11.1,0,95.0,1,12,0.152,Low,0
30.0,48.5,7.8,1.0,15,60.0,0,8,0.567,High,1
29.2,69.5,7.6,18.2,0,95.0,0,10,0.189,Low,0
27.3,75.2,13.2,4.1,2,91.2,0,2,0.04,Low,1
26.8,68.8,9.3,1.3,15,58.4,1,11,0.408,Medium,1
27.6,72.3,29.7,17.3,1,93.8,0,11,0.0,Low,0
24.0,95.0,5.5,5.2,2,89.5,0,1,0.125,Low,0
25.9,84.3,7.9,50.6,2,90.5,0,12,0.0,Low,1
34.6,75.3,10.5,5.0,3,92.3,0,7,0.323,Low,0
24.1,71.0,4.3,2.7,0,94.5,0,1,0.089,Low,0
29.0,85.1,10.9,7.4,3,89.5,0,1,0.166,Low,0
26.8,77.1,6.0,9.4,1,93.4,1,4,0.079,Low,0
24.3,75.1,15.7,6.3,2,89.7,0,3,0.039,Low,0
28.8,83.6,1.2,18.9,1,94.4,0,10,0.139,Low,0
24.3,85.6,11.0,7.0,4,84.6,0,10,0.0,Low,0
27.8,59.2,7.1,0.7,8,76.4,0,9,0.388,Medium,0
28.8,82.0,3.6,8.0,3,89.4,0,4,0.197,Low,0
32.4,29.8,5.7,5.0,3,91.2,1,6,0.808,Critical,1
25.0,78.0,1.6,0.9,17,52.5,1,4,0.49,Medium,1
24.0,74.0,18.3,7.0,0,94.5,0,12,0.107,Low,0
29.4,82.6,0.6,7.4,3,89.7,0,1,0.199,Low,0
24.0,59.1,16.3,11.7,3,87.0,0,4,0.066,Low,0
28.8,66.7,4.1,1.3,20,46.9,0,12,0.399,Medium,0
28.2,62.6,8.2,44.0,2,91.6,0,3,0.115,Low,0
26.3,74.4,9.7,11.2,0,95.0,0,3,0.0,Low,0
27.1,84.4,18.6,7.9,3,88.6,0,10,0.116,Low,0
27.5,78.7,3.9,38.1,4,86.2,0,12,0.0,Low,0
26.7,95.0,21.4,8.0,2,90.9,1,1,0.116,Low,0
28.4,71.9,4.6,1.1,21,44.2,0,2,0.347,Low,0
28.9,76.5,7.7,0.9,15,59.5,0,1,0.497,Medium,0
24.3,95.0,45.0,0.9,11,67.1,1,1,0.575,High,1
28.5,82.5,3.8,12.6,3,89.2,0,4,0.048,Low,0
28.3,80.1,12.6,0.3,14,61.7,0,1,0.489,Medium,0
26.1,73.8,16.4,3.6,2,90.6,1,4,0.135,Low,0
24.7,79.9,14.1,18.8,0,94.9,1,4,0.0,Low,0
24.5,80.1,2.4,3.4,2,89.7,1,1,0.064,Low,0
28.7,86.9,2.3,24.5,1,94.4,0,12,0.083,Low,0
30.2,41.4,8.2,0.0,18,52.6,0,7,0.705,High,0
25.4,64.4,7.5,32.6,3,87.7,0,3,0.066,Low,0
29.2,48.1,9.8,11.9,0,95.0,0,7,0.205,Low,0
29.3,37.2,1.8,0.4,5,84.6,1,6,0.784,Critical,1
26.3,84.4,4.1,35.0,4,85.7,1,5,0.0,Low,0
32.5,42.5,12.3,0.2,15,61.2,1,7,0.96,Critical,1
26.4,86.9,12.0,1.3,16,55.7,0,4,0.321,Low,0
25.2,81.7,12.7,7.8,2,90.1,0,1,0.075,Low,0
25.7,67.6,2.9,20.5,1,92.9,1,2,0.113,Low,0
28.0,93.9,21.3,2.6,0,95.0,1,2,0.264,Low,0
27.5,54.7,24.2,1.8,6,81.3,1,6,0.71,High,1
28.9,87.8,10.2,12.5,4,86.9,1,10,0.114,Low,0
24.6,74.2,9.0,22.2,1,92.3,0,3,0.008,Low,0
32.3,59.2,21.1,0.0,7,81.1,1,8,0.842,Critical,1
32.4,42.5,10.9,0.0,24,38.7,1,9,1.0,Critical,1
34.4,62.9,4.4,0.0,18,54.7,0,9,0.705,High,1
24.0,82.3,11.4,7.4,4,84.5,0,5,0.098,Low,0
27.9,79.6,6.1,2.0,12,66.4,0,12,0.276,Low,0
27.3,68.6,6.0,48.6,1,93.7,1,4,0.133,Low,0
28.2,49.2,10.0,1.7,13,64.1,0,9,0.444,Medium,1
32.0,41.9,2.9,0.0,22,43.5,1,6,0.922,Critical,1
28.0,80.1,1.4,70.0,4,86.5,0,3,0.001,Low,0
33.7,60.9,3.8,1.3,13,66.9,1,6,0.793,Critical,1
25.0,84.8,23.4,14.1,0,95.0,0,5,0.094,Low,0
27.4,79.4,9.0,43.6,4,86.2,0,3,0.036,Low,0
32.7,47.0,11.0,0.8,10,73.8,0,8,0.693,High,0
26.5,87.8,3.1,4.0,1,93.3,1,2,0.0,Low,0
35.9,45.9,15.9,0.0,10,75.4,0,6,0.756,Critical,1
28.7,86.7,20.0,27.7,2,91.9,0,11,0.149,Low,0
29.9,79.3,16.7,15.6,4,87.5,0,11,0.145,Low,0
25.4,81.7,5.1,3.0,0,95.0,1,2,0.0,Low,0
28.1,69.5,9.3,1.8,22,41.5,0,4,0.289,Low,0
35.8,44.3,6.6,0.0,9,77.9,0,7,0.676,High,0
27.9,85.9,16.0,15.2,4,86.4,0,3,0.048,Low,0
34.5,41.4,9.3,0.0,17,57.2,0,9,0.841,Critical,0
26.4,73.1,24.6,1.1,15,58.2,0,4,0.26,Low,1
33.2,60.9,4.9,1.9,13,66.6,1,6,0.819,Critical,1
26.6,72.1,2.4,6.8,0,95.0,1,3,0.016,Low,0
26.5,69.5,4.5,12.8,3,88.2,1,3,0.081,Low,1
25.0,87.7,9.0,28.8,3,87.5,0,12,0.0,Low,0
28.4,43.9,8.8,0.0,20,46.7,1,7,0.894,Critical,0
32.6,31.1,3.9,0.0,10,73.8,1,9,1.0,Critical,1
26.2,68.2,9.4,7.1,2,90.6,1,4,0.162,Low,0
27.4,74.4,2.1,12.8,4,86.2,0,10,0.005,Low,0
24.7,64.1,19.5,4.0,3,87.4,1,5,0.233,Low,0
28.8,50.4,3.3,0.0,21,44.4,1,7,0.831,Critical,1
35.3,36.1,26.0,5.8,4,90.2,0,8,0.678,High,0
31.2,47.2,14.1,0.0,11,70.6,0,6,0.602,High,1
27.8,70.0,1.6,2.6,3,88.9,0,4,0.093,Low,0
24.0,78.6,4.3,18.4,0,94.5,0,10,0.023,Low,1
28.0,81.2,11.3,11.3,4,86.5,0,3,0.022,Low,0
29.9,73.5,7.3,18.3,2,92.5,0,12,0.066,Low,0
32.4,51.7,18.4,0.0,14,63.7,0,6,0.719,High,0
26.8,72.3,3.9,0.8,15,58.4,0,2,0.299,Low,1
31.8,44.4,5.8,0.0,9,75.9,0,6,0.696,High,1
28.1,73.6,17.5,3.8,3,89.1,1,5,0.31,Low,1
26.3,84.8,6.7,26.4,2,90.6,0,12,0.077,Low,0
25.2,76.1,6.2,3.0,1,92.6,0,4,0.074,Low,0
33.4,45.8,1.4,0.0,6,84.2,1,6,0.953,Critical,0
26.6,68.8,9.1,0.2,8,75.8,1,12,0.357,Medium,0
27.1,61.7,6.8,2.8,1,93.5,1,3,0.168,Low,0
30.9,57.2,12.4,0.0,18,52.9,0,6,0.63,High,1
27.9,72.1,14.7,1.5,10,71.5,1,1,0.278,Low,0
36.1,57.0,12.4,2.2,2,95.0,0,7,0.449,Medium,0
25.7,82.8,3.7,23.1,3,87.8,0,4,0.0,Low,1
26.2,66.0,7.9,0.3,18,50.6,0,10,0.379,Medium,0
28.5,84.1,5.4,1.4,7,79.3,0,12,0.235,Low,0
26.9,81.1,15.4,9.3,2,90.9,0,4,0.074,Low,0
28.5,56.4,6.6,0.0,11,69.3,0,8,0.409,Medium,1
35.0,53.9,1.6,0.0,24,40.0,1,7,0.982,Critical,0
25.4,91.1,16.2,55.1,3,87.7,0,11,0.0,Low,0
34.2,69.4,8.9,0.6,9,77.1,0,7,0.63,High,0
26.1,80.2,8.2,22.1,4,85.6,1,2,0.004,Low,0
27.3,73.9,7.2,23.7,4,86.2,0,4,0.0,Low,0
28.3,84.8,0.5,7.3,3,89.1,1,1,0.241,Low,0
32.2,45.0,5.4,0.0,23,41.1,1,8,1.0,Critical,1
28.9,77.5,16.6,21.0,2,91.9,1,2,0.312,Low,0
29.1,43.8,9.7,5.2,4,87.0,0,7,0.251,Low,0
26.8,73.2,5.4,31.8,0,95.0,1,5,0.001,Low,0
31.4,51.5,8.4,0.0,12,68.2,0,9,0.69,High,1
28.4,87.1,2.5,6.3,1,94.2,1,11,0.152,Low,0
35.5,61.2,28.0,7.2,3,92.7,0,6,0.437,Medium,0
30.4,36.1,13.4,0.0,24,37.7,1,9,0.968,Critical,1
25.9,75.6,7.6,23.1,0,95.0,0,10,0.0,Low,0
26.4,85.9,9.0,5.0,4,85.7,1,11,0.068,Low,0
28.5,46.7,7.4,0.0,5,84.2,0,9,0.45,Medium,0
27.6,70.4,21.3,1.7,5,83.8,0,4,0.129,Low,0
30.2,85.2,11.2,3.8,1,95.0,1,10,0.386,Medium,1
30.6,77.1,21.9,44.4,4,87.8,0,2,0.314,Low,0
28.6,56.6,24.0,0.0,12,66.8,0,9,0.493,Medium,0
28.2,73.0,6.4,9.9,1,94.1,1,5,0.152,Low,0
24.0,80.3,26.4,7.7,2,89.5,0,5,0.236,Low,0
34.4,60.7,13.7,0.0,7,82.2,0,6,0.676,High,0
25.3,85.3,16.6,2.1,4,85.1,1,5,0.19,Low,0
34.2,46.8,5.2,0.0,6,84.6,0,9,0.733,High,1
24.0,72.6,2.1,28.0,4,84.5,1,5,0.047,Low,0
27.2,76.2,19.8,4.1,3,88.6,0,3,0.105,Low,0
26.4,71.3,30.6,5.5,3,88.2,1,10,0.221,Low,0
32.1,58.6,4.0,3.6,3,91.0,0,8,0.371,Medium,1
27.0,75.2,5.2,84.8,4,86.0,0,12,0.0,Low,0
26.2,86.2,15.9,100.0,3,88.1,0,12,0.074,Low,0
26.4,82.6,9.2,23.3,4,85.7,0,12,0.046,Low,0
26.5,67.0,9.1,18.6,4,85.7,1,12,0.157,Low,0
27.5,57.8,7.2,4.8,1,93.7,1,3,0.134,Low,0
24.3,82.0,20.4,5.0,2,89.7,0,12,0.101,Low,0
34.8,39.9,11.3,0.0,16,59.9,1,7,0.964,Critical,1
30.6,27.4,4.2,0.0,16,57.8,0,9,0.727,High,0
30.1,70.8,16.1,0.0,5,85.0,0,8,0.4,Medium,1
26.6,80.9,17.8,5.7,1,93.3,0,1,0.07,Low,0
30.0,60.8,8.2,0.0,16,57.5,1,8,0.665,High,1
24.0,79.1,33.3,4.5,3,87.0,0,5,0.261,Low,0
27.8,82.9,8.1,25.0,0,95.0,0,4,0.017,Low,0
27.7,71.6,6.5,12.0,4,86.4,0,3,0.002,Low,0
26.8,84.3,7.7,27.8,0,95.0,0,5,0.012,Low,0
24.3,61.8,7.1,1.0,23,37.2,1,2,0.539,Medium,0
26.7,73.8,5.1,13.9,3,88.3,0,1,0.015,Low,0
26.4,73.8,2.0,8.9,4,85.7,1,4,0.0,Low,0
29.3,81.3,9.7,3.8,3,89.7,0,11,0.182,Low,0
28.8,43.1,6.9,2.0,16,56.9,1,9,0.826,Critical,1
28.4,81.5,12.7,52.4,0,95.0,0,2,0.127,Low,0
27.9,74.5,35.2,44.2,4,86.5,1,11,0.189,Low,0
31.2,28.6,1.9,0.0,10,73.1,0,7,0.712,High,0
24.7,77.3,2.7,40.7,0,94.9,1,2,0.064,Low,0
31.3,63.5,20.8,0.0,22,43.1,0,9,0.604,High,1
27.3,82.5,30.6,13.7,1,93.6,0,1,0.102,Low,0
30.7,68.7,9.7,23.9,4,87.9,0,5,0.307,Low,0
24.0,77.3,5.5,15.3,0,94.5,0,4,0.0,Low,0
24.0,72.8,2.2,6.4,0,94.5,0,1,0.046,Low,0
32.5,61.2,12.1,0.0,11,71.2,1,7,0.907,Critical,1
25.5,89.1,8.0,25.0,2,90.2,1,2,0.064,Low,0
33.6,67.3,5.2,0.0,16,59.3,1,9,1.0,Critical,1
27.1,71.7,6.3,4.4,0,95.0,1,2,0.1,Low,1
29.1,84.7,1.6,1.3,9,74.6,1,4,0.379,Medium,0
35.9,68.2,8.1,0.0,23,42.9,0,9,0.766,Critical,1
31.4,62.0,11.7,0.0,7,80.7,1,6,0.723,High,0
24.2,67.6,17.0,11.0,4,84.6,0,4,0.098,Low,0
28.0,66.9,6.7,0.9,13,64.0,0,5,0.41,Medium,1
30.6,65.4,7.2,22.5,0,95.0,1,5,0.385,Medium,0
25.4,86.0,9.2,7.1,4,85.2,1,1,0.068,Low,0
27.5,76.2,8.6,6.9,2,91.2,1,5,0.068,Low,0
30.1,50.5,0.5,0.0,9,75.0,1,9,0.839,Critical,1
29.1,95.0,5.2,1.1,10,72.1,1,5,0.303,Low,0
33.3,53.8,2.9,0.0,12,69.2,1,7,0.958,Critical,1
28.2,80.8,5.6,32.3,3,89.1,0,11,0.057,Low,0
27.5,76.2,9.9,3.8,2,91.2,1,10,0.079,Low,0
29.4,82.2,9.8,0.4,13,64.7,1,11,0.577,High,0
28.9,58.6,33.9,0.6,7,79.4,0,6,0.513,Medium,0
28.1,82.9,2.9,0.1,23,39.1,0,4,0.512,Medium,1
29.6,67.3,5.4,20.8,1,94.8,1,2,0.207,Low,0
27.5,82.0,7.3,6.4,0,95.0,1,11,0.062,Low,0
24.0,67.8,5.6,30.7,1,92.0,1,3,0.142,Low,0
33.8,47.3,35.7,2.8,4,89.4,1,6,0.944,Critical,1
34.3,52.5,4.5,2.3,3,92.2,0,8,0.576,High,1
34.6,43.9,7.8,0.9,9,77.3,1,7,1.0,Critical,0
33.3,50.4,6.0,1.7,10,74.2,0,6,0.54,Medium,0
31.1,37.3,16.3,2.3,2,93.1,1,7,0.861,Critical,0
26.8,83.5,18.0,20.1,4,85.9,0,4,0.04,Low,1
31.7,59.6,6.9,0.0,19,50.8,0,8,0.619,High,1
27.7,54.7,8.8,0.0,22,41.4,1,9,0.722,High,0
24.0,73.7,22.8,28.5,1,92.0,0,12,0.025,Low,0
30.2,78.5,2.9,2.4,4,87.6,1,3,0.402,Medium,1
29.9,76.0,13.0,1.3,9,75.0,0,2,0.269,Low,0
31.1,43.1,9.1,0.4,6,83.0,1,9,0.839,Critical,1
34.2,57.2,2.9,0.0,10,74.6,1,6,0.873,Critical,1
26.8,77.5,9.8,10.2,4,85.9,1,1,0.032,Low,0
29.4,81.3,17.3,3.1,3,89.7,1,4,0.243,Low,0
26.1,70.1,3.2,3.8,2,90.6,0,1,0.088,Low,0
32.0,37.8,12.7,1.8,13,66.0,1,7,1.0,Critical,1
31.2,82.4,12.9,10.1,1,95.0,0,2,0.239,Low,0
30.3,46.1,3.6,0.0,16,57.6,1,8,1.0,Critical,1
27.6,76.5,10.9,20.2,0,95.0,0,1,0.0,Low,1
36.3,62.6,18.8,4.0,0,95.0,0,9,0.423,Medium,0
24.6,86.1,9.9,3.6,4,84.8,1,2,0.115,Low,0
31.4,64.2,7.2,0.0,13,65.7,0,7,0.577,High,1
25.9,83.8,6.9,0.9,17,52.9,0,3,0.31,Low,0
33.6,27.0,3.0,0.0,5,86.8,0,6,0.721,High,1
31.4,42.9,4.2,0.0,5,85.7,0,8,0.602,High,0
35.1,37.5,13.7,0.0,14,65.0,1,7,0.921,Critical,1
29.6,63.7,2.7,27.2,2,92.3,0,1,0.111,Low,0
27.6,85.6,15.0,23.2,3,88.8,0,12,0.0,Low,0
29.1,77.8,16.4,13.7,4,87.0,1,1,0.319,Low,0
29.7,78.8,8.9,19.3,0,95.0,1,4,0.206,Low,0
33.1,40.3,12.2,0.0,22,44.1,0,6,0.844,Critical,1
29.1,82.8,3.9,41.8,2,92.1,0,4,0.078,Low,0
27.8,70.8,9.7,3.2,3,88.9,1,12,0.04,Low,0
26.1,75.9,1.9,12.5,1,93.1,0,4,0.0,Low,0
34.4,49.6,3.8,2.3,3,92.2,1,7,0.907,Critical,1
35.1,57.4,10.1,0.0,19,52.6,1,6,0.983,Critical,1
33.2,50.0,22.7,0.0,24,39.1,0,7,0.887,Critical,0
27.0,81.4,3.6,11.8,3,88.5,0,2,0.001,Low,0
27.4,82.5,10.8,5.7,2,91.2,0,11,0.133,Low,0
28.9,48.7,5.1,2.8,3,89.5,1,7,0.62,High,1
32.4,56.7,10.8,0.0,18,53.7,0,8,0.691,High,1
32.6,53.5,6.8,0.0,11,71.3,1,8,1.0,Critical,1
29.7,41.1,5.5,1.8,14,62.3,0,9,0.53,Medium,0
25.2,73.0,2.9,0.1,8,75.1,0,4,0.238,Low,0
27.2,84.3,13.8,6.9,2,91.1,0,4,0.1,Low,0
31.0,58.6,8.4,0.0,24,38.0,0,8,0.655,High,1
27.7,70.6,11.9,8.3,1,93.8,0,12,0.021,Low,1
26.3,68.3,5.4,79.8,2,90.6,0,2,0.05,Low,0
27.0,78.6,12.2,17.8,2,91.0,1,2,0.098,Low,0
27.0,86.1,7.6,5.2,0,95.0,0,5,0.065,Low,0
28.4,88.3,16.2,3.2,1,94.2,1,10,0.263,Low,0
30.7,76.5,4.7,25.9,3,90.4,1,11,0.326,Low,0
26.8,95.0,20.6,0.2,9,73.4,1,11,0.505,Medium,0
26.3,73.8,2.1,7.9,1,93.2,1,1,0.099,Low,1
29.5,65.1,15.1,15.6,1,94.7,1,12,0.262,Low,0
26.2,90.0,17.2,1.8,16,55.6,1,10,0.394,Medium,0
26.4,70.0,13.4,30.9,4,85.7,0,4,0.09,Low,0
33.4,38.3,3.3,0.0,16,59.2,0,6,0.861,Critical,1
26.2,79.6,7.0,2.6,2,90.6,0,1,0.0,Low,0
25.5,75.7,6.4,5.9,4,85.3,0,5,0.072,Low,0
33.5,52.5,6.9,0.0,6,84.3,1,6,1.0,Critical,0
26.8,48.5,9.9,1.1,18,50.9,1,9,0.5,Medium,0
26.8,73.5,7.2,4.9,0,95.0,1,12,0.201,Low,1
25.4,92.7,7.0,43.3,1,92.7,1,5,0.0,Low,1
29.6,39.2,17.9,0.0,18,52.3,0,7,0.686,High,0
28.2,78.5,12.5,4.4,0,95.0,1,5,0.356,Medium,1
33.2,31.7,6.9,0.0,18,54.1,0,6,0.925,Critical,1
24.0,86.6,1.3,10.9,1,92.0,0,12,0.031,Low,0
32.4,60.9,7.6,0.0,19,51.2,0,8,0.623,High,0
24.0,69.8,1.7,10.7,0,94.5,0,3,0.034,Low,1
24.2,86.8,7.0,3.7,2,89.6,1,3,0.053,Low,0
25.7,80.0,15.0,31.6,3,87.9,0,4,0.012,Low,0
24.6,71.3,7.1,9.0,4,84.8,1,1,0.0,Low,0
27.7,57.6,2.0,0.0,21,43.9,1,9,0.648,High,0
27.2,88.4,8.4,41.0,0,95.0,1,1,0.05,Low,0
24.0,68.2,8.2,6.8,1,92.0,1,4,0.149,Low,0
29.2,65.2,5.6,8.8,1,94.6,1,11,0.309,Low,0
26.7,81.4,9.6,2.7,1,93.4,0,2,0.066,Low,0
25.5,79.0,22.4,31.0,3,87.7,1,2,0.026,Low,0
31.3,54.2,12.7,0.0,23,40.7,0,8,0.638,High,1
25.1,88.4,7.9,11.3,3,87.6,0,4,0.0,Low,0
26.9,68.3,12.9,8.5,3,88.4,0,3,0.202,Low,1
29.3,69.8,2.5,3.0,1,94.6,0,2,0.183,Low,0
31.2,34.0,28.3,0.0,17,55.6,0,7,0.85,Critical,1
34.6,44.8,17.2,0.0,20,49.8,0,9,0.804,Critical,1
33.6,52.2,8.7,0.0,22,44.3,0,6,0.788,Critical,1
32.1,59.5,4.9,3.6,1,95.0,0,9,0.377,Medium,0
24.0,74.3,10.3,10.2,1,92.0,0,10,0.046,Low,0
33.3,48.6,11.6,0.0,22,44.2,0,7,0.826,Critical,1
31.9,53.9,13.0,4.1,4,88.5,0,8,0.413,Medium,0
34.2,57.2,19.7,0.0,12,69.6,1,7,1.0,Critical,1
27.6,85.7,8.4,1.2,13,63.8,1,3,0.282,Low,0
27.4,91.5,6.0,28.6,3,88.7,1,3,0.0,Low,0
30.1,42.9,20.5,1.5,9,75.0,0,9,0.61,High,1
24.6,82.7,12.5,27.3,3,87.3,1,1,0.038,Low,0
35.1,48.2,35.5,0.0,11,72.5,1,7,0.997,Critical,1
24.0,61.6,4.5,9.5,2,89.5,0,12,0.015,Low,1
27.0,73.7,4.3,3.5,0,95.0,0,11,0.114,Low,0
25.4,82.1,5.9,1.2,14,60.2,1,3,0.316,Low,0
29.9,61.5,6.2,0.0,16,57.4,0,9,0.448,Medium,0
33.4,61.4,4.3,0.0,11,71.7,1,7,0.916,Critical,1
25.2,82.7,11.6,0.6,7,77.6,0,3,0.298,Low,0
24.7,86.1,7.7,3.6,3,87.4,1,11,0.123,Low,0
33.5,41.8,6.0,0.7,10,74.2,0,6,0.726,High,1
26.5,73.8,7.8,1.8,9,73.3,1,1,0.25,Low,0
27.5,74.7,8.4,14.3,4,86.2,1,3,0.02,Low,0
26.8,76.7,8.1,15.3,0,95.0,0,4,0.021,Low,0
28.1,73.9,9.5,32.3,3,89.1,0,12,0.119,Low,0
35.0,43.0,19.6,0.0,10,75.0,0,9,0.782,Critical,1
28.0,77.7,12.1,44.2,2,91.5,1,2,0.21,Low,0
34.1,44.5,4.1,0.0,8,79.5,0,8,0.629,High,0
30.1,42.2,19.1,1.4,16,57.6,0,6,0.697,High,1
29.8,32.2,7.2,0.0,12,67.4,1,6,0.911,Critical,1
26.4,90.3,10.1,29.8,3,88.2,0,4,0.026,Low,0
33.7,68.2,2.7,1.5,22,44.3,0,8,0.642,High,1
25.2,69.4,0.7,3.9,4,85.1,0,5,0.072,Low,0
29.6,61.4,2.4,5.6,0,95.0,0,11,0.248,Low,0
31.3,64.1,7.1,0.0,22,43.1,1,8,0.884,Critical,1
26.5,74.7,6.5,7.2,4,85.8,1,10,0.053,Low,0
34.6,25.7,11.7,2.7,2,94.8,0,7,0.649,High,0
25.6,78.6,7.2,32.8,2,90.3,1,4,0.029,Low,0
28.9,51.4,15.0,0.0,6,82.0,1,8,0.796,Critical,1
38.0,60.0,0.3,2.0,4,91.5,0,6,0.486,Medium,0
31.8,38.5,5.6,1.4,24,38.4,0,9,0.765,Critical,1
24.9,67.7,5.6,0.7,21,42.5,1,10,0.562,High,0
26.3,72.9,1.9,3.1,3,88.1,0,3,0.076,Low,0
31.4,90.1,34.6,1.9,15,60.7,1,12,0.775,Critical,1
24.0,83.3,14.7,9.1,0,94.5,1,10,0.096,Low,0
24.0,71.8,10.5,9.6,2,89.5,1,12,0.0,Low,0
29.8,50.4,9.4,0.0,6,82.4,0,8,0.485,Medium,0
24.0,90.5,6.5,6.5,0,94.5,0,5,0.005,Low,0
31.0,79.6,35.9,4.6,3,90.5,0,5,0.416,Medium,0
34.0,52.5,5.0,3.2,1,95.0,0,6,0.519,Medium,0
31.8,34.5,6.0,0.0,16,58.4,1,6,1.0,Critical,1
31.4,86.4,1.2,2.2,2,93.2,0,3,0.229,Low,0
25.2,68.9,1.5,14.4,1,92.6,0,3,0.036,Low,0
24.2,84.8,12.2,10.5,3,87.1,0,12,0.013,Low,0
27.1,76.3,2.6,27.3,2,91.0,0,4,0.041,Low,0
27.2,93.6,7.1,0.6,20,46.1,0,1,0.376,Medium,0
24.2,75.7,8.4,9.2,2,89.6,1,5,0.0,Low,0
27.2,76.5,14.2,0.5,14,61.1,1,12,0.575,High,1
26.7,85.3,4.0,40.0,0,95.0,1,3,0.097,Low,0
38.0,42.7,8.0,1.7,5,89.0,0,7,0.478,Medium,0
28.8,84.9,10.2,11.9,2,91.9,0,10,0.105,Low,0
35.7,55.7,9.2,1.9,23,42.8,0,6,0.679,High,1
27.7,87.5,9.3,1.4,10,71.3,0,12,0.136,Low,0
26.4,73.7,16.0,6.3,3,88.2,0,11,0.12,Low,0
28.3,88.4,8.8,6.2,1,94.2,1,2,0.203,Low,0
30.0,79.4,9.4,7.8,0,95.0,1,3,0.176,Low,0
33.7,34.4,7.1,5.4,2,94.4,0,9,0.596,High,1
30.6,46.2,5.1,4.1,4,87.8,0,9,0.34,Low,0
34.5,49.6,3.7,0.0,24,39.8,0,6,0.741,High,0
27.1,86.6,11.0,5.2,1,93.5,0,5,0.039,Low,0
30.8,68.5,6.0,0.0,17,55.4,0,8,0.619,High,1
33.3,36.0,8.3,0.0,7,81.6,1,6,1.0,Critical,1
24.0,91.9,2.0,1.8,7,77.0,0,3,0.166,Low,0
26.5,86.4,2.2,14.9,2,90.7,0,10,0.0,Low,0
31.7,49.0,6.6,0.1,17,55.9,0,9,0.676,High,1
29.7,59.7,1.1,1.3,12,67.3,1,6,0.528,Medium,1
26.6,86.3,8.7,2.7,1,93.3,0,2,0.118,Low,0
30.8,73.0,9.8,7.6,1,95.0,1,3,0.311,Low,0
28.4,89.5,32.6,4.6,4,86.7,0,5,0.165,Low,0
26.3,79.9,3.1,9.3,4,85.7,0,12,0.0,Low,0
24.6,78.3,2.6,3.8,1,92.3,0,10,0.142,Low,0
27.9,72.0,2.6,20.1,4,86.5,1,5,0.0,Low,0
28.1,81.5,13.8,5.6,3,89.0,0,10,0.187,Low,0
25.3,78.0,20.5,11.0,0,95.0,1,10,0.077,Low,0
27.6,76.7,3.1,11.9,3,88.8,0,4,0.0,Low,0
29.3,66.9,2.0,10.2,3,89.6,1,4,0.197,Low,0
27.1,86.9,3.4,8.8,2,91.0,0,2,0.0,Low,0
32.8,53.8,6.2,2.3,0,95.0,1,7,0.66,High,1
33.5,46.0,7.7,1.5,7,81.7,0,8,0.65,High,0
26.6,84.6,19.5,6.5,0,95.0,1,11,0.175,Low,0
27.8,81.7,1.1,2.4,0,95.0,0,2,0.122,Low,0
34.9,28.0,5.5,6.7,4,90.0,0,9,0.614,High,0
26.9,80.4,13.0,37.1,3,88.5,0,4,0.061,Low,0
31.6,39.0,20.7,0.0,15,60.8,0,7,0.754,Critical,1
24.0,70.1,7.8,8.0,1,92.0,0,5,0.076,Low,1
31.2,47.6,2.8,0.1,22,43.1,1,8,1.0,Critical,0
29.7,70.4,16.6,0.0,20,47.4,0,9,0.519,Medium,0
36.0,60.6,5.9,0.0,18,55.5,1,9,0.971,Critical,1
24.5,89.7,8.2,30.6,0,94.8,0,1,0.0,Low,0
24.0,79.7,18.7,16.4,4,84.5,1,5,0.167,Low,1
26.6,75.1,11.2,15.4,1,93.3,0,3,0.0,Low,0
26.0,82.6,27.6,20.6,4,85.5,1,3,0.157,Low,0
25.4,72.1,9.5,13.0,4,85.2,0,5,0.0,Low,0
24.0,85.7,3.2,3.7,3,87.0,0,5,0.078,Low,0
27.6,63.4,0.4,14.5,4,86.3,0,5,0.022,Low,0
28.8,81.1,14.0,20.5,4,86.9,0,12,0.093,Low,1
28.6,81.4,15.5,15.6,1,94.3,0,3,0.087,Low,0
24.6,74.4,15.5,12.8,2,89.8,0,1,0.053,Low,0
30.7,67.0,14.4,7.4,1,95.0,0,2,0.322,Low,0
31.2,81.0,4.4,6.3,0,95.0,1,11,0.455,Medium,0
25.9,77.0,9.9,6.9,0,95.0,1,11,0.0,Low,0
29.2,31.0,8.2,0.0,12,67.1,0,9,0.673,High,0
28.1,51.0,3.6,0.0,8,76.6,0,6,0.578,High,1
25.7,79.2,4.7,10.1,2,90.4,0,10,0.0,Low,0
32.9,54.1,7.6,0.0,5,86.5,0,8,0.565,High,1
27.8,73.9,1.7,21.9,4,86.4,1,3,0.039,Low,0
24.0,86.1,7.8,9.5,4,84.5,0,5,0.082,Low,0
25.8,77.0,2.6,3.0,2,90.4,1,12,0.178,Low,0
30.5,41.9,8.1,2.1,4,87.7,0,6,0.479,Medium,1
25.0,76.4,8.3,7.1,2,90.0,0,12,0.0,Low,1
28.8,78.3,14.4,5.9,3,89.4,1,7,0.283,Low,1
28.9,75.1,6.8,35.0,3,89.5,0,5,0.067,Low,0
33.6,48.4,3.4,0.0,12,69.3,0,8,0.706,High,1
31.9,52.9,24.7,0.1,5,85.9,0,9,0.672,High,0
29.1,81.7,10.5,98.2,0,95.0,1,4,0.233,Low,0
26.2,89.7,5.9,8.3,3,88.1,1,2,0.005,Low,0
26.7,73.6,5.2,49.2,0,95.0,1,3,0.006,Low,0
27.9,76.3,9.5,41.7,0,95.0,1,12,0.0,Low,0
24.1,84.3,15.6,56.4,0,94.5,0,11,0.1,Low,0
28.8,79.1,11.6,4.5,0,95.0,0,10,0.095,Low,1
24.0,82.3,5.1,5.5,0,94.5,0,3,0.133,Low,1
31.4,44.8,2.7,6.5,4,88.2,1,9,0.595,High,1
33.6,44.2,2.5,0.0,9,76.8,1,6,1.0,Critical,0
26.1,74.5,9.4,4.4,1,93.1,0,1,0.023,Low,0
25.9,74.1,14.6,37.5,4,85.5,0,12,0.031,Low,0
30.8,68.5,5.2,0.0,18,52.9,1,9,0.951,Critical,1
26.4,86.9,6.7,75.4,2,90.7,0,3,0.0,Low,1
27.1,72.6,1.5,10.2,2,91.1,0,11,0.0,Low,0
30.5,64.3,4.8,0.0,8,77.8,0,6,0.494,Medium,0
24.0,93.2,11.0,0.5,6,79.5,1,5,0.381,Medium,0
24.5,83.2,3.1,12.9,1,92.3,0,10,0.008,Low,0
34.4,68.6,5.2,0.0,5,87.2,0,8,0.589,High,1
25.2,73.0,1.8,13.4,0,95.0,0,10,0.058,Low,0
27.8,52.4,1.4,46.0,1,93.9,0,10,0.138,Low,0
30.9,64.1,7.1,4.4,2,92.9,1,7,0.476,Medium,0
24.0,73.0,13.3,16.2,3,87.0,0,12,0.009,Low,1
28.2,70.3,13.7,12.2,2,91.6,0,4,0.097,Low,1
28.6,60.3,14.6,13.2,0,95.0,0,12,0.125,Low,0
24.0,85.0,11.3,11.1,2,89.5,0,10,0.0,Low,0
33.1,60.0,18.2,0.0,23,41.5,0,7,0.738,High,1
33.9,48.7,19.7,0.0,6,84.4,0,9,0.801,Critical,1
27.4,86.8,16.6,15.0,1,93.7,0,4,0.059,Low,0
30.8,47.7,1.1,0.0,16,57.9,0,8,0.685,High,1
25.2,63.6,8.1,12.9,1,92.6,0,11,0.046,Low,0
29.4,78.0,5.2,24.4,4,87.2,1,2,0.163,Low,0
36.5,45.9,7.9,0.0,23,43.3,0,9,0.779,Critical,0
32.7,68.9,7.9,0.0,17,56.3,0,8,0.683,High,1
24.9,80.0,5.7,2.8,1,92.5,0,11,0.15,Low,1
27.7,83.2,13.8,6.2,2,91.4,1,5,0.118,Low,0
30.3,58.9,4.8,8.9,2,92.6,1,3,0.438,Medium,0
24.0,78.5,10.2,7.6,4,84.5,0,12,0.11,Low,0
37.7,59.2,23.2,0.0,9,78.9,1,9,0.979,Critical,1
31.2,70.2,4.4,10.1,3,90.6,0,2,0.234,Low,1
25.5,80.3,5.0,0.0,21,42.8,0,3,0.346,Low,0
25.8,85.4,8.5,33.1,0,95.0,0,11,0.0,Low,0
29.2,89.4,4.5,15.0,2,92.1,0,2,0.108,Low,0
27.0,88.1,3.1,2.9,1,93.5,1,5,0.218,Low,0
27.9,72.4,0.9,9.6,4,86.4,1,12,0.0,Low,0
26.6,74.9,6.8,0.6,20,45.8,1,10,0.491,Medium,0
32.3,25.0,17.3,0.0,9,76.1,1,7,1.0,Critical,1
29.6,73.9,3.9,3.0,0,95.0,0,11,0.172,Low,0
34.4,50.0,14.1,1.5,22,44.7,0,8,0.715,High,1
29.1,54.1,35.5,0.0,5,84.6,1,9,0.785,Critical,1
29.9,76.6,18.9,22.6,1,95.0,1,11,0.295,Low,0
29.0,67.5,3.9,4.0,2,92.0,1,4,0.243,Low,0
25.6,78.8,4.4,24.7,3,87.8,0,10,0.0,Low,0
27.0,93.2,7.6,13.2,1,93.5,1,4,0.0,Low,0
30.6,58.3,7.8,0.0,17,55.3,1,9,0.906,Critical,1
27.1,32.8,5.3,0.0,9,73.6,0,7,0.485,Medium,1
29.7,87.6,13.4,9.7,0,95.0,0,11,0.181,Low,0
34.7,50.8,4.3,6.9,2,94.8,1,7,0.635,High,0
32.1,50.1,9.9,0.1,16,58.6,0,7,0.703,High,0
30.9,78.9,9.1,2.7,0,95.0,0,3,0.331,Low,0
27.8,77.0,16.5,5.0,2,91.4,1,1,0.123,Low,1
26.0,78.9,8.6,23.2,1,93.0,1,12,0.058,Low,1
28.2,71.7,1.1,2.6,4,86.6,0,10,0.197,Low,0
26.0,71.6,17.6,18.1,2,90.5,0,12,0.006,Low,0
34.0,40.8,3.4,10.3,4,89.5,0,6,0.464,Medium,1
27.1,86.2,35.8,2.2,2,91.1,1,2,0.293,Low,0
29.5,67.8,16.7,38.8,3,89.7,1,3,0.244,Low,0
33.8,58.9,6.3,0.0,10,74.4,0,6,0.646,High,1
33.2,68.9,4.6,5.2,2,94.1,1,4,0.681,High,1
33.2,32.1,10.1,0.1,9,76.6,0,8,0.836,Critical,1
29.3,44.7,6.4,0.0,10,72.2,1,7,0.757,Critical,1
25.5,81.2,11.1,11.6,4,85.3,0,4,0.039,Low,0
24.0,63.9,11.8,6.8,3,87.0,1,4,0.17,Low,1
29.0,65.5,16.2,11.7,4,87.0,0,1,0.108,Low,0
24.7,75.9,2.9,3.4,3,87.4,1,10,0.043,Low,0
28.7,84.8,6.9,23.0,4,86.9,1,4,0.088,Low,0
27.8,83.2,2.8,9.8,1,93.9,0,5,0.0,Low,0
24.4,82.5,4.0,24.4,4,84.7,0,4,0.043,Low,0
24.0,77.5,9.3,12.4,4,84.5,0,4,0.0,Low,0
32.8,46.9,11.3,0.0,21,46.4,1,6,0.912,Critical,1
26.4,55.6,10.1,0.0,16,55.7,0,7,0.355,Medium,1
32.6,61.0,6.2,0.0,11,71.3,0,9,0.597,High,0
27.0,89.1,3.7,4.9,0,95.0,0,5,0.0,Low,0
25.3,65.2,11.0,10.3,3,87.7,0,12,0.03,Low,0
29.5,78.6,3.3,11.9,3,89.7,1,4,0.179,Low,0
28.4,71.5,3.2,0.1,19,49.2,1,10,0.639,High,1
28.4,86.3,15.8,14.9,0,95.0,1,11,0.132,Low,0
27.0,86.8,13.3,3.7,2,91.0,0,5,0.054,Low,0
29.9,81.2,8.6,8.4,1,94.9,0,4,0.082,Low,1
34.4,40.3,6.0,0.0,5,87.2,1,8,1.0,Critical,1
30.6,63.4,4.0,4.7,3,90.3,0,6,0.344,Low,0
29.7,52.8,1.9,0.0,10,72.3,1,8,0.717,High,1
28.4,94.8,37.1,39.7,0,95.0,0,10,0.229,Low,0
24.0,71.4,2.2,65.8,1,92.0,1,4,0.092,Low,1
35.7,49.0,25.2,0.0,11,72.9,1,8,1.0,Critical,1
26.9,65.8,1.7,27.5,2,90.9,1,12,0.079,Low,0
24.8,87.0,4.6,8.1,2,89.9,0,10,0.0,Low,0
25.0,80.2,4.4,43.6,0,95.0,0,10,0.0,Low,0
30.1,46.9,5.1,0.0,20,47.5,0,6,0.69,High,0
32.6,26.0,10.6,0.0,14,63.8,1,8,1.0,Critical,1
26.3,81.4,26.3,7.0,0,95.0,0,1,0.024,Low,0
29.7,38.0,10.0,2.7,1,94.8,0,8,0.485,Medium,1
27.1,79.6,3.0,0.3,9,73.6,0,3,0.283,Low,0
25.8,71.7,0.8,34.2,4,85.4,0,2,0.0,Low,0
27.5,70.8,10.4,3.6,0,95.0,0,4,0.125,Low,0
27.6,84.7,3.5,18.1,2,91.3,1,3,0.001,Low,0
29.3,95.0,8.1,8.2,3,89.6,0,12,0.11,Low,0
27.6,78.7,5.2,13.8,3,88.8,1,1,0.0,Low,0
36.9,48.7,6.7,0.6,10,76.0,0,9,0.744,High,1
27.8,85.5,2.9,36.7,1,93.9,1,2,0.009,Low,0
27.4,87.0,12.4,15.6,1,93.7,0,1,0.0,Low,0
32.2,57.4,13.7,0.2,23,41.1,1,9,0.977,Critical,0
33.6,67.9,5.5,10.7,0,95.0,0,9,0.307,Low,0
37.4,71.4,4.5,0.0,22,46.2,0,9,0.587,High,0
33.9,46.4,15.4,0.0,24,39.4,0,7,0.92,Critical,1
25.7,65.3,6.8,2.2,0,95.0,1,4,0.232,Low,0
26.9,80.3,14.5,0.3,12,65.9,0,10,0.279,Low,0
29.7,86.2,11.8,100.0,2,92.3,0,12,0.0,Low,0
31.6,43.0,10.3,0.0,24,38.3,0,6,0.599,High,0
33.0,67.8,5.7,0.0,16,59.0,0,6,0.653,High,1
26.7,43.5,1.4,0.0,8,75.9,0,8,0.419,Medium,0
24.6,71.8,11.3,0.5,14,59.8,1,1,0.488,Medium,0
24.6,90.2,6.3,9.0,2,89.8,0,12,0.0,Low,0
28.5,84.4,15.1,2.2,2,91.7,1,5,0.27,Low,0
27.1,72.1,7.1,22.3,0,95.0,0,5,0.058,Low,1
32.5,25.4,2.9,0.0,8,78.8,0,8,0.716,High,1
25.4,40.3,6.5,4.9,0,95.0,0,7,0.181,Low,0
34.5,49.2,8.3,0.0,20,49.7,0,9,0.83,Critical,0
28.4,74.2,27.8,1.5,22,41.7,0,3,0.453,Medium,0
26.9,82.4,0.5,5.4,0,95.0,1,1,0.147,Low,0
24.0,78.1,5.2,2.4,4,84.5,1,3,0.136,Low,0
27.1,77.0,12.5,12.0,0,95.0,0,5,0.041,Low,0
25.6,66.6,2.9,1.6,8,75.3,1,4,0.318,Low,0
24.8,62.1,4.4,42.4,3,87.4,0,3,0.045,Low,0
29.0,78.4,16.4,8.0,4,87.0,0,12,0.097,Low,1
27.2,82.8,6.4,29.3,4,86.1,0,1,0.102,Low,0
25.4,88.4,24.4,15.7,3,87.7,0,4,0.076,Low,0
25.8,76.5,20.6,1.3,23,37.9,0,2,0.345,Low,1
24.5,80.4,9.0,12.3,2,89.8,0,4,0.0,Low,0
24.5,90.0,9.3,7.2,0,94.8,1,1,0.082,Low,0
31.7,55.8,10.6,4.9,4,88.3,0,6,0.304,Low,0
24.3,70.3,14.1,6.8,0,94.6,1,12,0.125,Low,0
32.5,49.8,15.4,5.5,1,95.0,1,6,0.648,High,1
34.2,43.4,6.8,0.0,6,84.6,1,7,0.965,Critical,1
35.6,71.1,4.3,4.5,1,95.0,0,9,0.332,Low,1
25.4,43.9,1.3,0.0,7,77.7,0,9,0.249,Low,0
24.7,74.3,28.5,6.7,4,84.9,1,5,0.217,Low,0
26.1,82.8,39.0,22.5,3,88.1,0,10,0.087,Low,0
31.8,74.8,2.3,0.7,6,83.4,0,4,0.419,Medium,0
28.7,72.8,3.9,2.4,4,86.8,0,4,0.242,Low,0
25.4,73.6,11.1,6.6,3,87.7,0,5,0.0,Low,0
28.6,72.7,1.1,11.7,0,95.0,0,4,0.095,Low,0
28.0,79.2,15.4,16.9,1,94.0,0,1,0.047,Low,0
28.5,92.7,6.2,7.8,1,94.3,0,10,0.088,Low,0
26.1,68.4,5.2,32.0,4,85.5,0,12,0.085,Low,0
33.4,44.3,2.0,0.1,24,39.2,0,9,0.658,High,0
31.7,46.4,7.5,0.0,21,45.9,0,9,0.562,High,0
25.0,83.1,4.3,19.8,4,85.0,0,1,0.0,Low,1
25.4,75.4,17.8,9.7,3,87.7,0,1,0.016,Low,0
25.3,56.6,3.1,0.5,11,67.7,0,1,0.297,Low,0
25.7,56.1,8.2,27.2,2,90.4,0,11,0.0,Low,0
26.2,79.5,1.2,2.9,3,88.1,0,3,0.071,Low,1
26.7,79.4,3.3,79.7,2,90.8,0,2,0.011,Low,0
27.9,88.2,19.2,11.6,4,86.5,0,2,0.183,Low,0
24.0,72.4,11.5,28.6,0,94.5,0,11,0.012,Low,0
29.8,55.5,10.1,0.0,24,37.4,0,6,0.464,Medium,1
32.4,52.5,10.5,0.0,21,46.2,0,7,0.648,High,0
24.0,81.2,1.0,13.6,3,87.0,0,10,0.0,Low,0
30.5,77.7,13.7,1.0,16,57.7,0,5,0.509,Medium,0
34.5,54.2,9.4,0.0,10,74.8,0,6,0.708,High,0
25.0,75.2,14.3,26.7,2,90.0,1,10,0.101,Low,0
27.8,70.6,12.3,16.1,2,91.4,0,11,0.029,Low,0
28.3,42.9,2.2,0.0,24,36.6,1,6,0.97,Critical,1
24.0,79.8,17.3,12.1,4,84.5,0,3,0.031,Low,0
28.5,70.5,5.3,15.6,3,89.3,0,2,0.141,Low,0
28.1,86.8,19.4,0.8,21,44.1,1,3,0.772,Critical,1
28.5,84.9,7.8,10.3,3,89.2,0,1,0.05,Low,0
31.5,32.4,12.5,2.8,3,90.7,0,9,0.637,High,1
35.4,51.6,10.4,0.0,18,55.2,1,6,1.0,Critical,1
27.9,66.4,10.7,5.8,3,89.0,1,12,0.207,Low,1
30.9,25.0,34.2,0.0,17,55.5,1,6,0.977,Critical,1
28.6,90.6,3.9,19.2,4,86.8,1,12,0.189,Low,1
32.4,55.4,27.0,0.0,16,58.7,1,9,1.0,Critical,1
25.4,59.8,20.5,0.6,24,35.2,0,4,0.533,Medium,0
26.3,91.4,0.9,46.9,4,85.7,0,12,0.063,Low,1
28.1,64.5,9.0,3.3,0,95.0,1,4,0.281,Low,0
24.5,72.6,13.1,0.9,12,64.7,1,12,0.413,Medium,0
26.7,80.1,8.3,14.0,3,88.4,0,11,0.0,Low,0
24.9,81.4,31.9,3.4,1,92.5,1,11,0.192,Low,0
24.8,86.1,18.3,8.6,4,84.9,0,11,0.11,Low,0
27.1,88.6,6.4,7.0,2,91.0,0,1,0.104,Low,1
24.5,83.0,3.3,2.1,0,94.8,0,1,0.068,Low,0
30.3,56.4,8.1,0.0,23,40.2,1,6,0.918,Critical,1
28.1,84.7,5.9,34.6,3,89.0,0,3,0.122,Low,1
27.3,76.8,13.7,18.9,1,93.6,0,11,0.069,Low,0
28.1,89.5,4.3,7.5,0,95.0,0,4,0.127,Low,0
24.0,88.2,25.3,12.0,0,94.5,1,5,0.082,Low,0
24.3,75.9,12.6,3.4,1,92.1,1,5,0.164,Low,0
32.8,44.0,9.0,1.1,17,56.4,0,6,0.586,High,1
29.7,66.7,6.8,9.7,1,94.9,1,10,0.281,Low,0
25.8,69.2,23.7,59.7,0,95.0,0,3,0.161,Low,0
26.9,82.6,3.7,0.2,7,78.4,1,3,0.402,Medium,0
26.8,66.5,8.4,8.2,3,88.4,1,12,0.136,Low,0
30.3,80.7,30.0,4.0,1,95.0,0,2,0.358,Medium,0
30.5,69.2,13.9,0.0,19,50.2,1,6,0.93,Critical,1
29.5,62.3,4.5,9.3,1,94.8,1,11,0.267,Low,0
31.0,60.8,5.2,6.1,2,93.0,0,6,0.298,Low,0
37.5,61.7,9.3,5.5,0,95.0,1,7,0.545,Medium,0
28.1,80.5,4.6,7.8,4,86.6,0,3,0.167,Low,0
25.6,77.9,17.9,5.1,1,92.8,1,4,0.123,Low,0
25.9,68.3,16.1,5.9,0,95.0,1,1,0.23,Low,0
28.2,85.9,3.2,2.6,0,95.0,0,4,0.229,Low,0
26.8,84.4,8.5,9.8,0,95.0,0,12,0.0,Low,0
24.0,88.1,6.2,18.0,3,87.0,1,4,0.011,Low,0
25.5,75.9,1.4,19.0,3,87.8,0,2,0.012,Low,0
32.7,35.4,9.9,0.0,18,53.8,0,9,0.757,Critical,1
33.0,63.6,12.1,0.0,16,59.0,0,6,0.751,Critical,1
28.2,35.7,10.3,0.0,15,59.1,0,7,0.684,High,0
29.0,42.9,15.3,0.0,22,42.0,1,8,0.982,Critical,1
25.3,78.6,8.5,7.4,1,92.7,0,11,0.142,Low,0
27.8,95.0,13.8,2.0,0,95.0,0,10,0.203,Low,0
29.7,79.7,1.6,5.1,2,92.4,1,4,0.319,Low,0
25.6,63.9,11.4,18.2,1,92.8,0,1,0.017,Low,0
25.1,75.5,37.5,8.8,2,90.1,1,2,0.158,Low,0
30.5,66.8,5.6,0.0,9,75.3,1,9,0.717,High,1
25.8,77.0,9.7,35.4,3,87.9,0,2,0.0,Low,0
26.9,41.3,4.8,0.0,11,68.4,0,6,0.443,Medium,0
29.1,80.3,4.1,4.6,0,95.0,1,3,0.199,Low,0
27.4,87.3,25.3,24.9,1,93.7,1,12,0.156,Low,0
28.9,29.0,6.4,1.0,13,64.4,0,9,0.565,High,1
28.2,80.7,14.9,13.4,2,91.6,0,4,0.323,Low,0
29.3,78.0,21.6,5.6,3,89.7,0,10,0.076,Low,0
27.3,84.4,6.8,8.2,1,93.7,0,11,0.0,Low,0
24.0,78.1,5.5,8.4,4,84.5,0,2,0.0,Low,0
29.3,66.1,7.0,11.4,2,92.1,0,3,0.117,Low,0
28.7,79.2,8.0,14.5,0,95.0,0,4,0.122,Low,0
29.0,72.0,8.2,4.0,0,95.0,0,2,0.209,Low,0
32.4,62.6,14.2,0.0,23,41.2,0,9,0.652,High,1
33.4,31.5,4.3,1.5,12,69.2,0,6,0.711,High,0
25.1,69.1,25.5,0.5,21,42.6,1,11,0.827,Critical,1
25.9,84.4,7.6,8.1,0,95.0,0,12,0.0,Low,0
24.3,84.2,14.7,20.3,4,84.7,0,2,0.0,Low,0
27.6,78.4,15.7,5.7,1,93.8,0,4,0.06,Low,0
25.2,78.4,5.4,55.4,3,87.6,1,4,0.025,Low,0
27.7,83.1,4.8,2.9,3,88.9,0,10,0.144,Low,0
30.6,72.0,38.1,13.8,4,87.8,0,4,0.277,Low,0
30.0,49.7,6.8,4.5,2,92.5,0,9,0.261,Low,0
29.7,58.4,13.3,0.0,24,37.3,0,6,0.575,High,1
29.8,79.6,3.1,6.6,2,92.4,0,3,0.166,Low,0
26.7,67.0,11.9,2.5,4,85.9,1,10,0.278,Low,0
30.8,81.6,18.2,38.1,1,95.0,0,4,0.326,Low,0
25.6,79.2,1.9,14.3,0,95.0,0,10,0.0,Low,0
30.2,45.4,9.9,0.0,17,55.1,0,7,0.734,High,0
27.7,73.9,4.9,12.6,1,93.8,0,1,0.026,Low,0
27.0,67.9,8.8,8.1,1,93.5,0,10,0.136,Low,0
33.3,71.9,3.6,6.3,1,95.0,0,2,0.402,Medium,1
26.2,81.6,15.4,9.8,0,95.0,0,3,0.05,Low,0
29.5,55.9,2.3,6.3,2,92.2,1,6,0.309,Low,0
28.3,56.1,18.3,7.7,4,86.6,1,6,0.434,Medium,1
24.4,83.4,8.5,6.5,4,84.7,0,10,0.057,Low,0
26.8,76.5,12.1,0.9,7,78.4,0,1,0.239,Low,0
33.6,58.6,15.2,0.0,23,41.8,0,8,0.663,High,1
26.6,81.2,12.5,1.7,7,78.3,0,1,0.192,Low,0
28.8,86.0,32.7,9.1,0,95.0,0,11,0.238,Low,0
31.2,29.4,12.8,0.0,23,40.6,0,9,0.799,Critical,1
28.8,81.0,4.6,8.0,0,95.0,1,3,0.115,Low,0
24.1,75.9,2.3,11.3,4,84.6,0,3,0.0,Low,0
27.6,72.7,5.8,19.1,2,91.3,0,2,0.005,Low,0
28.7,80.7,8.1,10.6,1,94.4,0,5,0.031,Low,0
36.4,60.5,6.8,0.0,13,68.2,1,7,0.992,Critical,1
28.6,76.2,8.9,32.6,0,95.0,1,1,0.111,Low,0
25.9,88.8,12.9,10.2,4,85.4,0,1,0.13,Low,0
25.3,75.9,2.5,26.0,2,90.2,0,10,0.017,Low,0
33.4,66.0,6.0,6.7,1,95.0,0,8,0.42,Medium,0
27.7,76.0,11.5,3.9,3,88.8,1,5,0.075,Low,0
30.8,80.1,12.2,13.5,2,92.9,0,2,0.21,Low,0
29.1,89.3,11.2,10.1,4,87.0,0,11,0.108,Low,0
28.1,75.5,15.1,15.6,1,94.1,1,10,0.196,Low,0
25.9,90.5,1.3,49.7,4,85.5,0,2,0.0,Low,1
27.5,85.9,9.4,29.2,2,91.3,0,2,0.0,Low,0
26.2,73.6,9.4,2.3,4,85.6,1,1,0.106,Low,1
31.8,54.3,25.4,0.0,15,60.9,0,6,0.762,Critical,1
28.8,95.0,11.7,1.8,6,81.9,1,11,0.409,Medium,0
25.7,68.2,6.1,5.1,3,87.9,1,1,0.174,Low,0
27.8,72.7,9.8,2.7,3,88.9,1,11,0.102,Low,0
24.7,72.2,0.7,7.3,1,92.3,0,10,0.018,Low,0
24.1,83.5,29.8,28.0,0,94.6,0,2,0.144,Low,0
29.7,44.4,43.4,1.1,12,67.3,0,6,0.579,High,1
26.3,75.6,28.8,20.3,3,88.2,0,2,0.145,Low,0
27.8,81.8,5.9,11.6,2,91.4,0,4,0.04,Low,0
25.5,95.0,3.7,2.0,24,35.2,0,4,0.24,Low,0
26.9,65.7,10.7,4.1,1,93.5,1,10,0.123,Low,0
25.4,74.9,0.8,1.5,20,45.2,0,11,0.27,Low,1
28.2,68.1,3.0,6.8,4,86.6,1,2,0.349,Low,1
28.1,36.3,14.1,0.0,13,64.1,1,8,0.919,Critical,1
29.1,77.5,11.2,1.2,20,47.1,1,11,0.558,High,1
27.5,82.4,9.9,11.5,4,86.2,0,1,0.011,Low,0
31.9,43.1,1.8,1.2,17,55.9,1,6,0.902,Critical,1
27.7,74.8,15.7,34.4,4,86.3,1,12,0.0,Low,0
24.0,71.8,3.3,4.0,2,89.5,0,3,0.04,Low,0
27.7,95.0,11.3,23.9,3,88.9,0,10,0.0,Low,0
25.5,77.6,3.7,10.9,3,87.8,0,10,0.032,Low,0
25.2,81.9,9.4,5.9,1,92.6,1,4,0.08,Low,0
30.0,38.3,4.0,0.0,14,62.5,0,8,0.602,High,0
24.0,95.0,4.6,1.0,18,49.5,0,10,0.282,Low,0
27.6,63.2,10.9,0.0,22,41.3,0,6,0.473,Medium,0
35.7,52.1,6.9,0.0,15,62.9,1,7,1.0,Critical,1
26.6,71.5,4.9,4.6,1,93.3,1,3,0.089,Low,0
25.4,86.9,9.0,16.2,3,87.7,1,5,0.0,Low,0
34.4,50.6,17.8,0.0,22,44.7,1,8,1.0,Critical,1
26.5,80.4,12.9,6.5,2,90.7,1,4,0.093,Low,0
26.7,67.9,11.4,0.7,12,65.8,1,12,0.538,Medium,0
27.1,68.3,10.5,1.5,17,53.5,1,5,0.448,Medium,0
29.0,80.6,1.3,29.9,1,94.5,0,1,0.139,Low,0
29.4,95.0,2.7,17.9,1,94.7,1,2,0.118,Low,1
26.7,88.0,10.6,0.4,8,75.9,1,12,0.313,Low,0
30.2,62.0,2.8,6.5,4,87.6,0,11,0.293,Low,0
26.7,66.5,21.5,0.1,17,53.4,1,1,0.713,High,1
28.1,76.4,8.3,72.8,3,89.1,0,10,0.067,Low,0
26.1,88.2,7.6,23.2,1,93.1,1,12,0.027,Low,1
35.2,69.0,32.1,0.5,10,75.1,0,9,0.664,High,1
33.2,54.3,3.5,0.0,16,59.1,0,9,0.892,Critical,1
34.0,62.9,11.8,0.0,17,57.0,0,8,0.739,High,1
30.1,49.6,10.1,1.0,13,65.1,0,7,0.544,Medium,1
29.1,70.7,17.0,0.9,18,52.0,0,2,0.371,Medium,0
26.1,91.7,10.3,11.3,4,85.5,1,11,0.007,Low,0
24.0,77.4,3.5,9.3,2,89.5,1,11,0.092,Low,0
27.9,77.4,6.1,12.9,4,86.4,0,4,0.016,Low,0
36.8,32.3,4.5,0.0,11,73.4,0,6,0.822,Critical,0
27.5,33.4,3.0,3.6,3,88.7,0,9,0.274,Low,0
25.6,68.1,24.0,5.9,1,92.8,0,5,0.235,Low,0
26.1,44.0,10.6,3.7,3,88.1,1,8,0.273,Low,1
24.0,67.1,13.0,22.4,4,84.5,0,4,0.068,Low,0
27.3,78.6,8.1,6.3,1,93.6,1,12,0.067,Low,0
27.1,71.0,9.5,3.6,0,95.0,1,3,0.063,Low,0
29.9,82.7,33.7,2.1,4,87.4,0,10,0.421,Medium,0
25.6,79.5,5.0,30.4,2,90.3,1,3,0.049,Low,1
28.6,91.6,1.9,4.4,3,89.3,0,5,0.13,Low,0
28.1,83.1,2.3,5.6,4,86.5,1,1,0.292,Low,0
30.8,60.0,11.8,0.5,14,62.9,0,7,0.668,High,1
34.5,40.2,12.6,0.0,9,77.2,0,6,0.734,High,1
25.8,80.4,19.6,19.5,4,85.4,0,10,0.081,Low,0
28.7,82.2,4.7,12.1,1,94.4,0,4,0.129,Low,0
26.4,81.3,5.4,3.5,1,93.2,0,4,0.013,Low,0
25.7,77.2,1.3,22.5,3,87.8,1,5,0.0,Low,0
26.0,80.7,3.6,5.8,1,93.0,0,4,0.165,Low,1
38.0,29.1,1.6,0.2,19,54.0,0,6,0.995,Critical,1
29.9,44.1,5.1,0.0,9,75.0,0,8,0.468,Medium,0
25.3,92.0,8.5,3.9,3,87.7,0,11,0.0,Low,0
34.4,47.5,10.9,1.5,14,64.7,0,7,0.645,High,0
29.1,61.3,3.2,0.0,18,52.0,1,7,0.728,High,0
26.9,86.1,13.1,4.6,4,86.0,0,10,0.0,Low,0
27.7,73.2,11.9,6.7,1,93.9,0,3,0.012,Low,0
24.9,77.5,9.7,17.3,2,90.0,0,2,0.0,Low,0
33.1,52.1,9.1,0.0,7,81.6,0,7,0.651,High,1
28.9,74.0,22.3,2.1,3,89.4,0,4,0.263,Low,0
31.2,48.2,6.5,0.0,13,65.6,1,8,1.0,Critical,1
31.6,49.4,4.3,0.8,15,60.8,1,8,0.98,Critical,1
29.0,86.7,11.0,13.1,4,87.0,0,2,0.088,Low,0
27.4,76.4,6.3,40.1,3,88.7,1,12,0.0,Low,0
29.4,63.5,14.5,0.0,10,72.2,0,6,0.454,Medium,0
24.3,88.2,1.7,0.3,24,34.7,1,1,0.621,High,0
27.0,72.0,14.1,9.9,4,86.0,1,4,0.049,Low,0
25.0,79.3,4.9,1.3,24,35.0,0,1,0.231,Low,0
32.7,32.7,12.2,0.0,13,66.4,1,7,1.0,Critical,1
33.1,44.6,19.8,0.0,22,44.1,0,6,0.888,Critical,1
28.8,53.8,11.5,0.0,15,59.4,0,7,0.498,Medium,1
26.9,86.8,10.1,38.0,4,86.0,1,10,0.007,Low,0
27.1,62.5,8.1,1.9,9,73.6,0,11,0.141,Low,0
24.9,86.6,10.4,0.9,23,37.4,1,2,0.523,Medium,0
30.4,78.3,21.1,24.2,3,90.2,0,2,0.274,Low,0
30.0,68.4,10.8,0.0,16,57.5,0,9,0.63,High,1
26.2,85.6,7.9,2.7,1,93.1,0,5,0.155,Low,0
33.9,56.0,12.9,2.5,3,91.9,0,9,0.544,Medium,1
27.6,90.0,15.5,8.2,4,86.3,1,2,0.053,Low,1
24.6,80.5,9.7,10.7,4,84.8,0,12,0.081,Low,0
33.4,56.4,15.4,0.0,5,86.7,0,7,0.566,High,0
27.7,71.7,1.8,0.7,11,68.8,0,8,0.249,Low,0
30.0,62.7,18.4,1.7,22,42.5,0,12,0.677,High,1
26.6,77.3,1.1,6.2,1,93.3,1,12,0.005,Low,0
33.8,51.9,4.5,0.0,7,81.9,1,7,1.0,Critical,1
27.3,76.1,3.5,8.6,4,86.2,1,3,0.012,Low,0
28.7,71.9,21.5,16.8,0,95.0,1,3,0.342,Low,0
27.8,73.7,8.3,9.1,1,93.9,0,11,0.0,Low,0
31.6,57.9,9.4,1.1,17,55.8,0,9,0.522,Medium,0
30.2,40.0,6.4,0.0,9,75.1,0,9,0.658,High,0
33.1,57.4,16.8,0.2,8,79.1,0,9,0.686,High,0
33.1,49.2,9.6,0.8,14,64.0,1,8,0.95,Critical,1
35.5,36.4,9.4,0.0,20,50.2,0,6,0.907,Critical,1
32.4,60.0,19.3,0.0,13,66.2,0,9,0.661,High,1
34.2,42.6,10.8,0.0,6,84.6,0,9,0.655,High,0
26.8,91.8,6.5,63.2,2,90.9,0,1,0.041,Low,0
31.3,67.8,7.0,8.2,3,90.6,0,5,0.288,Low,0
25.8,75.2,6.2,12.2,3,87.9,0,5,0.0,Low,0
27.7,75.7,23.1,6.2,3,88.8,1,1,0.214,Low,0
24.5,81.7,8.7,6.5,0,94.7,1,5,0.068,Low,0
28.1,76.8,11.5,19.7,2,91.5,1,4,0.214,Low,0
31.0,69.4,8.0,0.0,22,43.0,0,6,0.578,High,1
28.8,56.8,8.8,0.3,17,54.4,1,6,0.737,High,1
25.3,78.4,9.6,4.4,0,95.0,0,1,0.085,Low,0
24.6,67.6,7.7,2.2,3,87.3,1,11,0.226,Low,0
28.6,85.8,12.6,1.9,21,44.3,0,3,0.309,Low,0
31.4,37.7,18.6,0.0,12,68.2,0,7,0.9,Critical,1
26.3,62.6,25.4,10.1,1,93.1,1,8,0.27,Low,0
29.6,88.4,4.5,4.7,0,95.0,0,10,0.12,Low,0
27.1,67.2,2.5,4.8,4,86.0,0,3,0.107,Low,0
30.8,74.8,2.9,3.5,0,95.0,1,1,0.382,Medium,0
25.7,91.8,6.0,16.2,4,85.4,1,11,0.015,Low,0
25.3,71.8,7.8,20.8,0,95.0,0,1,0.007,Low,0
28.3,83.6,9.8,3.3,3,89.1,0,10,0.056,Low,0
31.0,78.2,27.5,0.4,14,63.0,0,2,0.559,High,0
27.0,81.0,7.9,91.3,4,86.0,1,10,0.051,Low,0
28.0,68.9,2.2,9.7,1,94.0,1,11,0.124,Low,0
25.8,76.3,11.2,13.2,2,90.4,1,2,0.0,Low,0
26.6,74.0,8.3,13.9,2,90.8,1,1,0.0,Low,0
27.3,69.8,5.9,15.3,4,86.2,0,1,0.156,Low,0
25.5,71.5,4.9,15.5,4,85.2,0,5,0.0,Low,0
26.7,67.8,8.0,2.1,1,93.4,0,12,0.09,Low,0
27.9,62.9,4.5,0.0,22,41.5,1,8,0.583,High,1
24.5,56.6,12.9,36.6,3,87.2,0,10,0.036,Low,1
27.1,70.1,2.6,49.2,0,95.0,1,11,0.038,Low,0
31.9,25.0,3.9,0.0,6,83.4,0,9,0.752,Critical,0
24.0,83.1,1.1,2.7,2,89.5,0,1,0.088,Low,0
24.0,78.6,25.3,18.5,2,89.5,0,10,0.058,Low,0
28.8,82.7,11.1,0.8,20,46.9,0,11,0.392,Medium,0
29.2,83.7,18.3,3.8,0,95.0,0,2,0.187,Low,0
25.7,38.9,3.7,0.0,18,50.4,0,6,0.624,High,1
26.3,89.2,10.8,8.2,1,93.2,0,2,0.006,Low,0
34.5,41.1,9.1,0.0,6,84.7,1,9,1.0,Critical,1
25.2,73.6,14.2,2.3,0,95.0,0,2,0.189,Low,1
36.5,61.1,12.0,0.0,22,45.7,0,9,0.65,High,1
31.0,63.1,17.1,0.2,21,45.5,1,8,0.943,Critical,1
25.1,76.9,10.8,7.1,4,85.0,1,11,0.019,Low,0
24.0,70.6,1.7,0.7,16,54.5,1,2,0.61,High,1
29.4,25.0,4.0,0.0,9,74.7,1,7,0.911,Critical,1
29.7,64.6,5.0,0.0,11,69.9,0,6,0.442,Medium,0
29.0,83.2,7.8,18.2,0,95.0,1,2,0.137,Low,0
29.8,56.2,6.5,0.5,17,54.9,1,6,0.834,Critical,1
33.4,64.1,3.1,0.0,24,39.2,1,9,0.987,Critical,1
29.3,55.5,12.9,0.0,15,59.6,1,9,0.712,High,1
26.4,67.9,7.9,4.7,2,90.7,0,1,0.082,Low,0
27.5,74.5,7.3,7.2,0,95.0,1,3,0.113,Low,0
27.4,64.3,2.5,30.5,0,95.0,0,5,0.1,Low,0
27.4,73.5,0.8,1.7,7,78.7,1,3,0.168,Low,0
29.4,49.8,11.2,1.8,23,39.7,0,8,0.535,Medium,0
30.3,40.2,12.4,0.0,11,70.1,1,9,1.0,Critical,1
31.1,49.5,10.5,0.1,8,78.0,1,7,0.896,Critical,0
24.0,76.2,3.8,0.4,13,62.0,0,4,0.31,Low,0
25.6,57.6,4.0,14.8,1,92.8,1,11,0.008,Low,0
25.6,65.8,3.3,8.6,1,92.8,0,10,0.051,Low,0
24.4,78.2,14.8,14.4,1,92.2,1,10,0.082,Low,0
27.2,76.0,7.0,3.0,3,88.6,1,2,0.211,Low,0
28.3,67.4,3.4,53.6,3,89.1,1,11,0.268,Low,0
24.0,80.1,25.8,14.6,4,84.5,1,4,0.126,Low,0
28.2,78.0,16.1,6.9,2,91.6,0,2,0.146,Low,0
28.0,39.3,25.2,1.3,14,61.5,0,7,0.536,Medium,1
27.2,72.3,14.1,14.6,4,86.1,1,10,0.115,Low,0
26.2,74.4,13.2,17.2,3,88.1,1,11,0.168,Low,0
33.0,53.7,1.2,0.0,22,44.0,0,7,0.604,High,1
26.0,73.9,6.1,6.2,0,95.0,0,2,0.051,Low,0
34.5,56.4,4.6,0.3,9,77.2,0,7,0.595,High,0
24.3,75.5,32.7,15.2,3,87.1,0,11,0.102,Low,0
33.7,51.3,8.9,0.0,5,86.8,0,9,0.655,High,1
27.2,66.2,3.4,5.5,1,93.6,0,4,0.112,Low,0
28.6,48.1,10.4,0.0,6,81.8,1,7,0.713,High,1
28.0,76.1,11.7,28.0,4,86.5,1,5,0.044,Low,0
31.6,45.3,9.8,1.4,19,50.8,1,7,0.866,Critical,1
29.4,44.6,15.4,0.4,8,77.2,1,9,0.694,High,0
29.7,77.2,17.4,0.3,20,47.3,0,12,0.361,Medium,1
27.1,54.2,5.9,0.0,7,78.5,0,8,0.423,Medium,1
25.0,77.0,9.4,22.2,3,87.5,1,12,0.0,Low,1
28.8,25.0,7.9,0.0,12,66.9,1,9,0.958,Critical,1
30.5,57.9,20.4,2.3,0,95.0,1,9,0.631,High,0
24.0,88.1,4.0,6.2,1,92.0,0,10,0.015,Low,0
25.6,88.5,22.0,5.1,1,92.8,0,2,0.136,Low,0
32.0,33.4,5.3,1.2,23,41.0,0,8,0.613,High,1
24.7,75.5,7.1,2.9,1,92.4,1,1,0.115,Low,0
29.3,85.8,7.4,5.5,3,89.6,0,12,0.181,Low,0
25.3,66.3,5.0,16.7,4,85.2,0,5,0.023,Low,0
28.2,81.2,3.9,17.4,0,95.0,0,4,0.022,Low,0
28.5,69.3,9.9,0.0,19,49.2,1,3,0.735,High,1
30.0,43.9,2.0,0.0,16,57.5,0,8,0.56,High,0
27.4,80.1,19.4,5.5,2,91.2,0,3,0.062,Low,1
27.0,77.4,3.9,6.2,3,88.5,1,5,0.094,Low,0
24.0,94.9,16.2,33.5,1,92.0,0,11,0.099,Low,0
25.5,86.8,7.2,9.7,1,92.8,1,1,0.019,Low,0
25.7,76.2,10.7,49.9,2,90.3,0,11,0.0,Low,0
30.7,35.3,9.0,0.0,11,70.4,1,8,1.0,Critical,1
25.9,80.7,2.9,54.7,4,85.4,0,10,0.005,Low,0
27.3,64.5,17.3,3.0,3,88.6,0,10,0.145,Low,0
29.8,46.9,3.9,0.0,8,77.4,1,6,0.779,Critical,1
30.2,73.5,3.7,4.3,0,95.0,1,3,0.422,Medium,0
37.8,60.9,1.1,0.0,24,41.4,0,9,0.771,Critical,1
33.3,62.4,10.9,0.0,21,46.7,0,7,0.689,High,0
27.1,68.7,0.6,2.6,3,88.5,0,1,0.107,Low,0
28.1,76.0,3.7,1.5,24,36.5,0,4,0.357,Medium,1
26.3,72.3,5.3,5.1,2,90.7,0,10,0.12,Low,0
33.1,49.1,3.1,0.0,11,71.6,0,6,0.702,High,0
26.6,79.6,4.0,0.5,23,38.3,0,12,0.401,Medium,0
27.6,77.3,16.7,4.0,4,86.3,1,4,0.134,Low,0
34.9,56.7,14.3,0.0,22,44.9,0,7,0.75,Critical,1
33.6,49.1,7.0,2.8,2,94.3,1,7,0.872,Critical,1
36.3,43.9,13.2,0.1,19,53.2,0,6,0.828,Critical,1
27.6,84.2,3.9,28.7,1,93.8,0,1,0.021,Low,0
32.6,53.3,9.3,4.9,3,91.3,1,9,0.497,Medium,0
30.3,49.7,1.7,0.1,5,85.1,0,7,0.535,Medium,1
31.8,73.7,1.7,0.0,14,63.4,1,6,0.719,High,1
27.4,79.1,3.9,2.8,2,91.2,0,11,0.097,Low,0
32.1,40.8,14.8,0.0,19,51.1,1,6,1.0,Critical,1
29.6,56.3,4.9,0.0,13,64.8,0,9,0.464,Medium,0
24.5,76.3,8.5,12.9,4,84.8,0,3,0.0,Low,0
25.1,76.9,19.2,4.0,0,95.0,0,1,0.185,Low,0
34.1,47.1,15.6,0.0,5,87.0,1,9,1.0,Critical,1
27.1,90.2,37.0,13.4,2,91.1,0,10,0.061,Low,0
28.2,76.4,2.3,21.9,3,89.1,0,4,0.069,Low,0
26.7,83.7,16.6,2.4,1,93.3,0,10,0.157,Low,0
27.8,83.8,20.1,0.5,18,51.4,0,12,0.471,Medium,1
27.6,73.7,19.5,37.1,0,95.0,0,1,0.081,Low,1
28.8,65.6,12.9,22.7,0,95.0,1,4,0.177,Low,0
36.5,42.0,9.6,1.1,17,58.3,0,6,0.652,High,1
32.7,42.5,26.6,0.0,18,53.8,1,8,1.0,Critical,1
25.4,91.6,7.7,17.3,1,92.7,1,10,0.008,Low,0
29.5,84.6,4.9,11.4,1,94.8,0,2,0.089,Low,0
27.0,71.4,6.8,9.2,2,91.0,0,10,0.0,Low,0
29.3,68.7,19.0,0.1,13,64.7,1,2,0.808,Critical,1
32.4,30.6,2.9,0.8,15,61.2,0,9,0.78,Critical,1
27.8,78.5,4.9,27.4,2,91.4,1,1,0.037,Low,0
26.5,82.9,21.9,1.2,18,50.8,1,1,0.412,Medium,0
25.1,75.1,12.6,9.6,4,85.1,0,3,0.128,Low,0
27.1,73.8,10.8,6.7,0,95.0,1,3,0.091,Low,0
24.0,84.3,11.3,9.3,1,92.0,0,5,0.0,Low,0
24.2,75.2,9.8,37.6,4,84.6,1,10,0.0,Low,0
30.9,59.9,19.0,1.0,7,80.5,0,6,0.41,Medium,1
27.0,90.6,6.8,42.5,3,88.5,0,10,0.022,Low,0
28.9,38.2,8.5,0.0,12,67.0,1,9,0.953,Critical,1
28.8,82.9,3.0,7.4,1,94.4,0,1,0.201,Low,0
26.8,80.8,4.5,2.6,4,85.9,0,4,0.121,Low,0
24.0,81.8,4.0,3.6,4,84.5,0,1,0.054,Low,0
28.2,80.4,6.4,8.2,0,95.0,1,11,0.199,Low,0
28.2,75.0,3.6,25.6,4,86.6,0,12,0.085,Low,0
24.7,79.9,6.8,24.6,3,87.3,1,12,0.092,Low,0
25.0,79.5,20.4,19.5,2,90.0,0,5,0.0,Low,0
34.6,58.4,8.1,4.5,4,89.8,0,6,0.451,Medium,0
30.7,44.5,13.1,3.8,0,95.0,0,9,0.482,Medium,0
32.4,58.5,7.8,0.0,19,51.2,0,9,0.602,High,1
32.5,52.5,8.5,2.0,24,38.8,1,8,0.988,Critical,1
31.5,30.9,8.3,0.0,12,68.3,0,6,0.707,High,0
31.7,60.0,0.8,0.0,7,80.8,0,6,0.56,High,1
25.7,81.4,6.3,24.6,0,95.0,1,2,0.085,Low,0
25.0,83.1,2.3,10.7,2,90.0,0,3,0.097,Low,0
30.7,45.8,1.4,2.5,4,87.9,1,8,0.699,High,1
33.4,50.1,1.8,4.9,0,95.0,1,6,0.822,Critical,1
27.6,74.0,4.1,53.0,4,86.3,0,5,0.0,Low,0
34.5,80.3,6.5,0.0,14,64.7,0,8,0.589,High,1
27.0,79.8,9.1,13.8,1,93.5,1,11,0.033,Low,0
29.6,79.1,9.1,9.5,3,89.8,0,5,0.117,Low,0
26.8,66.1,6.7,2.1,2,90.9,0,2,0.176,Low,0
31.0,38.8,9.0,0.0,15,60.5,0,9,0.745,High,1
34.9,75.5,8.5,2.4,3,92.4,0,8,0.464,Medium,0
31.3,56.5,3.7,0.0,23,40.6,1,9,0.867,Critical,1
26.1,90.8,15.1,51.8,0,95.0,1,5,0.066,Low,0
25.9,82.0,6.5,5.3,0,95.0,1,1,0.15,Low,0
28.3,61.0,5.0,3.2,1,94.1,0,11,0.241,Low,0
30.6,43.0,10.4,2.7,2,92.8,1,6,0.659,High,1
24.2,67.1,8.0,33.3,2,89.6,0,1,0.11,Low,0
28.0,64.4,16.7,12.2,1,94.0,0,10,0.27,Low,0
34.5,38.7,9.3,0.0,17,57.2,1,7,0.94,Critical,1
25.6,84.1,1.4,4.3,1,92.8,0,5,0.037,Low,0
28.8,83.4,8.7,16.9,2,91.9,1,4,0.234,Low,0
26.3,73.4,14.4,48.9,3,88.2,0,3,0.037,Low,0
26.3,85.3,2.8,18.5,3,88.2,0,12,0.0,Low,0
27.2,81.4,9.3,2.7,4,86.1,1,5,0.195,Low,0
27.4,75.0,12.8,13.4,0,95.0,1,12,0.063,Low,0
31.1,51.1,14.9,0.0,19,50.5,0,6,0.683,High,1
27.7,86.1,29.5,36.5,2,91.3,0,2,0.05,Low,0
27.1,72.3,15.3,3.8,2,91.1,0,5,0.132,Low,0
27.1,79.1,30.1,17.5,1,93.5,0,3,0.175,Low,0
28.6,62.9,2.2,5.2,2,91.8,0,4,0.231,Low,1
27.7,58.6,16.4,7.8,1,93.9,0,1,0.086,Low,0
25.5,72.1,10.6,0.8,19,47.7,0,10,0.441,Medium,1
26.4,68.9,6.1,2.8,4,85.7,1,1,0.197,Low,0
27.8,81.7,16.2,12.7,4,86.4,0,2,0.0,Low,1
28.9,94.4,10.4,5.6,4,86.9,1,2,0.086,Low,0
24.0,83.6,4.6,15.3,0,94.5,1,3,0.0,Low,0
35.0,38.4,12.1,0.0,5,87.5,0,6,0.827,Critical,0
28.2,83.3,7.0,0.1,15,59.1,1,1,0.506,Medium,0
28.4,77.5,18.6,4.0,2,91.7,0,5,0.295,Low,0
24.1,77.3,26.5,38.9,4,84.5,0,5,0.069,Low,0
29.8,69.6,5.5,6.6,1,94.9,0,1,0.171,Low,0
24.3,85.9,5.8,8.3,1,92.2,1,11,0.0,Low,0
28.4,46.9,7.3,0.0,23,39.2,1,7,0.841,Critical,1
27.1,74.6,13.8,8.2,4,86.0,0,2,0.009,Low,0
30.3,88.0,7.2,17.1,3,90.1,0,2,0.209,Low,0
30.9,57.3,7.0,1.5,19,50.5,0,8,0.459,Medium,0
29.8,79.6,4.2,34.3,3,89.9,0,5,0.071,Low,0
29.6,65.0,7.0,24.3,1,94.8,0,12,0.236,Low,0
29.2,75.2,4.7,52.6,3,89.6,0,1,0.057,Low,0
29.3,62.3,2.6,16.2,2,92.1,0,12,0.114,Low,0
29.0,90.3,14.5,18.7,4,87.0,1,5,0.209,Low,0
26.1,85.7,7.5,100.0,0,95.0,0,4,0.057,Low,0
26.7,84.1,3.7,12.5,0,95.0,0,1,0.0,Low,1
26.3,83.5,6.0,4.9,3,88.2,1,10,0.091,Low,0
27.5,90.1,21.6,2.4,4,86.2,0,1,0.181,Low,0
26.2,78.1,3.0,7.5,2,90.6,0,12,0.053,Low,0
33.5,53.3,4.3,0.0,22,44.3,0,9,0.721,High,0
29.1,65.9,6.5,19.8,3,89.5,1,1,0.249,Low,0
25.5,73.5,23.8,53.9,1,92.8,0,4,0.029,Low,1
25.4,81.5,0.6,16.8,4,85.2,0,10,0.006,Low,0
27.1,73.3,5.9,8.7,3,88.5,0,12,0.001,Low,0
29.9,61.3,6.4,13.2,0,95.0,0,1,0.132,Low,0
28.1,57.4,4.9,0.0,7,79.0,0,8,0.402,Medium,1
25.5,81.6,8.5,11.9,4,85.2,0,4,0.045,Low,0
28.7,54.9,8.3,0.0,17,54.3,1,9,0.864,Critical,1
30.5,60.7,5.6,6.2,4,87.8,1,3,0.496,Medium,0
30.2,61.9,1.9,0.0,20,47.6,0,7,0.655,High,1
28.9,91.7,6.0,11.6,0,95.0,0,12,0.072,Low,0
25.1,87.5,2.2,39.4,1,92.6,0,11,0.0,Low,0
30.0,75.5,10.6,21.5,4,87.5,0,5,0.123,Low,0
25.0,82.2,8.1,12.2,3,87.5,0,2,0.0,Low,0
31.2,79.9,16.1,8.3,4,88.1,1,10,0.346,Low,0
31.0,73.4,8.4,4.5,3,90.5,1,3,0.333,Low,0
24.8,79.0,11.7,1.6,11,67.4,0,3,0.13,Low,0
29.1,56.8,5.5,0.0,9,74.6,0,8,0.397,Medium,0
29.2,90.5,6.5,21.1,0,95.0,1,12,0.112,Low,0
27.3,90.1,11.8,8.0,2,91.1,0,12,0.045,Low,1
29.6,76.3,3.0,12.5,1,94.8,0,2,0.156,Low,0
32.5,65.6,4.4,2.1,0,95.0,1,8,0.599,High,0
27.9,81.5,7.9,5.7,2,91.5,1,3,0.08,Low,0
28.3,69.6,6.8,17.1,1,94.2,1,2,0.243,Low,0
28.5,78.0,14.6,2.7,3,89.3,0,5,0.205,Low,0
30.1,51.5,12.9,4.0,0,95.0,0,9,0.419,Medium,1
26.2,83.2,7.7,1.4,21,43.1,1,10,0.421,Medium,0
27.4,67.5,40.2,23.6,4,86.2,1,5,0.332,Low,0
29.8,76.1,5.2,9.3,0,95.0,0,10,0.078,Low,0
25.2,78.8,7.3,6.6,1,92.6,0,3,0.072,Low,0
27.0,72.2,8.8,95.3,4,86.0,0,11,0.013,Low,0
32.8,57.1,8.6,0.0,10,73.9,1,6,0.787,Critical,0
29.8,71.6,4.6,3.9,4,87.4,1,2,0.22,Low,0
24.0,91.4,4.6,20.2,4,84.5,1,11,0.004,Low,0
28.3,56.9,4.6,0.0,12,66.6,1,8,0.772,Critical,1
28.1,86.7,10.7,12.6,1,94.0,0,5,0.092,Low,0
25.6,76.1,9.0,22.5,3,87.8,0,1,0.021,Low,0
28.3,67.0,9.0,8.1,1,94.1,0,5,0.156,Low,1
24.8,78.6,11.5,4.8,1,92.4,0,2,0.0,Low,0
24.0,66.9,26.9,17.6,1,92.0,0,12,0.239,Low,0
32.3,67.3,2.5,0.0,8,78.7,1,8,0.733,High,1
24.9,69.8,8.4,16.9,1,92.5,0,11,0.037,Low,0
34.4,48.5,2.4,0.0,17,57.2,1,7,1.0,Critical,1
27.5,81.4,5.4,12.7,3,88.7,0,10,0.0,Low,0
26.6,89.6,0.9,17.5,3,88.3,0,11,0.0,Low,0
34.4,53.0,13.7,11.9,1,95.0,0,7,0.525,Medium,0
34.1,65.5,9.1,0.0,24,39.5,0,8,0.59,High,1
33.3,56.1,14.7,7.9,0,95.0,0,6,0.439,Medium,1
24.0,72.4,13.8,31.5,2,89.5,1,5,0.07,Low,1
34.7,36.4,12.5,0.0,19,52.4,0,8,0.836,Critical,1
28.6,72.1,8.4,7.1,1,94.3,0,2,0.114,Low,0
30.4,71.1,21.7,1.2,7,80.2,1,1,0.55,Medium,0
32.5,25.0,9.1,0.0,6,83.7,0,8,0.676,High,0
26.6,84.7,7.6,19.7,4,85.8,1,2,0.065,Low,0
27.5,81.1,15.2,10.0,2,91.3,1,10,0.033,Low,0
29.1,95.0,3.9,0.2,22,42.1,0,1,0.458,Medium,0
25.3,81.3,10.0,43.1,2,90.2,1,4,0.029,Low,0
27.4,82.3,3.5,100.0,0,95.0,0,2,0.068,Low,0
26.1,68.4,8.9,1.8,15,58.1,1,1,0.479,Medium,0
24.8,72.7,12.8,11.8,0,94.9,1,2,0.0,Low,0
32.8,41.7,0.4,0.3,6,83.9,0,7,0.711,High,1
31.9,71.1,12.9,4.2,3,90.9,1,10,0.513,Medium,1
25.7,68.7,21.2,3.2,3,87.9,1,4,0.297,Low,0
27.9,78.5,5.0,14.5,3,89.0,0,3,0.0,Low,0
28.4,84.4,12.9,9.7,2,91.7,1,5,0.153,Low,0
25.7,88.2,7.1,1.9,11,67.9,1,12,0.273,Low,0
27.1,78.6,12.8,20.6,3,88.6,1,1,0.016,Low,0
30.1,44.4,13.1,0.0,8,77.6,1,6,0.934,Critical,1
31.6,30.0,14.1,0.0,10,73.3,1,9,1.0,Critical,1
27.7,71.2,21.3,16.1,1,93.9,0,10,0.109,Low,0
32.0,51.9,17.2,0.0,11,71.0,1,9,1.0,Critical,0
29.2,92.9,7.5,26.4,1,94.6,1,4,0.213,Low,0
29.4,85.2,8.1,32.3,2,92.2,0,4,0.132,Low,0
25.7,82.2,3.1,20.3,1,92.9,0,11,0.037,Low,0
31.6,34.3,0.5,0.0,8,78.3,1,7,1.0,Critical,1
27.8,87.7,5.6,5.8,0,95.0,1,2,0.102,Low,0
28.0,68.2,24.8,9.5,0,95.0,1,12,0.143,Low,0
31.3,60.5,8.7,0.0,5,85.7,1,9,0.671,High,0
28.9,67.9,4.4,1.7,12,66.9,0,11,0.349,Low,0
31.0,88.3,8.8,0.6,12,68.0,0,4,0.524,Medium,0
38.0,38.5,2.9,0.0,16,61.5,0,7,0.97,Critical,0
31.7,77.1,11.0,0.0,24,38.4,0,9,0.585,High,1
25.6,83.0,9.9,11.0,2,90.3,0,5,0.07,Low,0
25.1,71.7,12.9,17.8,0,95.0,0,1,0.013,Low,0
31.2,59.3,4.5,0.0,10,73.1,0,6,0.522,Medium,1
32.6,61.2,2.7,0.0,9,76.3,1,9,0.816,Critical,1
24.0,77.4,17.4,10.2,2,89.5,1,10,0.111,Low,0
24.0,83.4,15.6,5.6,1,92.0,0,4,0.075,Low,0
32.3,76.6,3.1,5.2,3,91.2,1,1,0.34,Low,0
26.1,79.7,14.5,17.1,3,88.1,1,3,0.0,Low,0
30.9,51.1,10.0,0.0,6,83.0,0,9,0.545,Medium,0
29.9,42.7,17.1,0.0,15,60.0,1,7,0.909,Critical,1
26.6,83.1,1.2,3.9,1,93.3,0,12,0.017,Low,0
32.5,58.2,16.3,2.3,0,95.0,0,9,0.454,Medium,0
34.2,45.1,9.3,0.0,21,47.1,0,7,0.807,Critical,1
28.9,77.5,10.1,8.7,3,89.4,0,12,0.069,Low,1
38.0,57.2,6.8,0.1,8,81.5,1,6,1.0,Critical,1
25.8,85.7,24.6,11.4,3,87.9,1,2,0.043,Low,0
27.0,60.7,12.1,0.0,15,58.5,0,7,0.393,Medium,0
31.8,59.9,11.2,0.0,12,68.4,0,8,0.548,Medium,0
30.3,58.5,3.8,0.0,19,50.2,1,8,0.865,Critical,1
27.9,91.3,11.6,14.6,3,89.0,0,1,0.0,Low,0
30.5,66.7,19.6,0.0,16,57.8,1,7,0.926,Critical,1
24.0,95.0,4.9,9.3,0,94.5,0,3,0.0,Low,0
25.4,75.6,3.4,8.2,4,85.2,1,11,0.0,Low,0
24.0,89.8,36.2,7.6,2,89.5,1,5,0.37,Medium,1
27.7,77.2,3.3,7.0,2,91.3,1,3,0.095,Low,0
24.3,83.4,3.4,5.0,1,92.1,0,10,0.026,Low,0
29.1,43.8,18.0,0.0,20,47.1,0,6,0.587,High,1
35.6,49.7,6.7,0.0,8,80.3,1,6,1.0,Critical,1
31.5,41.8,1.3,0.0,13,65.7,0,9,0.645,High,0
33.1,59.6,9.7,2.7,1,95.0,0,6,0.343,Low,1
27.7,78.4,8.9,2.6,0,95.0,1,5,0.17,Low,0
28.8,90.9,5.7,25.0,1,94.4,1,10,0.157,Low,0
28.8,88.3,6.7,8.6,4,86.9,0,4,0.112,Low,0
27.5,77.4,14.4,0.5,7,78.8,0,11,0.288,Low,0
34.1,55.5,10.0,0.2,20,49.5,1,6,0.96,Critical,1
29.0,79.3,8.5,1.3,10,72.0,1,10,0.42,Medium,1
28.3,58.7,7.3,10.5,3,89.1,0,11,0.159,Low,0
31.1,55.7,14.9,1.7,14,63.0,0,6,0.428,Medium,0
29.9,78.0,19.1,11.0,4,87.4,1,2,0.271,Low,0
28.8,76.0,6.7,0.6,24,36.9,0,1,0.487,Medium,0
24.4,80.5,15.1,5.9,1,92.2,0,3,0.044,Low,0
25.7,84.8,13.6,2.9,0,95.0,1,1,0.197,Low,0
29.4,75.3,4.5,17.6,1,94.7,0,3,0.142,Low,0
24.4,69.6,8.7,4.5,4,84.7,0,12,0.093,Low,0
25.2,74.4,3.7,4.1,3,87.6,0,10,0.06,Low,0
26.2,68.0,12.2,26.2,3,88.1,0,1,0.056,Low,0
29.3,73.6,7.7,11.3,0,95.0,0,4,0.159,Low,0
27.2,85.1,1.8,16.2,4,86.1,0,5,0.0,Low,0
33.2,47.2,17.2,0.9,21,46.6,1,7,1.0,Critical,0
25.8,83.3,10.8,2.4,3,87.9,1,12,0.175,Low,0
25.8,78.0,7.1,1.4,23,37.9,1,1,0.332,Low,0
31.3,47.8,16.6,0.9,9,75.7,0,6,0.695,High,1
24.0,88.2,3.5,3.0,4,84.5,0,5,0.09,Low,0
26.5,68.5,9.3,8.8,4,85.8,1,1,0.112,Low,0
34.5,56.8,5.6,0.9,17,57.2,0,7,0.669,High,1
29.0,74.9,8.6,4.7,4,87.0,0,12,0.15,Low,0
28.4,75.4,5.1,4.0,2,91.7,0,4,0.14,Low,0
26.6,73.3,9.4,5.4,2,90.8,1,11,0.077,Low,0
27.3,78.4,4.3,5.6,1,93.6,0,3,0.009,Low,1
28.1,85.8,8.8,1.6,10,71.5,0,5,0.208,Low,0
25.7,92.9,16.7,5.7,3,87.8,1,12,0.133,Low,0
27.4,74.1,2.5,10.9,3,88.7,0,10,0.042,Low,0
27.4,79.2,8.8,54.2,3,88.7,1,3,0.0,Low,0
28.8,52.9,8.2,0.4,15,59.4,0,7,0.601,High,0
34.0,42.0,12.3,0.0,15,62.0,0,7,0.743,High,0
24.4,66.9,7.3,42.1,2,89.7,1,12,0.137,Low,0
26.3,86.5,7.8,9.0,3,88.2,0,10,0.021,Low,0
25.4,82.0,21.3,2.2,4,85.2,0,12,0.193,Low,0
34.1,56.1,9.8,3.4,0,95.0,1,6,0.632,High,0
26.4,86.2,10.1,14.4,1,93.2,0,3,0.0,Low,0
27.6,75.8,14.5,8.0,4,86.3,0,12,0.128,Low,1
29.1,29.7,5.1,0.1,14,62.1,1,6,0.997,Critical,1
34.9,44.6,9.5,5.8,0,95.0,0,7,0.541,Medium,1
34.7,57.7,17.4,0.0,6,84.9,0,8,0.641,High,1
25.3,82.0,15.7,10.6,2,90.1,1,5,0.071,Low,0
26.6,87.9,5.4,3.3,1,93.3,0,4,0.019,Low,0
34.1,47.0,10.9,0.0,24,39.6,0,8,0.734,High,1
26.2,79.5,14.8,0.9,13,63.1,0,11,0.322,Low,0
28.8,74.1,5.1,28.2,2,91.9,0,11,0.063,Low,0
27.3,83.1,5.3,41.7,0,95.0,0,1,0.0,Low,0
31.4,58.9,8.6,0.0,18,53.2,0,6,0.689,High,1
26.7,81.7,11.6,10.4,2,90.8,1,12,0.093,Low,1
30.3,49.7,21.3,0.0,17,55.2,1,7,0.956,Critical,0
24.3,88.9,0.4,6.8,4,84.7,0,1,0.0,Low,0
29.8,56.6,16.7,0.0,11,69.9,0,6,0.401,Medium,0
25.6,84.3,13.8,15.3,2,90.3,0,1,0.0,Low,1
29.1,75.8,28.1,36.8,0,95.0,0,5,0.245,Low,0
25.2,88.1,1.5,5.7,4,85.1,0,3,0.0,Low,0
28.6,65.7,16.6,22.7,3,89.3,1,11,0.235,Low,0
27.0,88.4,8.2,13.1,3,88.5,1,10,0.0,Low,0
27.0,95.0,3.9,19.3,1,93.5,0,10,0.109,Low,0
30.5,95.0,10.0,6.0,3,90.3,1,12,0.408,Medium,0
25.3,83.6,4.0,3.9,1,92.7,1,2,0.057,Low,0
25.9,95.0,24.2,2.0,17,52.9,1,3,0.502,Medium,1
29.5,64.7,7.1,0.0,11,69.8,1,7,0.684,High,1
28.1,74.1,3.9,10.4,3,89.0,0,2,0.211,Low,0
28.1,85.3,2.1,9.5,3,89.1,0,10,0.149,Low,0
33.7,41.2,0.5,0.3,18,54.4,1,6,1.0,Critical,1
26.6,83.2,6.4,35.6,1,93.3,0,11,0.0,Low,0
25.6,81.8,5.6,17.7,0,95.0,0,5,0.0,Low,0
35.5,40.5,9.2,4.8,4,90.2,1,9,0.786,Critical,1
27.1,79.3,7.0,25.2,2,91.1,0,1,0.068,Low,1
30.1,85.9,8.0,9.6,4,87.6,0,2,0.226,Low,0
24.0,78.1,17.6,13.7,2,89.5,0,12,0.036,Low,0
24.6,80.6,12.4,10.0,4,84.8,1,5,0.104,Low,1
27.2,72.6,1.6,9.8,4,86.1,0,1,0.021,Low,0
26.8,84.7,10.5,4.1,2,90.9,0,11,0.013,Low,0
26.1,80.3,25.9,2.0,7,78.0,1,12,0.41,Medium,1
35.8,52.0,9.2,0.0,11,72.9,1,6,0.962,Critical,0
27.0,86.8,6.7,44.6,0,95.0,1,1,0.016,Low,0
27.0,65.0,4.5,2.0,17,53.5,0,2,0.232,Low,0
29.8,58.4,19.2,0.0,6,82.4,1,8,0.656,High,1
29.4,45.0,10.1,4.0,3,89.7,1,6,0.431,Medium,0
31.9,72.0,5.2,0.0,24,38.4,0,8,0.59,High,1
24.9,82.4,13.6,1.4,10,70.0,1,12,0.28,Low,0
27.1,64.1,14.0,13.9,1,93.5,0,5,0.067,Low,0
24.3,76.6,1.4,4.6,3,87.1,0,3,0.0,Low,0
27.3,70.8,5.6,1.1,21,43.6,0,12,0.257,Low,0
28.7,70.9,8.7,12.3,3,89.4,0,12,0.139,Low,0
32.0,44.5,3.3,0.0,21,46.0,1,9,1.0,Critical,1
26.3,82.6,5.0,6.9,3,88.2,0,3,0.07,Low,0
37.0,33.6,5.3,0.0,22,46.0,0,9,0.97,Critical,1
30.5,55.1,9.3,0.8,13,65.3,1,8,0.776,Critical,1
25.8,70.8,3.2,1.9,22,40.4,0,12,0.253,Low,0
28.7,79.2,16.2,27.3,0,95.0,0,5,0.168,Low,0
26.1,68.7,12.9,7.4,4,85.6,0,11,0.192,Low,0
26.1,87.9,3.7,5.0,4,85.6,1,4,0.087,Low,0
28.1,82.2,7.6,4.5,1,94.0,1,10,0.195,Low,0
29.6,83.5,11.0,10.0,1,94.8,1,4,0.09,Low,0
31.2,37.7,16.6,1.7,21,45.6,1,9,1.0,Critical,1
33.2,78.3,17.7,0.0,17,56.6,0,8,0.692,High,1
25.8,88.2,4.1,25.7,0,95.0,0,5,0.0,Low,0
25.4,79.1,6.7,26.3,0,95.0,1,5,0.023,Low,0
26.7,81.8,19.9,68.1,1,93.3,0,11,0.089,Low,0
26.2,70.4,17.3,20.9,0,95.0,1,11,0.028,Low,0
35.6,55.4,1.9,0.0,13,67.8,1,7,0.92,Critical,1
31.1,55.1,4.3,0.0,16,58.1,1,9,0.903,Critical,1
28.2,65.5,2.7,18.5,3,89.1,1,10,0.244,Low,0
30.0,44.5,8.7,0.0,15,60.0,0,6,0.526,Medium,0
24.0,82.3,4.3,5.5,4,84.5,0,11,0.013,Low,1
31.0,73.8,13.1,15.1,1,95.0,1,11,0.409,Medium,0
26.2,69.5,8.8,12.7,2,90.6,1,5,0.174,Low,0
34.8,43.7,16.7,2.5,2,94.9,1,9,0.798,Critical,1
24.2,80.9,24.3,10.3,1,92.1,1,11,0.08,Low,0
27.9,84.4,13.7,19.1,1,94.0,0,12,0.07,Low,0
24.2,71.8,6.6,2.7,1,92.1,0,3,0.034,Low,0
28.5,56.4,21.1,2.6,0,95.0,0,6,0.318,Low,0
25.7,72.5,2.7,3.7,3,87.8,0,5,0.019,Low,0
24.6,91.3,20.3,13.6,3,87.3,0,12,0.0,Low,0
29.1,72.5,23.2,0.0,5,84.5,0,8,0.352,Medium,1
24.8,75.9,13.1,74.3,1,92.4,0,1,0.027,Low,0
25.6,70.1,10.0,11.5,2,90.3,0,12,0.001,Low,0
26.3,77.4,16.4,38.5,4,85.7,0,1,0.0,Low,0
30.4,77.7,17.7,39.8,4,87.7,1,1,0.394,Medium,0
26.9,70.4,16.7,8.9,4,86.0,0,5,0.055,Low,0
30.8,84.4,15.9,53.3,0,95.0,1,3,0.413,Medium,0
30.3,47.3,17.7,1.6,11,70.2,1,9,0.861,Critical,1
33.1,59.3,10.9,0.0,12,69.1,0,7,0.657,High,1
27.9,86.0,4.9,17.5,3,89.0,1,3,0.0,Low,0
28.4,69.9,5.4,1.9,18,51.7,1,3,0.622,High,0
30.7,32.1,6.7,0.0,8,77.8,0,6,0.812,Critical,1
33.7,39.3,5.9,0.0,11,71.9,0,6,0.936,Critical,0
27.6,83.8,6.8,17.0,4,86.3,1,10,0.0,Low,0
32.0,39.1,10.0,0.4,14,63.5,1,8,1.0,Critical,1
27.9,59.7,1.4,0.0,13,64.0,1,6,0.462,Medium,0
24.7,68.5,6.9,7.5,1,92.4,1,12,0.172,Low,0
24.6,57.8,9.2,19.3,3,87.3,0,4,0.01,Low,0
28.8,67.8,4.5,2.2,4,86.9,0,1,0.32,Low,0
29.6,87.7,14.1,9.8,1,94.8,0,11,0.157,Low,0
26.3,85.2,2.0,17.4,4,85.7,0,10,0.0,Low,0
28.8,38.3,24.6,1.1,13,64.4,1,8,0.955,Critical,0
24.5,80.1,11.6,46.2,3,87.3,0,2,0.0,Low,0
32.5,77.0,12.0,7.4,0,95.0,1,2,0.376,Medium,0
25.1,89.0,5.1,0.2,13,62.5,0,1,0.347,Low,0
24.6,69.3,10.9,9.8,2,89.8,0,10,0.0,Low,0
29.4,90.9,8.3,0.1,5,84.7,1,3,0.353,Medium,0
27.4,90.9,3.2,16.8,3,88.7,0,5,0.0,Low,0
29.2,61.4,6.5,3.9,0,95.0,0,2,0.142,Low,0
32.8,56.1,9.0,0.5,13,66.4,0,7,0.565,High,0
32.6,51.6,7.3,0.0,6,83.8,1,6,0.865,Critical,1
25.8,69.7,9.2,21.0,4,85.4,1,5,0.087,Low,0
25.7,69.8,9.1,21.7,1,92.8,1,12,0.057,Low,0
27.4,67.6,1.1,2.4,0,95.0,1,11,0.281,Low,0
26.9,76.8,2.8,37.6,2,90.9,0,10,0.017,Low,0
33.2,38.7,6.2,0.5,19,51.6,0,8,0.825,Critical,1
29.3,74.4,1.4,7.7,1,94.7,0,12,0.165,Low,0
35.1,49.3,14.5,3.4,2,95.0,0,6,0.444,Medium,1
29.7,75.0,6.5,1.9,15,59.8,1,8,0.492,Medium,0
24.0,80.5,7.8,13.9,3,87.0,0,5,0.0,Low,0
25.7,76.3,16.9,3.9,3,87.9,0,12,0.092,Low,0
24.5,88.1,9.6,5.1,0,94.8,1,2,0.069,Low,0
35.3,46.1,6.6,0.0,17,57.6,0,6,0.786,Critical,0
37.1,38.5,7.1,0.0,21,48.5,0,6,0.886,Critical,1
29.3,73.5,3.2,11.1,2,92.2,1,2,0.13,Low,0
28.0,93.6,1.5,22.4,1,94.0,0,10,0.0,Low,0
32.6,69.5,8.4,0.0,14,63.8,1,7,0.841,Critical,1
32.0,50.5,9.6,0.0,9,76.0,0,6,0.67,High,1
30.2,74.6,9.3,55.2,1,95.0,1,10,0.329,Low,0
25.4,85.4,15.6,22.7,0,95.0,0,5,0.0,Low,0
37.7,65.1,2.6,0.0,9,78.9,0,9,0.585,High,1
24.0,77.7,16.2,10.0,2,89.5,1,5,0.035,Low,0
30.5,81.7,14.9,6.5,2,92.7,0,2,0.274,Low,0
28.5,95.0,5.8,8.5,1,94.2,1,4,0.122,Low,1
33.0,32.8,14.9,2.7,3,91.5,0,8,0.723,High,1
35.3,50.3,16.7,0.8,18,55.2,1,9,0.913,Critical,1
27.3,90.7,5.4,14.5,2,91.1,1,5,0.0,Low,0
26.5,73.7,2.3,20.0,0,95.0,0,12,0.029,Low,0
28.0,77.3,3.8,18.0,3,89.0,0,2,0.027,Low,0
31.4,29.0,6.0,0.0,11,70.7,0,8,0.805,Critical,0
25.5,75.5,17.1,17.1,2,90.2,0,2,0.0,Low,0
29.5,82.4,5.2,16.2,1,94.8,0,5,0.065,Low,0
28.7,76.3,5.9,30.5,4,86.9,1,5,0.103,Low,1
32.5,40.0,4.0,0.0,7,81.3,0,8,0.75,Critical,1
27.4,71.8,2.9,25.7,3,88.7,1,3,0.004,Low,0
28.6,79.0,45.0,68.3,0,95.0,1,10,0.276,Low,0
32.7,44.0,10.4,0.0,12,68.8,0,9,0.7,High,0
35.6,42.3,11.8,1.9,13,67.8,1,8,1.0,Critical,1
25.8,66.7,20.8,3.5,2,90.4,0,3,0.266,Low,1
35.1,83.3,1.8,7.1,1,95.0,1,6,0.493,Medium,0
33.9,54.6,2.0,0.0,10,74.4,1,7,1.0,Critical,1
32.3,46.6,3.8,0.8,11,71.2,0,8,0.692,High,1
24.5,81.3,17.1,93.0,2,89.7,0,5,0.106,Low,0
24.0,83.4,11.8,32.1,4,84.5,0,5,0.012,Low,1
28.2,75.8,4.8,1.1,24,36.6,0,4,0.215,Low,0
36.5,53.8,8.7,0.0,10,75.8,1,9,0.972,Critical,1
24.0,74.1,15.4,6.2,3,87.0,1,12,0.267,Low,1
32.7,59.7,18.7,0.0,22,43.8,1,9,0.937,Critical,1
24.0,73.2,11.2,12.3,4,84.5,0,12,0.0,Low,0
28.3,72.4,4.1,3.9,2,91.6,0,5,0.167,Low,0
25.7,79.9,21.9,7.4,0,95.0,1,1,0.171,Low,0
28.5,67.9,11.6,25.1,3,89.2,0,11,0.178,Low,0
35.3,67.5,5.8,0.0,13,67.7,0,8,0.636,High,1
33.5,34.9,3.6,0.1,18,54.3,0,7,0.858,Critical,0
27.2,44.8,13.4,0.0,24,36.1,1,6,0.76,Critical,1
28.2,75.7,15.9,1.2,22,41.6,1,3,0.552,High,1
27.7,76.8,4.0,20.2,0,95.0,0,1,0.01,Low,0
27.0,90.6,3.3,18.9,4,86.0,0,1,0.0,Low,0
27.3,73.0,1.9,14.4,2,91.2,1,10,0.047,Low,0
24.4,82.0,22.4,0.5,15,57.2,0,5,0.432,Medium,1
26.5,90.3,7.6,47.4,3,88.2,0,1,0.0,Low,0
29.5,70.8,21.5,4.4,2,92.2,1,2,0.328,Low,0
25.9,76.5,28.8,17.3,0,95.0,0,4,0.073,Low,0
27.0,70.1,3.1,12.3,3,88.5,1,2,0.032,Low,0
27.6,46.7,6.5,0.0,9,73.8,0,8,0.391,Medium,1
26.8,60.0,17.0,0.9,11,68.4,0,5,0.436,Medium,0
29.9,44.4,5.6,0.0,19,50.0,0,8,0.535,Medium,0
33.1,36.4,21.8,0.0,16,59.1,0,7,1.0,Critical,0
25.8,84.1,21.6,11.7,3,87.9,0,12,0.151,Low,1
26.7,75.3,5.1,7.0,3,88.3,0,5,0.117,Low,0
31.3,25.0,8.4,0.0,8,78.1,1,7,0.993,Critical,1
34.2,32.9,15.0,4.7,2,94.6,0,7,0.601,High,0
29.3,67.5,5.0,9.2,0,95.0,0,5,0.101,Low,0
24.0,71.0,10.5,27.3,0,94.5,0,4,0.0,Low,0
29.8,74.7,8.7,0.4,14,62.4,0,10,0.337,Low,0
31.1,49.3,28.7,0.0,21,45.6,0,9,0.846,Critical,1
27.5,77.3,12.4,10.4,1,93.8,1,4,0.079,Low,1
30.7,72.8,5.0,0.0,10,72.8,1,8,0.699,High,1
28.2,73.3,5.9,8.8,0,95.0,1,4,0.183,Low,0
27.4,78.3,11.5,13.8,4,86.2,0,5,0.0,Low,0
38.0,25.0,15.4,0.0,8,81.5,1,6,0.999,Critical,1
25.9,74.8,10.8,7.6,2,90.5,0,1,0.062,Low,0
26.6,80.3,1.8,21.9,3,88.3,0,5,0.016,Low,0
25.3,76.3,9.3,39.2,3,87.6,0,1,0.0,Low,0
24.8,78.3,8.6,21.0,4,84.9,1,11,0.001,Low,1
28.6,56.9,8.1,6.0,2,91.8,0,6,0.277,Low,0
28.8,76.7,25.1,8.4,4,86.9,1,5,0.295,Low,0
33.4,49.1,7.8,0.0,11,71.7,0,6,0.718,High,1
28.4,71.6,2.2,51.3,4,86.7,0,4,0.051,Low,0
27.8,90.2,13.3,13.5,1,93.9,0,1,0.031,Low,0
25.2,77.7,6.5,6.2,0,95.0,1,12,0.044,Low,1
32.4,25.0,7.1,0.0,14,63.7,1,8,0.955,Critical,1
25.1,74.0,21.8,12.8,4,85.0,1,12,0.08,Low,0
36.0,78.2,7.7,0.0,23,43.0,0,6,0.664,High,1
31.7,48.7,2.5,2.6,2,93.3,1,6,0.59,High,1
33.0,67.8,2.7,0.9,6,84.0,0,8,0.585,High,1
34.8,57.5,11.6,0.0,10,74.9,0,9,0.642,High,0
28.3,82.6,9.9,12.0,2,91.6,0,3,0.089,Low,0
29.4,71.4,7.9,0.0,5,84.7,1,8,0.39,Medium,1
27.3,66.3,6.9,20.8,2,91.2,0,10,0.054,Low,0
26.8,74.0,11.6,17.5,2,90.9,0,10,0.0,Low,0
25.8,86.7,10.1,18.0,4,85.4,0,1,0.002,Low,0
27.6,76.7,5.8,0.5,9,73.8,0,4,0.319,Low,1
28.5,75.1,3.0,6.8,0,95.0,1,11,0.308,Low,0
27.5,74.0,2.4,56.7,0,95.0,0,12,0.0,Low,0
29.2,63.6,6.3,12.7,2,92.1,0,2,0.105,Low,0
28.5,72.1,3.1,3.7,2,91.7,1,2,0.138,Low,0
34.7,44.1,15.8,0.3,8,79.9,0,9,0.769,Critical,1
29.1,77.3,3.8,5.8,4,87.1,0,3,0.071,Low,0
24.8,71.2,5.1,28.4,1,92.4,0,4,0.0,Low,0
35.1,59.6,19.3,0.0,5,87.6,0,8,0.599,High,1
24.7,83.9,4.4,5.5,1,92.3,0,3,0.056,Low,0
29.9,86.2,10.7,8.2,2,92.5,0,2,0.193,Low,0
29.8,82.8,10.0,5.5,3,89.9,1,4,0.25,Low,0
31.2,84.1,16.6,5.1,1,95.0,0,3,0.221,Low,0
31.6,56.6,6.5,0.0,12,68.3,1,6,0.829,Critical,1
26.6,92.7,16.2,27.0,3,88.3,1,4,0.063,Low,1
28.7,81.4,8.3,25.4,2,91.9,1,5,0.147,Low,0
28.0,83.8,12.7,35.1,2,91.5,1,11,0.211,Low,0
24.0,78.3,15.7,9.1,0,94.5,1,10,0.01,Low,0
33.8,38.3,6.0,0.0,11,71.9,0,9,0.874,Critical,1
24.4,78.1,6.3,31.5,4,84.7,1,3,0.0,Low,0
28.9,75.6,7.2,6.0,1,94.5,0,5,0.051,Low,0
25.9,68.2,13.0,8.4,4,85.5,1,11,0.0,Low,0
25.0,82.9,7.5,37.7,1,92.5,0,10,0.041,Low,0
29.0,91.6,9.1,57.7,3,89.5,1,3,0.239,Low,0
34.3,38.9,11.6,0.1,17,57.1,0,7,0.795,Critical,1
25.3,70.5,16.3,2.9,3,87.7,1,4,0.194,Low,0
26.3,61.2,12.0,28.6,2,90.6,0,12,0.09,Low,0
28.7,80.6,5.7,15.9,0,95.0,1,5,0.101,Low,0
29.8,82.0,15.0,72.7,0,95.0,1,3,0.264,Low,0
24.0,73.5,6.7,5.0,4,84.5,0,11,0.144,Low,0
28.9,68.4,16.1,5.6,4,87.0,1,12,0.422,Medium,0
24.0,85.2,2.9,5.4,2,89.5,1,2,0.044,Low,0
27.2,91.1,5.2,4.1,1,93.6,1,11,0.099,Low,0
30.6,92.8,2.2,7.3,1,95.0,0,4,0.232,Low,0
36.4,48.6,17.1,0.0,13,68.2,1,6,0.972,Critical,0
31.9,32.6,20.0,0.0,14,63.5,0,8,0.891,Critical,1
34.8,47.1,43.0,0.0,21,47.4,1,7,0.919,Critical,1
25.0,65.8,2.1,19.9,4,85.0,1,5,0.066,Low,0
34.1,63.6,19.4,0.0,13,67.0,1,6,0.981,Critical,1
34.9,63.0,2.8,0.0,9,77.4,1,6,0.911,Critical,1
27.7,95.0,12.4,26.0,1,93.8,0,4,0.0,Low,0
24.0,78.7,17.5,3.7,2,89.5,0,3,0.087,Low,0
34.4,25.0,3.1,0.0,18,54.7,1,6,0.992,Critical,1
27.4,81.4,2.4,0.9,24,36.2,1,11,0.559,High,0
25.2,73.6,9.1,3.3,2,90.1,0,4,0.0,Low,0
25.2,78.4,11.3,18.9,1,92.6,0,4,0.068,Low,0
29.5,80.4,41.3,3.8,2,92.2,0,4,0.237,Low,0
31.0,36.0,4.5,0.3,9,75.5,1,8,0.965,Critical,1
25.1,80.8,3.6,29.8,0,95.0,0,4,0.0,Low,0
29.7,75.1,12.7,21.9,1,94.8,0,1,0.104,Low,1
35.7,39.2,12.1,3.9,4,90.4,0,8,0.681,High,0
29.5,76.7,12.2,4.9,1,94.8,0,3,0.182,Low,0
35.4,55.5,4.7,0.0,8,80.2,0,8,0.602,High,0
26.6,94.0,5.0,30.7,0,95.0,1,12,0.0,Low,0
29.1,63.2,8.9,0.0,21,44.6,0,9,0.481,Medium,0
26.8,77.8,7.7,2.8,4,85.9,1,10,0.15,Low,0
28.8,83.6,10.5,4.4,3,89.4,0,1,0.125,Low,0
28.3,76.9,11.3,0.0,22,41.7,0,7,0.484,Medium,1
26.6,77.9,17.4,0.2,8,75.8,0,12,0.193,Low,0
28.2,89.1,11.5,21.7,0,95.0,0,11,0.045,Low,0
25.5,79.7,32.2,17.3,2,90.2,0,12,0.119,Low,0
31.0,33.0,14.7,0.0,15,60.5,1,8,0.974,Critical,1
32.9,49.5,7.1,0.0,14,64.0,0,9,0.61,High,1
24.4,64.8,9.4,69.4,1,92.2,0,2,0.064,Low,0
33.0,57.2,9.6,0.0,17,56.5,0,8,0.739,High,0
32.0,63.5,20.8,0.0,14,63.5,1,7,0.936,Critical,1
25.5,94.6,3.9,28.9,0,95.0,0,11,0.0,Low,0
33.8,51.3,18.9,0.0,15,61.9,0,9,0.796,Critical,0
26.4,79.8,4.6,13.3,3,88.2,1,11,0.0,Low,0
35.3,65.6,5.1,0.0,23,42.7,0,8,0.653,High,0
31.5,28.8,16.4,0.0,15,60.8,0,8,0.711,High,1
31.7,63.5,5.1,0.0,8,78.3,0,6,0.46,Medium,0
24.7,90.6,12.3,10.2,2,89.9,0,4,0.0,Low,0
28.7,71.3,15.5,45.4,3,89.3,0,5,0.212,Low,0
31.9,52.0,0.6,6.9,0,95.0,1,8,0.654,High,0
27.8,66.2,5.1,7.8,3,88.9,0,12,0.058,Low,0
26.1,87.9,31.4,2.7,0,95.0,1,3,0.256,Low,0
28.2,89.8,1.4,1.2,19,49.1,0,5,0.281,Low,0
28.0,85.3,27.2,0.8,19,49.0,1,4,0.779,Critical,1
26.8,81.7,17.2,0.1,18,50.9,1,5,0.577,High,1
27.4,75.6,13.3,27.2,1,93.7,1,4,0.074,Low,0
27.3,88.5,4.8,14.1,0,95.0,0,3,0.0,Low,0
25.1,73.8,9.0,17.7,3,87.5,0,4,0.0,Low,0
26.9,77.2,6.5,12.5,3,88.4,0,2,0.007,Low,1
24.2,78.1,4.4,4.8,0,94.6,1,5,0.076,Low,0
28.6,82.2,9.3,21.6,4,86.8,0,4,0.154,Low,0
24.2,83.0,5.4,17.0,3,87.1,1,1,0.0,Low,0
26.1,73.5,0.1,16.7,1,93.1,0,3,0.05,Low,0
35.9,36.7,27.1,0.0,7,82.9,0,6,0.973,Critical,1
26.7,95.0,17.6,15.7,1,93.4,0,5,0.096,Low,0
35.5,55.0,14.5,0.0,16,60.2,1,7,0.973,Critical,1
25.4,71.1,6.0,21.0,4,85.2,0,2,0.0,Low,0
30.9,50.9,18.5,0.3,20,48.0,0,6,0.766,Critical,1
30.0,80.2,23.3,8.4,4,87.5,1,10,0.187,Low,1
27.4,63.0,31.1,5.7,4,86.2,1,10,0.368,Medium,0
29.4,72.6,26.4,1.2,19,49.7,1,10,0.644,High,1
29.9,45.5,21.4,8.3,0,95.0,0,8,0.482,Medium,0
28.0,95.0,10.7,11.4,1,94.0,1,1,0.154,Low,0
36.9,55.6,13.8,1.8,19,53.5,1,6,0.994,Critical,1
24.4,86.9,15.9,2.6,0,94.7,1,2,0.199,Low,1
27.2,83.0,9.0,25.0,4,86.1,1,12,0.034,Low,0
27.5,61.0,19.4,9.0,4,86.2,1,10,0.23,Low,0
33.4,41.3,7.8,0.0,23,41.7,1,6,1.0,Critical,1
26.9,79.2,9.5,37.4,1,93.4,0,5,0.0,Low,0
30.4,53.3,10.1,0.0,7,80.2,0,6,0.569,High,1
27.5,75.8,20.6,74.7,0,95.0,0,4,0.071,Low,1
26.3,83.5,8.2,4.8,4,85.7,0,2,0.003,Low,0
32.8,57.4,21.7,1.7,20,48.9,0,7,0.52,Medium,0
35.8,54.6,10.4,0.0,13,67.9,0,8,0.73,High,1
26.5,72.3,6.2,13.7,0,95.0,0,1,0.0,Low,0
33.1,50.9,19.3,0.0,6,84.1,1,9,0.99,Critical,1
34.5,36.7,3.3,2.3,1,95.0,0,7,0.62,High,0
27.1,84.3,19.9,17.5,4,86.1,0,10,0.107,Low,0
30.6,65.8,3.7,24.0,0,95.0,0,10,0.209,Low,0
28.1,77.0,6.7,13.6,1,94.1,0,12,0.13,Low,1
27.3,85.9,17.1,20.3,0,95.0,0,11,0.043,Low,0
33.4,55.0,1.8,0.0,20,49.2,1,6,1.0,Critical,1
27.5,82.2,5.7,8.7,3,88.7,0,4,0.0,Low,0
26.6,74.2,14.0,14.6,4,85.8,0,5,0.088,Low,0
26.3,71.9,18.6,5.0,2,90.7,1,3,0.161,Low,0
29.0,63.2,24.7,0.0,16,57.0,1,6,0.836,Critical,1
30.7,71.2,27.6,1.5,20,47.8,1,9,0.811,Critical,1
34.3,29.7,17.1,0.0,21,47.1,0,7,0.882,Critical,0
26.3,95.0,7.1,3.2,1,93.1,0,11,0.025,Low,0
29.1,53.4,26.3,0.0,12,67.0,0,9,0.596,High,1
33.5,59.7,9.3,0.0,23,41.7,1,8,0.939,Critical,1
31.2,34.0,7.8,0.0,18,53.1,0,7,0.802,Critical,1
27.8,72.8,19.4,2.8,2,91.4,0,12,0.196,Low,0
28.0,63.1,3.3,9.6,1,94.0,0,2,0.207,Low,0
25.7,70.0,5.5,1.6,19,47.9,1,2,0.408,Medium,0
25.0,85.9,6.8,1.3,14,60.0,0,12,0.189,Low,0
27.6,71.0,11.7,30.4,0,95.0,0,12,0.0,Low,0
29.4,68.8,12.7,20.9,4,87.2,1,11,0.298,Low,0
30.5,67.1,17.9,0.0,12,67.8,0,6,0.547,Medium,0
31.9,46.4,3.1,4.9,4,88.5,0,9,0.419,Medium,0
24.4,62.3,10.9,8.1,4,84.7,0,1,0.009,Low,0
32.3,36.0,16.2,1.9,10,73.7,0,9,0.613,High,0
28.3,71.0,4.8,40.7,0,95.0,1,1,0.12,Low,0
26.1,83.3,3.5,48.5,3,88.0,1,10,0.012,Low,0
34.0,50.0,33.3,1.5,20,49.5,0,6,0.852,Critical,0
30.0,47.8,5.2,0.0,8,77.5,0,6,0.54,Medium,0
31.4,53.0,7.7,9.5,3,90.7,1,8,0.524,Medium,0
29.4,83.8,3.3,17.1,0,95.0,0,12,0.047,Low,0
30.3,78.7,17.7,1.9,14,62.6,1,12,0.72,High,1
28.1,65.8,15.5,19.3,3,89.0,0,12,0.12,Low,0
29.9,55.8,4.8,0.0,13,65.0,0,6,0.431,Medium,0
26.8,78.3,2.6,9.0,2,90.9,0,12,0.0,Low,0
27.6,81.2,26.1,20.8,1,93.8,1,4,0.148,Low,0
28.8,81.0,4.1,37.1,2,91.9,0,3,0.117,Low,0
24.2,76.9,9.1,10.8,3,87.1,0,11,0.054,Low,0
30.2,30.1,23.7,0.0,21,45.1,1,7,0.981,Critical,1
26.9,76.3,3.0,31.9,1,93.4,1,10,0.0,Low,0
33.4,66.1,16.7,0.0,5,86.7,0,6,0.645,High,1
27.6,79.1,38.9,21.6,3,88.8,1,1,0.096,Low,0
28.3,56.4,5.0,3.6,2,91.6,0,8,0.213,Low,0
28.7,73.4,10.3,23.5,2,91.8,0,10,0.162,Low,0
26.8,67.5,5.5,6.8,4,85.9,0,5,0.105,Low,1
29.5,70.9,2.1,23.0,2,92.3,0,3,0.028,Low,0
32.1,55.3,17.3,4.3,1,95.0,0,7,0.29,Low,0
27.7,75.7,21.4,10.2,4,86.4,0,5,0.128,Low,1
26.5,83.1,7.9,1.0,10,70.8,1,2,0.377,Medium,1
30.6,84.9,3.0,4.5,4,87.8,1,4,0.365,Medium,0
26.0,77.1,16.0,53.2,1,93.0,0,5,0.015,Low,0
28.5,95.0,8.1,13.7,1,94.2,1,5,0.158,Low,0
24.0,75.4,2.0,4.8,0,94.5,0,10,0.055,Low,0
26.3,84.8,8.7,2.9,0,95.0,0,2,0.116,Low,0
30.1,64.7,8.1,0.0,12,67.5,1,9,0.809,Critical,1
27.0,83.6,5.8,23.4,3,88.5,0,1,0.0,Low,0
27.5,81.3,35.4,0.6,7,78.7,0,11,0.427,Medium,1
24.0,73.7,0.9,10.8,2,89.5,1,2,0.005,Low,0
28.9,67.7,10.5,1.7,11,69.5,1,4,0.464,Medium,0
26.7,68.6,8.6,7.2,2,90.9,0,1,0.184,Low,0
31.1,77.8,6.7,3.4,1,95.0,0,10,0.201,Low,0
30.4,89.1,6.7,7.2,3,90.2,0,4,0.254,Low,0
26.3,86.0,21.8,0.2,15,58.1,1,11,0.575,High,0
31.8,60.7,10.6,4.3,3,90.9,0,9,0.314,Low,0
28.3,75.0,11.4,41.6,2,91.6,1,2,0.164,Low,0
26.5,72.1,2.9,37.1,2,90.8,0,3,0.0,Low,0
24.0,77.3,9.6,20.4,4,84.5,1,5,0.011,Low,0
29.0,76.7,11.5,12.0,1,94.5,1,10,0.103,Low,0
31.2,78.3,6.5,9.2,0,95.0,1,3,0.308,Low,0
31.4,29.2,1.3,4.4,2,93.2,1,8,0.596,High,0
28.9,56.7,11.5,0.0,12,67.0,0,6,0.456,Medium,0
28.9,64.1,12.8,11.4,2,92.0,1,4,0.315,Low,0
33.2,64.6,4.0,6.8,0,95.0,1,6,0.623,High,1
27.5,38.7,25.1,0.0,17,53.8,0,7,0.64,High,1
33.8,57.5,6.3,1.6,16,59.4,1,9,0.918,Critical,1
24.0,81.8,4.4,30.5,2,89.5,0,3,0.0,Low,0
28.3,25.0,4.5,5.8,3,89.1,0,6,0.432,Medium,0
31.5,45.6,0.7,0.0,23,40.7,1,7,1.0,Critical,1
26.1,81.1,19.1,14.2,4,85.5,1,12,0.027,Low,0
30.4,79.3,12.6,37.4,1,95.0,0,11,0.132,Low,0
25.0,74.9,15.6,55.7,1,92.5,0,5,0.0,Low,0
26.5,94.4,5.6,0.3,12,65.8,0,4,0.203,Low,1
24.8,85.1,2.5,6.3,1,92.4,0,10,0.042,Low,1
28.4,88.3,9.8,8.1,3,89.2,0,3,0.0,Low,0
30.1,61.1,6.1,0.9,16,57.5,0,1,0.597,High,1
27.9,89.4,8.7,0.3,13,63.9,0,5,0.372,Medium,0
36.3,54.7,16.3,0.0,14,65.6,1,6,0.958,Critical,0
27.3,65.0,7.4,6.2,2,91.1,1,10,0.197,Low,0
27.8,79.0,6.9,0.8,22,41.4,0,10,0.376,Medium,0
29.9,82.3,16.3,5.7,4,87.4,1,11,0.307,Low,0
24.3,81.4,10.6,19.9,4,84.7,1,2,0.063,Low,1
27.8,79.1,5.8,2.5,2,91.4,0,4,0.121,Low,1
25.8,74.4,7.7,3.5,0,95.0,0,5,0.041,Low,0
31.6,49.4,20.8,1.0,19,50.8,1,7,0.971,Critical,1
26.7,60.2,10.2,9.1,2,90.9,0,3,0.005,Low,0
26.6,69.1,10.5,7.0,1,93.3,0,3,0.101,Low,0
31.2,53.0,6.1,0.0,23,40.6,0,6,0.731,High,1
31.1,92.7,11.8,21.5,0,95.0,1,10,0.313,Low,0
24.8,60.7,17.8,1.2,16,54.9,0,5,0.331,Low,0
24.0,64.4,8.4,16.1,0,94.5,1,2,0.076,Low,0
25.6,79.7,8.0,28.2,1,92.8,0,5,0.0,Low,0
25.5,88.0,10.0,37.1,4,85.3,1,4,0.014,Low,0
25.8,80.7,11.1,16.8,3,87.9,0,5,0.0,Low,0
32.0,50.2,12.3,0.0,17,56.0,0,9,0.724,High,0
29.1,90.6,12.3,14.3,1,94.6,1,4,0.155,Low,0
24.0,70.4,17.0,3.9,4,84.5,0,12,0.073,Low,0
27.6,67.1,8.1,13.4,4,86.3,0,12,0.033,Low,0
26.7,82.1,11.6,6.4,2,90.8,0,2,0.0,Low,0
25.7,75.6,4.2,12.9,1,92.8,1,5,0.0,Low,0
24.5,78.8,12.7,2.9,4,84.7,0,11,0.14,Low,0
26.0,53.0,6.1,2.5,1,93.0,0,7,0.212,Low,0
29.7,92.1,14.0,4.2,1,94.9,0,4,0.287,Low,0
28.4,72.6,4.0,43.0,1,94.2,1,5,0.106,Low,0
27.9,90.5,27.0,0.6,13,64.0,0,11,0.375,Medium,0
27.0,76.2,13.8,8.3,3,88.5,1,11,0.0,Low,0
31.0,59.3,4.1,0.5,5,85.5,0,9,0.431,Medium,0
30.8,57.0,3.5,0.2,22,42.9,0,9,0.56,High,0
32.7,55.9,31.7,0.6,21,46.4,0,6,0.691,High,1
26.7,76.4,11.8,5.4,0,95.0,0,12,0.093,Low,0
26.9,77.3,16.6,0.4,19,48.4,0,3,0.388,Medium,1
25.6,72.1,4.2,8.9,2,90.3,0,5,0.044,Low,0
30.9,47.6,3.4,1.9,11,70.5,1,6,0.783,Critical,1
29.0,56.0,12.1,0.0,5,84.5,0,8,0.404,Medium,0
38.0,37.1,2.5,1.7,13,69.0,1,8,1.0,Critical,1
28.3,75.7,8.4,11.9,4,86.6,1,10,0.199,Low,0
27.4,80.8,11.9,10.4,4,86.2,1,3,0.0,Low,0
25.9,80.2,8.6,6.6,4,85.5,0,10,0.0,Low,0
27.4,78.2,2.6,1.7,11,68.7,0,11,0.243,Low,0
25.8,80.6,10.5,6.5,0,95.0,0,4,0.073,Low,0
31.1,52.7,5.0,0.0,20,48.0,1,8,1.0,Critical,1
31.2,49.6,8.0,0.0,8,78.1,0,9,0.572,High,1
24.9,81.2,5.2,11.1,0,94.9,1,4,0.0,Low,1
26.8,80.1,17.3,15.2,0,95.0,0,10,0.008,Low,0
25.5,78.8,11.4,23.0,2,90.3,0,5,0.0,Low,0
26.1,75.1,6.5,79.1,2,90.5,1,5,0.04,Low,0
32.6,55.6,11.5,0.0,10,73.8,0,7,0.453,Medium,1
27.3,86.0,11.3,23.1,4,86.1,0,1,0.0,Low,0
27.8,87.7,4.3,13.4,2,91.4,0,12,0.064,Low,0
28.6,83.6,16.0,0.2,23,39.3,1,3,0.686,High,1
32.3,50.4,10.5,0.8,8,78.7,0,6,0.608,High,0
32.5,62.3,3.5,4.1,3,91.3,1,9,0.57,High,1
29.6,70.9,2.6,29.0,1,94.8,1,2,0.121,Low,0
31.5,84.0,11.5,20.8,2,93.2,0,2,0.201,Low,0
25.2,84.2,14.1,29.1,0,95.0,0,5,0.0,Low,0
25.7,81.9,2.6,14.4,0,95.0,0,5,0.0,Low,0
28.9,59.4,2.8,0.9,7,79.4,0,6,0.358,Medium,0
29.0,52.7,6.5,0.0,17,54.5,1,6,0.831,Critical,1
30.4,81.2,5.3,5.4,3,90.2,0,11,0.26,Low,0
26.5,61.9,1.2,2.7,1,93.3,0,1,0.124,Low,0
35.8,64.7,2.3,14.6,2,95.0,0,6,0.407,Medium,1
24.0,82.6,7.9,17.8,1,92.0,0,1,0.0,Low,0
24.8,81.1,2.6,23.8,3,87.4,0,2,0.023,Low,0
35.5,39.5,4.4,0.0,12,70.3,0,8,0.857,Critical,0
25.3,89.0,8.2,2.5,0,95.0,0,2,0.089,Low,0
30.2,44.9,2.2,3.1,3,90.1,0,9,0.388,Medium,1
33.0,56.1,8.3,0.0,17,56.5,0,7,0.547,Medium,0
28.8,65.0,32.0,14.4,0,95.0,0,1,0.29,Low,0
28.4,74.8,18.0,8.2,2,91.7,1,10,0.265,Low,0
24.0,81.2,8.0,10.5,3,87.0,1,12,0.0,Low,0
26.4,75.7,5.6,2.9,4,85.7,0,4,0.073,Low,0
26.0,83.1,10.8,23.6,4,85.5,1,2,0.0,Low,0
29.5,73.0,3.8,51.1,4,87.2,1,12,0.173,Low,0
29.0,85.5,7.8,0.5,20,47.0,1,10,0.726,High,1
27.4,69.7,17.4,22.3,3,88.7,0,11,0.183,Low,0
26.0,80.5,16.7,18.4,3,88.0,0,12,0.011,Low,0
24.6,83.2,10.4,1.0,6,79.8,1,11,0.41,Medium,0
26.5,75.1,3.3,2.0,0,95.0,1,4,0.135,Low,0
27.0,94.8,8.9,21.9,1,93.5,0,12,0.0,Low,0
24.0,90.5,20.5,3.6,4,84.5,1,5,0.202,Low,0
27.3,65.6,2.7,0.0,7,78.6,1,9,0.468,Medium,1
27.9,85.2,8.5,16.7,4,86.4,0,2,0.017,Low,0
24.8,81.3,9.3,33.4,4,84.9,1,2,0.0,Low,1
32.3,50.2,8.9,1.2,15,61.2,0,8,0.587,High,0
29.7,77.7,15.3,5.2,2,92.3,1,10,0.242,Low,1
34.9,67.1,8.7,8.4,0,95.0,1,6,0.52,Medium,0
27.2,66.8,7.1,5.7,0,95.0,0,11,0.187,Low,0
24.0,81.3,8.3,1.6,9,72.0,0,1,0.108,Low,0
26.2,88.4,4.3,22.0,1,93.1,1,1,0.0,Low,0
26.0,94.4,17.5,23.7,3,88.0,1,10,0.112,Low,0
31.2,45.8,15.2,8.0,3,90.6,1,8,0.638,High,1
31.9,63.6,11.0,1.0,5,86.0,0,7,0.381,Medium,1
29.5,51.7,0.9,0.0,19,49.8,1,9,0.962,Critical,1
30.4,64.1,1.5,0.0,9,75.2,0,8,0.445,Medium,0
26.5,84.0,34.3,10.5,2,90.7,0,5,0.186,Low,0
30.4,63.7,14.0,7.0,4,87.7,1,9,0.38,Medium,0
31.3,85.1,5.2,2.9,1,95.0,0,3,0.301,Low,0
27.4,29.2,13.7,0.0,7,78.7,1,6,0.692,High,1
30.2,77.2,6.4,11.4,4,87.6,0,4,0.207,Low,0
33.0,36.1,3.0,0.0,11,71.5,1,9,0.981,Critical,1
28.9,84.2,0.5,12.5,3,89.4,0,10,0.148,Low,0
35.3,51.6,37.3,0.0,13,67.7,1,9,1.0,Critical,1
30.0,40.5,12.9,2.4,2,92.5,0,8,0.518,Medium,0
34.1,40.1,18.9,0.0,16,59.6,1,6,1.0,Critical,1
35.1,49.5,17.8,0.0,9,77.6,0,9,0.765,Critical,1
27.3,78.0,11.3,4.5,1,93.6,1,1,0.044,Low,0
25.7,82.2,29.6,8.5,2,90.4,1,12,0.175,Low,0
26.1,75.8,17.7,8.5,4,85.6,1,10,0.0,Low,0
32.6,49.9,5.4,1.8,24,38.8,0,7,0.544,Medium,0
31.9,29.2,6.4,0.0,16,58.5,0,9,0.806,Critical,1
29.2,85.4,8.6,22.2,0,95.0,0,11,0.066,Low,0
28.4,82.9,5.5,3.9,2,91.7,1,4,0.208,Low,0
31.8,38.6,7.2,1.0,18,53.4,1,9,0.959,Critical,1
27.1,85.0,29.6,5.9,4,86.0,1,11,0.276,Low,0
30.8,68.5,0.7,9.5,0,95.0,0,12,0.355,Medium,1
29.5,43.0,20.1,7.4,4,87.2,0,8,0.372,Medium,0
25.3,84.5,6.3,14.4,3,87.7,0,3,0.0,Low,0
27.7,71.2,7.4,3.9,1,93.8,0,10,0.015,Low,0
26.0,94.0,4.0,0.6,6,80.5,0,3,0.249,Low,0
34.2,25.0,4.6,2.7,3,92.1,0,9,0.58,High,1
26.4,75.4,10.8,9.7,4,85.7,0,4,0.06,Low,0
26.4,35.3,4.3,0.0,7,78.2,0,8,0.537,Medium,0
31.3,50.5,4.1,5.2,2,93.2,1,7,0.634,High,1
24.0,81.0,15.5,3.3,4,84.5,0,12,0.073,Low,0
31.3,62.0,3.1,0.0,6,83.1,1,7,0.736,High,1
25.8,72.9,12.4,14.2,2,90.4,1,2,0.004,Low,0
34.0,51.2,9.7,0.2,16,59.5,0,6,0.788,Critical,1
32.1,67.0,8.6,0.0,17,56.1,1,7,0.92,Critical,0
25.2,80.4,4.9,4.7,4,85.1,1,12,0.128,Low,0
24.2,74.6,4.6,15.5,1,92.1,0,3,0.0,Low,0
29.7,75.1,6.1,25.2,4,87.4,0,12,0.07,Low,0
26.9,73.1,18.5,2.7,2,90.9,0,4,0.167,Low,0
25.0,77.2,18.5,10.0,4,85.0,0,10,0.0,Low,0
27.4,65.2,2.5,16.1,4,86.2,1,11,0.043,Low,1
29.4,49.7,8.0,0.0,6,82.2,0,7,0.506,Medium,1
33.6,59.9,10.7,0.0,10,74.3,0,7,0.551,High,0
27.2,94.3,30.9,10.2,2,91.1,1,10,0.204,Low,0
35.4,63.6,1.9,0.8,8,80.2,1,7,0.896,Critical,1
28.2,44.4,4.6,0.0,11,69.1,1,9,0.915,Critical,1
32.8,61.2,11.8,0.0,8,78.9,1,6,0.675,High,1
29.5,42.9,10.9,11.1,0,95.0,0,8,0.283,Low,0
32.9,71.7,15.3,0.0,23,41.4,1,6,0.835,Critical,1
25.6,76.8,2.0,19.2,3,87.8,1,11,0.0,Low,0
35.4,41.6,4.6,0.0,23,42.7,0,7,0.726,High,0
25.4,80.0,23.8,6.0,0,95.0,0,5,0.119,Low,0
30.8,52.2,15.3,0.0,15,60.4,0,7,0.66,High,0
28.2,88.2,0.2,1.9,20,46.6,0,10,0.323,Low,0
24.1,86.1,23.5,11.1,3,87.1,1,11,0.074,Low,0
25.0,74.1,0.3,11.7,4,85.0,0,3,0.0,Low,0
29.5,79.8,19.7,2.3,1,94.8,1,1,0.443,Medium,0
27.4,70.3,10.8,15.5,0,95.0,1,2,0.0,Low,0
27.2,44.7,4.9,0.0,12,66.1,0,6,0.443,Medium,1
26.0,91.4,6.6,2.4,0,95.0,0,1,0.106,Low,0
26.4,91.2,26.9,34.9,0,95.0,1,2,0.183,Low,0
26.9,83.3,31.1,5.4,2,90.9,0,12,0.186,Low,0
25.2,91.2,10.8,26.6,3,87.6,0,2,0.0,Low,0
33.4,61.4,14.8,0.0,15,61.7,0,9,0.709,High,0
27.0,64.9,20.5,11.3,4,86.0,0,2,0.116,Low,0
28.5,80.0,17.0,3.1,2,91.7,1,4,0.125,Low,0
34.5,58.7,11.2,0.0,15,62.2,1,7,0.955,Critical,1
27.0,89.3,16.7,2.6,3,88.5,1,2,0.179,Low,0
25.0,82.1,8.2,44.3,4,85.0,0,12,0.091,Low,0
24.9,67.6,3.0,14.4,1,92.5,0,12,0.0,Low,0
30.1,52.0,10.8,0.0,23,40.1,0,6,0.729,High,0
28.7,57.5,23.9,0.0,20,46.9,0,6,0.595,High,0
26.6,80.9,8.6,34.4,0,95.0,0,11,0.121,Low,1
27.1,86.0,6.0,16.4,3,88.5,1,10,0.0,Low,0
27.6,71.0,7.3,9.5,1,93.8,1,4,0.003,Low,0
31.0,41.6,1.3,2.8,3,90.5,0,8,0.423,Medium,0
24.6,89.6,4.6,33.2,2,89.8,1,10,0.007,Low,0
27.9,63.3,6.3,0.3,18,51.4,0,3,0.427,Medium,1
31.9,67.4,4.7,0.0,8,78.5,1,8,0.768,Critical,1
31.1,76.0,7.9,59.6,1,95.0,0,12,0.183,Low,0
29.9,76.4,7.4,12.5,2,92.5,1,12,0.204,Low,1
28.2,84.2,6.4,18.9,1,94.1,0,10,0.093,Low,0
24.0,89.4,38.9,2.5,2,89.5,1,5,0.307,Low,1
24.3,77.8,5.1,28.3,1,92.1,0,3,0.0,Low,0
31.5,66.4,1.4,0.0,23,40.7,0,8,0.637,High,1
32.6,67.5,4.4,41.4,0,95.0,0,1,0.268,Low,0
30.3,85.7,4.3,34.7,1,95.0,0,5,0.264,Low,0
24.3,78.7,10.2,12.1,0,94.6,0,1,0.0,Low,0
30.2,42.2,39.8,0.0,10,72.6,0,9,0.707,High,0
25.1,74.0,26.2,0.6,14,60.1,0,11,0.442,Medium,0
31.9,58.7,11.1,0.0,22,43.5,1,6,0.954,Critical,1
28.9,60.4,7.3,0.0,8,77.0,1,7,0.575,High,0
27.0,74.4,10.5,5.4,4,86.0,1,11,0.09,Low,1
26.6,76.6,3.6,21.0,2,90.8,0,5,0.097,Low,0
29.2,82.9,10.5,3.7,4,87.1,0,2,0.165,Low,0
27.0,78.8,4.2,6.7,0,95.0,1,10,0.095,Low,0
25.9,76.8,9.2,25.4,3,88.0,0,1,0.0,Low,0
26.0,69.7,9.8,2.5,4,85.5,0,3,0.206,Low,0
31.9,34.3,8.3,2.0,19,51.0,1,9,0.987,Critical,0
29.8,49.7,7.2,0.0,9,74.9,0,6,0.463,Medium,0
24.9,71.0,6.0,2.0,7,77.4,1,5,0.147,Low,0
27.3,80.8,11.8,13.7,4,86.1,0,5,0.01,Low,0
24.4,84.0,1.8,30.0,4,84.7,1,3,0.0,Low,0
24.0,85.8,10.1,0.4,11,67.0,0,12,0.266,Low,0
27.8,75.8,2.7,9.5,2,91.4,0,5,0.022,Low,0
29.2,36.9,5.3,0.5,7,79.6,0,7,0.6,High,0
32.6,46.2,5.7,0.7,7,81.3,0,6,0.669,High,0
33.1,43.7,2.7,3.4,3,91.6,1,7,0.807,Critical,1
29.4,38.3,6.9,0.0,6,82.2,1,8,0.921,Critical,1
24.8,88.7,17.2,3.7,1,92.4,0,10,0.09,Low,0
26.8,59.2,2.2,6.3,0,95.0,0,12,0.097,Low,0
30.3,48.7,22.8,0.0,22,42.7,0,7,0.755,Critical,1
29.9,49.4,6.1,0.1,23,40.0,1,7,1.0,Critical,1
30.3,51.9,17.5,0.9,8,77.7,0,8,0.682,High,1
28.5,66.5,3.3,5.5,4,86.7,1,3,0.261,Low,0
27.1,71.6,2.2,2.7,4,86.1,0,2,0.081,Low,0
29.3,83.3,12.0,2.8,0,95.0,1,4,0.413,Medium,0
26.7,85.6,6.3,13.6,0,95.0,1,1,0.038,Low,1
34.6,54.0,14.9,0.4,18,54.8,1,6,0.9,Critical,1
24.5,78.9,4.7,30.9,1,92.2,0,1,0.0,Low,0
27.8,74.5,14.6,17.7,1,93.9,0,4,0.009,Low,0
33.9,40.9,5.1,0.1,16,59.4,0,7,0.786,Critical,0
27.6,88.3,2.3,16.9,3,88.8,1,2,0.0,Low,0
28.5,73.2,4.9,5.6,4,86.7,1,1,0.253,Low,0
31.5,41.4,16.1,2.3,1,95.0,0,8,0.37,Medium,1
27.3,85.6,2.8,2.7,1,93.7,0,11,0.145,Low,0
28.9,39.2,10.2,0.0,8,76.9,1,7,0.905,Critical,0
27.4,80.4,7.8,12.9,4,86.2,1,4,0.0,Low,0
30.7,85.1,9.4,67.7,0,95.0,0,11,0.173,Low,1
26.8,84.5,11.9,38.8,4,85.9,0,2,0.0,Low,0
35.4,49.3,5.1,0.0,7,82.7,0,8,0.715,High,1
26.3,79.1,4.8,8.1,3,88.1,0,4,0.038,Low,0
31.1,64.7,14.2,0.7,24,38.0,1,8,0.876,Critical,1
24.0,84.4,10.7,9.0,0,94.5,0,1,0.077,Low,0
24.0,74.9,6.9,20.4,0,94.5,0,4,0.02,Low,0
33.2,54.2,6.6,0.0,16,59.1,0,9,0.866,Critical,1
27.0,85.9,3.0,1.8,7,78.5,0,10,0.129,Low,0
24.3,68.6,6.8,8.9,0,94.6,0,11,0.021,Low,0
30.1,46.3,23.7,0.0,23,40.0,0,7,0.846,Critical,1
25.4,80.7,3.4,9.1,0,95.0,1,11,0.087,Low,0
32.7,31.4,11.1,0.0,15,61.4,0,9,0.799,Critical,0
28.6,84.4,2.1,10.4,1,94.3,0,4,0.046,Low,0
24.0,69.9,5.3,6.1,1,92.0,0,12,0.057,Low,0
26.9,76.8,24.8,11.6,0,95.0,1,3,0.099,Low,0
26.2,82.1,11.9,19.9,4,85.6,0,10,0.0,Low,0
27.0,75.7,12.5,4.6,4,86.0,0,4,0.139,Low,0
27.7,82.6,9.0,15.6,2,91.3,1,12,0.0,Low,0
34.0,44.2,13.5,1.3,20,49.5,1,8,1.0,Critical,1
33.6,75.7,8.5,0.4,13,66.8,0,10,0.591,High,1
25.8,91.7,6.8,40.0,1,92.9,1,12,0.0,Low,0
33.6,37.4,13.8,0.0,13,66.8,1,9,0.978,Critical,1
27.4,69.5,10.9,33.9,3,88.7,0,5,0.078,Low,0
31.3,58.9,18.9,2.3,0,95.0,0,7,0.424,Medium,1
29.0,43.4,3.2,0.1,24,37.0,0,6,0.619,High,1
27.8,78.8,12.0,0.6,21,43.9,1,11,0.579,High,1
26.3,76.3,18.8,12.4,4,85.7,0,4,0.083,Low,0
28.6,45.6,7.2,0.0,21,44.3,1,8,0.859,Critical,1
29.1,77.3,1.9,15.2,0,95.0,1,1,0.156,Low,0
27.9,65.4,11.4,4.7,2,91.5,1,2,0.166,Low,0
31.1,52.5,10.5,0.0,23,40.6,0,8,0.706,High,1
26.0,73.0,3.6,0.3,15,58.0,1,11,0.473,Medium,0
25.0,80.0,14.6,18.3,4,85.0,0,10,0.02,Low,0
30.2,67.7,5.3,21.3,1,95.0,0,10,0.191,Low,0
24.4,79.3,15.7,6.7,0,94.7,1,12,0.086,Low,1
28.4,69.8,1.7,15.7,2,91.7,1,1,0.184,Low,0
24.6,82.1,4.3,27.5,1,92.3,0,4,0.054,Low,0
30.6,79.7,12.5,4.7,1,95.0,0,4,0.217,Low,0
25.5,81.8,3.7,7.0,2,90.2,1,10,0.081,Low,0
28.8,85.7,14.5,35.4,1,94.4,0,5,0.176,Low,0
26.5,69.1,12.8,26.8,3,88.2,1,1,0.16,Low,1
28.3,81.2,15.4,85.4,0,95.0,1,10,0.153,Low,0
27.7,76.8,1.2,4.5,4,86.3,1,10,0.135,Low,0
24.8,85.9,7.7,0.3,16,54.9,0,10,0.328,Low,0
27.4,73.5,2.0,8.5,3,88.7,0,2,0.028,Low,0
33.6,45.9,9.6,0.6,6,84.3,0,8,0.705,High,1
28.4,74.0,22.0,5.4,4,86.7,0,2,0.238,Low,0
24.0,83.1,5.5,7.1,1,92.0,0,2,0.057,Low,0
26.3,85.4,19.9,23.4,0,95.0,0,4,0.09,Low,0
29.9,81.7,3.1,18.2,0,95.0,0,5,0.071,Low,0
28.5,79.5,5.8,8.9,1,94.2,0,4,0.075,Low,0
33.1,62.5,11.6,0.0,24,39.0,0,6,0.75,High,1
27.9,73.6,1.5,7.2,3,89.0,0,4,0.095,Low,0
29.0,92.0,6.7,16.1,0,95.0,1,10,0.109,Low,0
31.2,54.1,2.0,0.0,18,53.1,0,6,0.72,High,0
28.8,41.2,14.2,1.5,13,64.4,1,9,0.636,High,1
26.2,83.7,12.2,14.1,4,85.6,1,3,0.004,Low,0
27.2,65.4,2.5,17.6,4,86.1,0,4,0.073,Low,0
26.6,85.6,6.0,0.8,14,60.8,0,5,0.311,Low,0
25.9,67.5,9.5,5.4,4,85.4,1,1,0.199,Low,0
32.7,93.1,7.6,13.4,4,88.9,1,3,0.402,Medium,0
24.8,81.6,10.6,0.3,24,34.9,0,4,0.293,Low,0
24.5,70.2,5.2,9.3,3,87.2,1,4,0.0,Low,1
30.0,63.9,13.8,2.0,2,92.5,0,3,0.233,Low,1
29.6,84.5,3.5,3.2,4,87.3,1,5,0.249,Low,1
24.0,80.2,1.3,8.9,1,92.0,0,5,0.017,Low,0
29.2,79.3,3.6,24.2,1,94.6,1,5,0.122,Low,0
28.6,81.2,7.0,6.2,4,86.8,0,4,0.146,Low,1
27.2,77.9,22.9,1.1,7,78.6,0,5,0.278,Low,0
28.1,75.5,24.3,0.9,8,76.5,0,3,0.46,Medium,0
26.8,79.4,7.6,21.3,4,85.9,1,4,0.0,Low,0
30.5,34.4,17.4,0.0,5,85.3,0,6,0.76,Critical,1
27.3,75.3,7.8,9.4,4,86.1,0,5,0.025,Low,0
26.6,74.0,6.8,0.7,21,43.3,0,6,0.296,Low,1
25.6,83.0,6.9,22.2,4,85.3,0,1,0.046,Low,1
26.4,92.8,8.6,32.6,1,93.2,1,10,0.0,Low,0
24.0,88.0,13.7,12.8,1,92.0,0,3,0.0,Low,0
26.9,72.9,0.7,10.2,1,93.4,0,2,0.0,Low,0
35.7,64.8,4.0,5.1,3,92.9,0,7,0.344,Low,1
27.9,43.8,14.4,0.0,9,73.9,1,8,0.647,High,0
33.5,60.9,22.9,1.8,20,49.3,0,9,0.65,High,0
29.1,60.8,5.0,22.9,4,87.0,1,2,0.278,Low,0
27.2,67.5,17.1,21.3,2,91.1,1,4,0.056,Low,0
28.0,69.5,16.2,5.4,1,94.0,0,11,0.149,Low,0
33.6,42.1,9.8,5.1,3,91.8,1,8,0.812,Critical,0
26.6,80.1,12.5,8.7,3,88.3,0,11,0.035,Low,0
24.9,73.1,18.3,13.7,4,84.9,1,1,0.121,Low,0
24.3,79.4,9.1,7.0,3,87.2,0,10,0.039,Low,0
33.0,45.7,5.8,0.0,17,56.5,0,6,0.891,Critical,1
32.0,68.4,9.3,1.1,5,86.0,1,3,0.521,Medium,0
32.3,48.8,9.9,0.2,21,46.1,0,6,0.781,Critical,1
28.0,77.7,4.3,9.6,0,95.0,0,3,0.015,Low,0
25.9,92.6,25.2,6.0,1,92.9,0,1,0.117,Low,0
25.3,75.8,5.9,9.0,1,92.7,1,5,0.002,Low,0
26.7,73.4,30.5,2.0,3,88.3,0,4,0.153,Low,1
26.7,56.6,16.4,0.0,5,83.4,0,6,0.24,Low,0
26.8,80.8,4.4,7.1,2,90.9,1,3,0.117,Low,0
30.2,37.4,10.7,0.0,22,42.6,1,9,0.998,Critical,1
27.4,85.8,8.7,23.1,3,88.7,0,5,0.045,Low,0
24.3,76.3,18.9,40.6,3,87.1,0,5,0.039,Low,1
28.8,49.0,3.7,4.0,2,91.9,1,6,0.399,Medium,0
29.9,88.8,4.0,0.8,23,39.9,0,10,0.52,Medium,1
28.4,79.4,9.6,5.5,0,95.0,1,5,0.188,Low,0
29.2,84.7,11.7,21.0,2,92.1,0,5,0.148,Low,0
24.3,69.6,5.4,30.4,3,87.2,0,5,0.048,Low,0
34.6,58.4,7.6,0.0,10,74.8,0,7,0.539,Medium,0
27.1,82.0,6.8,12.3,0,95.0,0,5,0.0,Low,0
27.6,55.0,8.9,7.9,4,86.3,0,5,0.182,Low,0
24.1,59.9,14.7,11.2,1,92.0,0,10,0.079,Low,0
26.6,80.1,11.1,10.4,3,88.3,1,2,0.0,Low,0
29.3,42.9,7.5,0.0,15,59.6,1,6,0.84,Critical,0
30.2,70.9,10.5,0.0,22,42.6,1,7,0.752,Critical,1
25.1,83.3,5.7,1.3,18,50.0,0,10,0.187,Low,0
27.7,81.4,20.1,2.0,23,38.9,0,12,0.295,Low,0
28.4,76.1,10.7,9.8,2,91.7,1,5,0.214,Low,0
27.9,79.5,4.5,24.5,0,95.0,0,2,0.006,Low,0
29.3,38.5,11.6,0.0,22,42.2,1,7,0.978,Critical,0
31.5,66.0,13.7,0.0,19,50.8,0,6,0.623,High,1
26.4,71.1,10.0,9.7,4,85.7,0,12,0.006,Low,0
28.5,80.6,14.3,6.3,0,95.0,1,5,0.273,Low,0
29.4,55.4,5.3,1.7,5,84.7,1,7,0.476,Medium,0
28.6,75.6,13.2,5.8,0,95.0,0,5,0.175,Low,0
27.9,87.7,2.2,40.1,4,86.4,1,11,0.0,Low,0
29.5,41.3,15.4,0.0,17,54.7,0,8,0.664,High,0
33.7,58.7,4.5,0.0,18,54.3,0,9,0.641,High,1
26.3,62.7,15.1,6.9,3,88.1,0,12,0.26,Low,0
29.0,54.3,6.8,3.3,2,92.0,1,7,0.484,Medium,0
30.5,80.1,7.5,11.8,3,90.2,0,5,0.192,Low,1
28.4,76.3,16.3,3.1,3,89.2,1,2,0.389,Medium,1
29.8,81.5,7.4,22.3,0,95.0,0,3,0.125,Low,0
34.1,53.1,4.0,1.2,10,74.5,1,9,0.981,Critical,0
25.5,75.5,9.0,19.0,4,85.2,1,11,0.065,Low,1
27.0,74.5,0.7,9.1,0,95.0,0,12,0.0,Low,0
28.7,88.6,18.4,28.7,4,86.8,0,12,0.187,Low,0
28.1,75.7,10.6,9.3,2,91.5,0,11,0.141,Low,0
26.1,76.6,8.7,1.0,24,35.5,0,1,0.379,Medium,0
25.9,75.3,3.5,23.8,0,95.0,0,10,0.0,Low,0
27.5,90.5,1.6,4.2,1,93.8,0,12,0.092,Low,0
25.9,72.6,8.9,13.1,3,88.0,1,5,0.0,Low,0
29.5,77.8,3.7,9.8,3,89.8,0,3,0.049,Low,0
26.1,81.7,17.0,2.2,3,88.1,0,3,0.163,Low,0
27.2,71.6,10.4,16.0,0,95.0,0,4,0.0,Low,0
28.6,80.7,5.0,53.1,1,94.3,0,10,0.069,Low,1
24.0,70.3,5.5,1.7,15,57.0,0,1,0.211,Low,0
28.6,69.4,5.1,0.0,6,81.8,1,9,0.65,High,1
27.0,82.0,4.6,55.7,2,91.0,0,2,0.0,Low,0
32.0,70.6,3.2,6.9,3,91.0,0,7,0.251,Low,0
26.1,52.1,17.7,9.4,4,85.6,0,1,0.18,Low,0
29.1,77.2,10.4,0.3,19,49.6,0,10,0.368,Medium,1
31.2,54.3,9.0,0.0,14,63.1,0,9,0.715,High,1
24.5,84.7,10.8,47.6,0,94.7,0,2,0.004,Low,0
32.9,41.0,14.0,1.5,16,59.0,0,6,0.625,High,1
27.9,70.5,12.0,0.2,6,81.4,0,3,0.297,Low,0
27.6,34.1,5.3,0.0,6,81.3,0,8,0.486,Medium,0
24.8,66.2,16.2,0.7,5,82.4,0,10,0.327,Low,0
27.3,86.7,20.5,78.0,1,93.7,1,11,0.101,Low,0
26.7,75.5,9.9,11.3,1,93.4,1,3,0.0,Low,0
30.3,45.9,7.6,0.0,15,60.1,1,6,0.975,Critical,0
29.9,60.4,11.9,5.7,1,94.9,0,7,0.23,Low,0
24.0,88.4,12.0,12.0,0,94.5,1,3,0.022,Low,0
27.7,68.7,6.0,39.7,0,95.0,0,5,0.049,Low,0
25.3,88.5,18.6,21.9,3,87.6,0,5,0.041,Low,0
30.0,74.0,8.6,8.4,1,95.0,1,11,0.119,Low,0
25.8,81.5,16.2,0.2,16,55.4,0,4,0.38,Medium,0
28.1,70.5,7.8,18.4,0,95.0,0,11,0.051,Low,0
29.8,62.9,14.1,0.0,10,72.4,1,8,0.62,High,0
29.5,85.2,25.6,14.6,1,94.8,0,2,0.248,Low,0
26.1,82.6,8.3,41.5,0,95.0,0,11,0.029,Low,1
30.3,31.6,22.5,1.0,23,40.2,1,7,1.0,Critical,1
26.8,86.6,3.4,11.5,1,93.4,0,3,0.0,Low,1
26.3,80.2,24.8,14.0,4,85.6,0,5,0.108,Low,0
31.7,40.7,11.8,0.0,10,73.4,1,8,0.982,Critical,1
24.3,76.4,12.6,34.9,4,84.6,0,10,0.065,Low,0
31.5,57.2,16.5,0.0,13,65.8,0,9,0.491,Medium,0
30.0,75.1,8.8,28.0,2,92.5,0,11,0.168,Low,0
27.8,68.5,9.8,8.0,4,86.4,1,5,0.003,Low,0
27.4,85.5,10.0,1.7,12,66.2,0,10,0.159,Low,0
26.3,78.1,14.1,12.6,3,88.2,0,4,0.066,Low,0
33.7,39.9,27.8,0.0,14,64.4,1,9,0.988,Critical,1
24.8,86.1,4.8,15.0,3,87.4,0,10,0.023,Low,0
26.1,81.2,6.7,21.7,2,90.5,0,1,0.037,Low,0
34.1,68.6,12.9,3.1,0,95.0,1,8,0.674,High,0
29.6,85.6,3.7,3.9,3,89.8,0,3,0.199,Low,0
26.5,84.4,3.5,7.9,0,95.0,0,12,0.086,Low,0
25.6,80.4,8.9,3.1,1,92.8,0,11,0.013,Low,0
25.2,85.1,13.5,4.3,2,90.1,0,1,0.071,Low,0
26.3,76.2,8.5,2.4,2,90.7,0,2,0.164,Low,0
28.2,86.7,16.2,5.5,2,91.6,0,3,0.071,Low,0
31.3,42.2,25.0,0.0,6,83.2,0,8,0.702,High,0
27.3,82.6,4.4,35.1,1,93.6,1,10,0.0,Low,0
25.6,94.0,2.4,21.0,3,87.8,1,3,0.0,Low,0
24.7,84.7,2.1,5.4,1,92.3,1,3,0.051,Low,1
24.6,66.7,5.7,3.9,3,87.3,1,1,0.216,Low,0
25.0,79.7,15.1,33.0,4,85.0,0,1,0.054,Low,0
29.9,38.7,6.8,2.0,0,95.0,0,8,0.395,Medium,0
29.2,83.4,1.3,8.1,4,87.1,1,10,0.164,Low,0
24.9,68.8,3.5,12.7,0,95.0,0,11,0.0,Low,0
26.6,69.2,5.7,16.4,1,93.3,0,11,0.043,Low,1
31.8,34.6,7.3,2.9,0,95.0,0,8,0.573,High,1
25.1,69.5,4.4,21.9,0,95.0,1,12,0.093,Low,0
31.6,89.2,23.2,19.5,2,93.3,0,1,0.272,Low,0
31.9,43.9,9.4,0.0,5,85.9,1,7,0.836,Critical,1
27.2,91.2,14.2,14.8,2,91.1,0,11,0.056,Low,0
32.3,34.2,15.6,0.0,9,76.2,0,9,0.793,Critical,1
30.4,71.0,3.8,45.6,3,90.2,1,11,0.261,Low,0
29.9,74.2,8.0,5.4,4,87.4,1,3,0.262,Low,0
28.8,70.8,10.9,8.2,3,89.4,0,5,0.117,Low,0
25.6,75.7,11.5,9.7,1,92.8,1,5,0.051,Low,0
25.7,93.4,2.5,21.9,3,87.8,1,4,0.0,Low,0
26.6,79.0,6.6,26.3,1,93.3,1,11,0.0,Low,0
31.5,49.9,13.8,0.4,13,65.7,0,9,0.559,High,1
28.6,55.6,19.0,0.0,19,49.3,0,6,0.63,High,1
32.1,71.0,7.2,0.0,12,68.5,0,8,0.417,Medium,1
27.7,67.9,4.0,14.4,0,95.0,1,3,0.109,Low,0
30.5,42.5,11.2,0.0,17,55.2,1,8,0.957,Critical,0
34.0,53.3,2.7,0.0,10,74.5,1,6,1.0,Critical,1
25.7,67.0,6.9,1.8,19,47.8,0,4,0.339,Low,0
26.5,64.7,20.3,1.2,11,68.2,1,4,0.509,Medium,0
26.2,66.9,3.1,9.8,4,85.6,1,5,0.096,Low,0
26.6,83.7,8.4,21.4,1,93.3,0,4,0.0,Low,0
26.2,81.0,10.0,25.6,2,90.6,0,2,0.0,Low,0
25.9,87.2,7.2,4.9,4,85.5,0,5,0.174,Low,0
27.4,71.9,2.7,23.5,0,95.0,1,11,0.003,Low,1
24.1,59.2,7.4,29.7,4,84.6,0,3,0.107,Low,0
25.7,76.4,5.9,26.3,1,92.9,0,4,0.132,Low,0
28.1,56.7,2.1,0.0,15,59.1,1,6,0.633,High,1
28.4,34.4,17.2,1.9,7,79.2,0,7,0.483,Medium,0
26.4,87.3,5.7,6.5,3,88.2,0,1,0.012,Low,0
28.4,69.5,0.9,12.2,0,95.0,0,1,0.084,Low,0
24.0,79.8,8.7,1.7,9,72.0,0,2,0.147,Low,0
31.1,48.9,10.4,2.7,1,95.0,0,6,0.421,Medium,0
26.1,73.5,5.1,9.8,0,95.0,0,4,0.0,Low,0
26.2,76.9,1.8,62.5,0,95.0,0,5,0.0,Low,0
24.0,83.1,3.0,0.8,20,44.5,0,5,0.27,Low,0
29.3,89.0,12.3,17.6,4,87.2,0,5,0.199,Low,0
27.0,83.1,12.6,62.1,3,88.5,0,1,0.0,Low,0
35.5,72.2,10.4,0.0,19,52.8,0,7,0.619,High,1
30.3,40.0,8.7,0.0,9,75.2,0,9,0.673,High,1
28.8,82.4,12.6,2.2,0,95.0,0,4,0.269,Low,0
25.5,74.9,9.4,15.0,1,92.8,0,10,0.0,Low,0
24.0,84.7,6.5,49.2,0,94.5,0,12,0.0,Low,0
32.5,62.6,7.7,0.0,5,86.3,0,7,0.534,Medium,0
25.3,84.7,13.7,20.6,1,92.6,1,4,0.047,Low,0
25.2,81.5,7.0,4.8,0,95.0,0,12,0.168,Low,0
26.7,82.4,14.8,6.4,2,90.9,0,2,0.015,Low,1
25.8,76.1,6.6,9.0,3,87.9,0,12,0.02,Low,0
35.4,44.9,16.2,0.0,6,85.2,1,7,0.976,Critical,1
29.5,35.7,2.9,0.0,17,54.7,0,6,0.749,High,1
27.0,91.7,4.9,21.8,4,86.0,0,1,0.006,Low,0
29.3,43.3,12.4,0.0,19,49.7,0,6,0.726,High,0
33.5,36.6,4.1,0.0,7,81.8,0,6,0.8,Critical,1
31.1,82.3,19.9,5.5,2,93.0,0,1,0.228,Low,0
25.8,77.0,6.5,3.8,3,87.9,0,10,0.0,Low,0
26.2,83.9,6.0,4.4,2,90.6,1,3,0.044,Low,0
28.3,91.9,7.1,3.4,1,94.1,0,4,0.087,Low,0
26.5,71.7,40.1,14.8,0,95.0,0,3,0.17,Low,0
36.0,28.9,1.6,0.0,13,68.0,1,9,1.0,Critical,1
27.0,69.9,12.0,0.9,23,38.5,1,2,0.596,High,1
30.3,32.6,12.6,0.0,13,65.2,1,8,1.0,Critical,1
32.4,58.1,15.0,11.1,4,88.7,1,6,0.395,Medium,0
26.8,76.7,11.6,0.7,21,43.4,0,12,0.36,Medium,0
30.1,75.2,10.9,15.9,2,92.5,0,5,0.221,Low,0
32.7,53.9,7.8,0.0,18,53.8,1,6,0.905,Critical,1
27.7,68.0,15.0,1.1,12,66.3,1,1,0.439,Medium,1
26.0,73.5,13.4,5.0,4,85.5,0,3,0.076,Low,0
30.0,74.7,6.2,7.9,0,95.0,0,11,0.31,Low,0
27.7,90.8,5.6,0.7,14,61.4,0,1,0.334,Low,0
26.5,86.1,0.6,2.3,1,93.2,0,4,0.103,Low,0
28.6,80.1,4.1,22.1,4,86.8,0,4,0.032,Low,0
28.3,81.1,11.2,6.4,2,91.7,0,11,0.216,Low,0
34.1,26.9,18.7,0.0,6,84.5,1,8,1.0,Critical,0
28.4,30.8,7.9,0.0,15,59.2,1,7,0.882,Critical,0
25.8,68.2,1.5,6.8,0,95.0,0,2,0.183,Low,0
28.0,72.8,4.5,12.0,2,91.5,1,4,0.046,Low,0
30.1,63.1,0.6,0.0,23,40.1,0,8,0.617,High,0
30.6,49.2,5.1,0.0,24,37.8,0,6,0.79,Critical,0
28.2,77.1,3.9,10.2,0,95.0,0,10,0.078,Low,0
28.5,73.9,13.8,9.5,2,91.7,1,10,0.189,Low,0
25.2,87.1,25.8,36.2,0,95.0,1,11,0.13,Low,0
30.5,43.7,1.6,1.6,12,67.7,1,7,0.813,Critical,1
34.8,82.4,14.6,0.0,8,79.9,0,7,0.564,High,1
28.8,51.0,17.2,4.8,3,89.4,1,6,0.47,Medium,0
27.1,63.7,9.8,1.5,22,41.1,1,1,0.405,Medium,1
24.7,68.3,2.1,5.8,2,89.9,0,2,0.03,Low,0
25.2,65.0,3.0,1.8,12,65.1,1,3,0.428,Medium,1
28.5,79.3,11.0,1.5,11,69.2,1,3,0.544,Medium,1
32.1,57.0,16.9,0.0,14,63.5,0,7,0.541,Medium,0
25.6,80.7,2.9,8.4,0,95.0,1,12,0.035,Low,0
25.2,75.3,5.4,1.5,10,70.1,0,2,0.231,Low,0
31.9,50.3,7.5,2.0,3,90.9,1,9,0.681,High,0
26.2,72.0,5.5,46.4,3,88.1,1,10,0.004,Low,0
26.1,78.1,9.4,5.2,0,95.0,0,3,0.081,Low,0
24.0,79.2,7.4,22.5,0,94.5,0,2,0.0,Low,0
27.5,58.5,4.3,3.1,1,93.8,0,12,0.155,Low,0
30.4,57.5,16.3,0.2,23,40.2,1,7,0.924,Critical,1
31.3,25.0,1.8,0.0,22,43.1,1,9,0.944,Critical,1
25.6,95.0,13.2,15.9,1,92.8,1,12,0.094,Low,0
33.1,49.0,16.0,0.4,21,46.5,1,7,0.928,Critical,1
28.3,92.4,4.3,12.2,3,89.2,0,10,0.086,Low,0
27.8,77.3,4.2,3.1,2,91.4,0,3,0.08,Low,0
26.5,70.2,10.0,13.0,4,85.8,1,11,0.035,Low,1
30.4,49.9,19.9,1.7,13,65.2,0,6,0.561,High,0
29.9,29.4,15.8,0.0,12,67.4,0,6,0.683,High,1
27.3,73.0,1.2,6.2,3,88.6,0,2,0.0,Low,1
24.2,78.0,11.1,7.3,0,94.6,1,5,0.099,Low,1
32.2,36.5,32.8,1.2,5,86.1,1,6,1.0,Critical,1
25.6,85.9,11.4,0.8,23,37.8,0,1,0.364,Medium,0
26.9,79.8,14.4,11.5,3,88.4,0,12,0.025,Low,0
26.9,85.7,6.8,9.3,3,88.4,0,11,0.046,Low,0
26.8,80.7,7.9,21.9,1,93.4,0,1,0.0,Low,0
31.3,35.8,25.9,0.1,19,50.7,1,9,1.0,Critical,0
27.6,76.5,12.3,15.3,2,91.3,0,5,0.048,Low,0
31.7,46.0,12.4,0.0,18,53.3,0,6,0.789,Critical,1
27.1,70.6,3.7,10.0,2,91.0,0,5,0.014,Low,0
25.2,90.6,8.3,0.6,24,35.1,1,2,0.532,Medium,1
28.0,65.9,2.1,0.0,13,64.0,0,7,0.448,Medium,1
29.3,78.0,22.6,18.3,0,95.0,0,11,0.079,Low,0
26.3,70.1,12.6,37.7,1,93.1,1,4,0.065,Low,0
24.5,65.9,1.6,50.1,0,94.8,1,1,0.0,Low,0
33.6,68.8,5.2,0.3,12,69.3,1,7,1.0,Critical,1
26.5,78.8,4.2,4.1,1,93.3,0,1,0.0,Low,0
30.6,72.2,1.4,14.5,2,92.8,0,3,0.161,Low,0
30.9,49.1,1.7,5.4,4,88.0,1,8,0.692,High,0
27.6,76.2,2.5,15.6,4,86.3,0,12,0.022,Low,1
29.3,79.4,16.8,0.9,14,62.1,0,12,0.366,Medium,0
29.4,72.4,6.7,20.9,3,89.7,1,1,0.157,Low,0
27.5,68.5,2.7,64.5,4,86.3,1,4,0.095,Low,0
28.1,71.3,7.2,21.7,3,89.0,0,3,0.149,Low,0
31.9,48.1,25.0,0.0,14,63.5,0,9,0.778,Critical,0
27.8,77.4,11.0,67.5,1,93.9,0,3,0.024,Low,0
30.3,81.4,5.7,23.5,2,92.7,0,11,0.215,Low,0
36.0,67.5,12.2,1.5,5,88.0,0,9,0.464,Medium,1
26.4,78.5,20.0,11.2,2,90.7,1,1,0.15,Low,0
26.5,87.1,5.9,51.7,0,95.0,1,3,0.0,Low,0
26.8,75.1,0.6,25.8,0,95.0,1,2,0.0,Low,1
30.6,68.6,28.9,2.0,18,52.8,0,7,0.633,High,1
28.1,77.6,16.8,14.3,0,95.0,0,4,0.151,Low,0
28.5,89.0,14.2,35.4,4,86.8,0,10,0.096,Low,0
25.5,67.9,10.2,6.8,4,85.2,0,1,0.142,Low,0
26.4,86.1,5.7,4.7,4,85.7,0,3,0.028,Low,0
28.2,75.7,32.9,27.9,3,89.1,0,2,0.275,Low,0
32.7,33.4,2.5,0.0,8,78.8,0,7,0.724,High,1
28.0,84.5,21.7,4.1,4,86.5,0,10,0.18,Low,1
30.9,26.5,4.5,0.0,23,40.5,0,6,0.778,Critical,0
28.9,83.0,2.8,7.8,3,89.4,0,11,0.132,Low,0
26.7,88.5,4.5,20.5,0,95.0,1,12,0.0,Low,0
36.7,47.3,20.3,0.0,23,43.3,0,9,0.935,Critical,1
33.2,45.9,15.7,0.0,18,54.1,0,9,0.846,Critical,1
25.7,77.7,17.9,7.5,3,87.8,0,12,0.066,Low,0
26.7,83.8,12.4,48.0,4,85.9,0,2,0.0,Low,0
27.4,81.5,12.2,1.5,21,43.7,0,1,0.307,Low,1
28.3,82.7,8.2,80.2,4,86.6,1,12,0.076,Low,0
24.0,74.5,6.9,4.1,3,87.0,0,12,0.0,Low,0
32.6,36.9,2.8,0.6,22,43.8,0,8,0.782,Critical,1
24.0,67.1,7.0,4.8,0,94.5,0,10,0.196,Low,0
28.8,89.4,11.8,21.4,3,89.4,0,10,0.06,Low,0
35.1,53.5,13.4,0.5,23,42.5,0,8,0.877,Critical,1
32.5,44.8,11.2,0.0,8,78.7,0,6,0.566,High,0
24.0,83.5,5.7,12.5,4,84.5,0,4,0.034,Low,0
24.0,65.7,14.3,8.5,2,89.5,0,12,0.101,Low,0
26.7,81.9,13.4,62.2,4,85.9,0,3,0.09,Low,0
28.6,79.9,6.6,14.2,3,89.3,0,1,0.098,Low,0
27.1,77.3,15.6,6.0,4,86.1,1,12,0.149,Low,0
30.2,88.3,5.0,28.6,1,95.0,0,10,0.178,Low,0
32.8,48.2,9.0,0.2,14,63.9,0,8,0.659,High,1
32.6,50.8,13.9,0.0,12,68.8,0,7,0.629,High,1
28.1,82.2,2.2,16.4,0,95.0,1,10,0.228,Low,1
33.1,35.1,5.8,0.0,13,66.5,1,6,0.894,Critical,0
24.0,87.7,10.9,46.6,0,94.5,0,5,0.099,Low,0
29.5,79.8,19.7,56.9,0,95.0,0,4,0.157,Low,0
29.9,47.8,2.7,0.0,23,39.9,0,7,0.581,High,1
27.4,72.5,19.4,11.6,4,86.2,0,10,0.0,Low,0
29.3,75.9,19.9,2.6,2,92.1,0,2,0.261,Low,1
25.7,66.9,4.2,2.2,4,85.3,0,2,0.093,Low,0
31.7,84.6,9.7,22.3,0,95.0,1,2,0.28,Low,1
29.9,72.8,7.8,11.5,3,89.9,0,12,0.079,Low,0
29.7,74.5,11.5,0.0,21,44.9,0,9,0.497,Medium,1
24.0,75.8,20.6,13.3,4,84.5,0,11,0.127,Low,1
25.8,76.8,7.3,3.4,4,85.4,1,10,0.008,Low,0
24.3,65.9,11.4,5.3,4,84.7,0,5,0.0,Low,0
29.4,63.7,1.3,5.5,4,87.2,0,3,0.285,Low,0
30.8,43.8,14.0,1.2,14,62.9,1,8,0.878,Critical,1
31.8,62.8,5.6,0.0,17,55.9,0,7,0.685,High,0
34.7,55.1,2.7,4.1,1,95.0,1,9,0.644,High,1
25.8,82.9,20.5,8.7,4,85.4,0,10,0.113,Low,0
24.5,67.8,7.7,6.5,4,84.7,1,3,0.179,Low,0
26.5,81.5,14.8,1.8,18,50.8,0,3,0.346,Low,0
25.4,74.6,6.6,16.4,4,85.2,0,11,0.02,Low,0
32.7,56.6,18.5,0.0,8,78.9,0,9,0.601,High,0
28.9,82.7,10.8,0.9,5,84.5,0,10,0.305,Low,0
28.0,70.8,25.0,2.9,4,86.5,0,3,0.118,Low,0
24.0,87.0,1.6,8.2,2,89.5,0,3,0.0,Low,0
28.6,76.4,9.0,0.0,15,59.3,0,6,0.339,Low,0
28.3,74.7,10.9,18.5,3,89.2,0,12,0.011,Low,0
33.1,56.0,4.5,0.0,24,39.0,0,6,0.617,High,1
34.2,56.8,8.7,0.0,24,39.6,1,9,1.0,Critical,1
27.3,85.1,2.2,66.2,1,93.6,0,12,0.034,Low,0
26.5,78.7,5.7,16.0,4,85.7,1,4,0.079,Low,0
27.3,70.1,11.7,13.2,4,86.2,1,12,0.0,Low,0
29.4,52.1,14.8,3.1,0,95.0,1,1,0.593,High,1
35.6,39.2,4.0,0.0,5,87.8,0,6,0.76,Critical,0
28.1,71.0,3.8,5.7,2,91.5,0,12,0.167,Low,0
26.0,79.0,5.7,4.1,4,85.5,0,5,0.048,Low,0
26.4,79.4,3.2,1.1,24,35.7,0,12,0.269,Low,0
27.9,87.7,10.0,41.5,0,95.0,1,5,0.0,Low,0
35.3,44.4,16.3,0.0,10,75.1,0,9,0.705,High,1
27.0,76.2,12.8,8.6,1,93.5,1,11,0.149,Low,0
25.7,41.8,6.7,2.7,4,85.4,0,6,0.258,Low,0
26.7,73.0,13.5,3.1,0,95.0,0,10,0.117,Low,1
25.6,74.8,4.6,11.5,0,95.0,0,5,0.0,Low,0
30.6,82.5,21.2,19.1,2,92.8,1,4,0.403,Medium,1
26.2,84.3,6.6,5.5,2,90.6,0,11,0.035,Low,0
26.6,84.0,15.2,38.3,4,85.8,0,10,0.013,Low,0
35.7,54.2,1.1,0.0,17,57.9,0,6,0.713,High,1
29.5,78.2,12.1,27.6,3,89.8,0,11,0.107,Low,1
32.4,58.2,13.7,1.3,19,51.2,0,7,0.593,High,1
28.5,74.0,12.5,5.1,3,89.3,0,2,0.232,Low,0
26.8,62.6,17.8,6.9,2,90.9,1,2,0.245,Low,0
35.0,37.4,9.4,0.0,20,50.0,0,7,0.814,Critical,1
31.5,35.4,5.8,0.0,11,70.7,1,9,1.0,Critical,1
27.9,59.6,6.5,3.6,4,86.4,1,6,0.135,Low,0
25.6,95.0,14.9,4.4,2,90.3,0,1,0.038,Low,0
28.4,93.1,11.3,5.9,4,86.7,0,11,0.136,Low,0
29.4,55.4,10.1,0.0,14,62.2,0,8,0.359,Medium,0
24.0,76.4,6.5,7.4,1,92.0,1,3,0.061,Low,0
30.7,92.3,6.5,9.2,0,95.0,0,11,0.203,Low,0
25.3,75.5,16.3,24.3,3,87.7,1,11,0.035,Low,1
32.5,31.7,5.3,0.0,24,38.8,0,7,0.817,Critical,1
28.3,95.0,9.5,22.6,4,86.7,0,2,0.152,Low,0
26.4,72.0,18.1,17.6,4,85.7,1,11,0.184,Low,0
26.7,74.7,31.9,2.6,2,90.9,1,3,0.367,Medium,0
26.1,71.3,7.1,25.1,0,95.0,0,4,0.04,Low,0
24.3,89.4,9.4,0.2,8,74.6,1,1,0.462,Medium,0
27.9,80.5,11.6,8.7,0,95.0,1,5,0.0,Low,0
27.8,70.6,7.6,22.4,1,93.9,1,2,0.099,Low,0
33.8,44.8,6.1,0.0,20,49.4,1,9,0.989,Critical,1
29.1,77.8,10.3,20.4,4,87.0,1,5,0.197,Low,1
28.0,69.2,12.7,9.3,2,91.5,1,1,0.242,Low,0
25.8,77.0,6.4,7.9,2,90.4,1,2,0.053,Low,0
35.9,50.5,10.7,4.7,4,90.5,0,6,0.5,Medium,1
32.3,64.0,3.2,1.0,20,48.7,1,7,0.977,Critical,0
33.1,33.5,3.8,0.0,13,66.5,0,9,0.78,Critical,1
27.8,66.8,8.9,1.5,20,46.4,0,12,0.325,Low,0
27.0,83.8,6.1,13.1,0,95.0,1,1,0.034,Low,0
27.2,79.3,11.9,3.2,4,86.1,0,12,0.113,Low,0
33.5,44.9,8.1,0.0,6,84.2,1,8,0.93,Critical,1
25.3,74.5,12.0,3.5,2,90.2,0,5,0.082,Low,0
26.2,78.1,4.2,12.5,0,95.0,0,5,0.0,Low,0
25.9,78.8,12.7,7.3,1,92.9,0,1,0.113,Low,0
27.6,84.9,5.8,2.2,0,95.0,0,1,0.058,Low,1
24.8,75.7,6.5,18.4,1,92.4,1,5,0.0,Low,0
25.8,78.7,5.4,0.6,20,45.4,1,5,0.515,Medium,0
24.0,92.8,2.1,1.0,8,74.5,1,12,0.41,Medium,0
29.3,82.7,5.4,38.4,1,94.7,1,2,0.098,Low,0
27.0,53.5,4.7,1.7,13,63.5,0,7,0.332,Low,0
26.6,87.4,9.6,15.9,4,85.8,0,4,0.0,Low,0
32.2,60.3,9.6,0.3,8,78.6,1,8,0.748,High,1
27.4,81.9,15.1,41.4,1,93.7,1,12,0.079,Low,0
26.4,54.1,14.6,45.3,2,90.7,0,5,0.143,Low,0
26.9,76.2,8.0,17.2,1,93.4,1,12,0.0,Low,0
26.5,69.9,33.8,15.5,2,90.8,0,12,0.164,Low,0
31.6,44.2,17.2,0.0,15,60.8,0,9,0.701,High,1
28.0,75.0,14.8,6.5,1,94.0,0,5,0.167,Low,0
29.2,55.0,4.7,0.0,14,62.1,0,6,0.419,Medium,1
27.9,93.3,36.8,43.9,4,86.4,0,12,0.176,Low,0
32.6,54.3,5.3,8.1,4,88.8,0,6,0.354,Medium,0
30.0,49.0,21.9,0.0,22,42.5,0,9,0.841,Critical,1
33.5,56.8,6.7,0.0,21,46.7,0,7,0.68,High,1
29.5,77.6,9.4,3.4,3,89.8,0,2,0.119,Low,0
30.8,37.5,17.1,0.0,17,55.4,0,9,0.806,Critical,1
31.9,40.9,24.2,0.0,16,58.5,0,9,0.733,High,0
28.7,71.7,4.6,5.6,2,91.9,0,11,0.25,Low,0
26.9,85.4,13.0,13.1,3,88.5,1,4,0.052,Low,0
28.4,77.6,11.6,26.0,1,94.2,1,2,0.146,Low,0
32.6,51.4,16.3,1.7,11,71.3,0,7,0.581,High,1
25.2,83.5,3.3,0.1,8,75.1,0,5,0.151,Low,0
33.6,44.6,14.6,0.0,22,44.3,0,8,0.845,Critical,0
28.0,74.9,20.0,55.6,3,89.0,0,3,0.115,Low,0
27.6,73.7,1.6,31.6,4,86.3,0,10,0.089,Low,0
30.4,49.9,18.3,0.7,19,50.2,0,6,0.857,Critical,1
30.8,85.0,5.2,5.3,3,90.4,1,2,0.401,Medium,0
26.0,38.4,14.9,0.0,11,68.0,1,6,0.854,Critical,1
25.0,64.3,11.7,35.5,0,95.0,0,5,0.0,Low,0
33.5,61.4,9.6,0.0,13,66.8,0,6,0.669,High,1
29.1,79.8,3.3,3.9,4,87.0,0,3,0.177,Low,0
28.0,71.6,11.4,0.1,22,41.5,0,10,0.44,Medium,0
27.8,71.6,7.5,2.6,3,88.9,1,12,0.147,Low,0
26.0,74.9,14.5,2.0,24,35.5,0,2,0.326,Low,0
34.2,61.2,9.5,0.0,20,49.6,1,8,0.986,Critical,1
24.1,78.0,13.5,1.8,24,34.6,0,5,0.27,Low,0
27.7,76.3,3.3,18.3,0,95.0,0,4,0.0,Low,0
24.5,78.0,14.6,23.5,4,84.7,1,3,0.01,Low,0
29.4,89.1,16.5,21.8,0,95.0,0,3,0.108,Low,1
28.0,76.3,8.3,3.0,4,86.5,0,10,0.241,Low,0
30.6,86.7,13.8,9.8,3,90.3,1,1,0.404,Medium,1
26.0,70.7,0.8,14.2,3,88.0,0,5,0.007,Low,0
32.7,88.4,5.7,5.7,4,88.9,0,12,0.289,Low,0
33.1,68.8,13.8,6.9,0,95.0,0,6,0.393,Medium,0
24.4,82.4,12.1,28.0,0,94.7,1,1,0.008,Low,0
25.2,87.9,12.4,39.3,3,87.6,1,5,0.0,Low,0
26.9,76.9,5.4,16.0,1,93.4,0,2,0.01,Low,0
33.5,58.3,14.7,2.0,4,89.3,0,7,0.508,Medium,0
24.0,86.7,4.8,19.6,3,87.0,1,5,0.0,Low,0
33.8,59.6,1.1,0.0,12,69.4,1,8,0.841,Critical,1
28.6,90.9,10.8,32.8,2,91.8,0,1,0.111,Low,0
26.4,83.3,3.4,20.6,3,88.2,0,1,0.024,Low,0
25.7,73.0,3.6,11.0,1,92.9,0,2,0.0,Low,0
27.0,79.8,32.5,1.8,11,68.5,1,4,0.549,Medium,1
28.6,49.2,8.3,0.0,5,84.3,1,9,0.626,High,1
24.5,90.7,2.5,5.3,2,89.8,0,1,0.139,Low,0
26.7,84.0,3.2,5.7,3,88.4,0,5,0.021,Low,0
24.0,84.8,10.5,10.5,2,89.5,0,2,0.0,Low,0
26.1,73.5,7.2,21.2,0,95.0,0,3,0.014,Low,0
27.4,78.5,6.3,24.0,4,86.2,1,11,0.032,Low,1
32.0,38.2,5.9,3.0,1,95.0,0,6,0.566,High,1
27.5,68.5,24.7,15.5,2,91.2,0,10,0.12,Low,0
27.2,72.3,10.1,10.4,1,93.6,1,4,0.051,Low,0
27.2,75.7,12.9,18.0,1,93.6,0,1,0.041,Low,0
26.7,78.2,27.6,45.2,1,93.3,1,10,0.138,Low,0
27.5,78.5,17.7,15.1,4,86.3,0,12,0.0,Low,0
32.4,56.2,10.4,0.5,6,83.7,1,9,0.763,Critical,1
30.7,67.3,22.7,1.2,18,52.9,0,5,0.49,Medium,1
33.3,33.5,7.5,0.0,19,51.7,0,6,0.869,Critical,1
28.9,76.2,2.5,16.0,4,87.0,0,12,0.16,Low,0
31.1,58.2,26.3,9.2,1,95.0,1,7,0.468,Medium,0
24.8,78.3,15.0,21.6,3,87.4,1,1,0.005,Low,0
28.4,67.1,6.5,3.3,3,89.2,1,12,0.273,Low,0
30.5,71.6,3.9,21.3,2,92.7,1,1,0.374,Medium,1
25.9,75.8,2.4,41.3,1,93.0,0,2,0.0,Low,0
26.1,65.3,4.7,12.0,0,95.0,0,2,0.133,Low,0
26.5,95.0,15.0,3.2,1,93.2,1,2,0.113,Low,0
30.2,64.3,3.2,0.0,6,82.6,0,8,0.503,Medium,0
25.7,80.3,5.2,14.6,2,90.3,0,5,0.0,Low,1
28.5,73.4,20.5,3.6,2,91.8,1,4,0.22,Low,0
26.6,73.8,23.0,4.2,1,93.3,0,4,0.179,Low,1
28.6,70.9,13.0,7.3,2,91.8,0,10,0.1,Low,0
24.0,84.5,7.5,8.1,3,87.0,0,12,0.031,Low,0
24.5,89.4,8.3,0.3,5,82.2,0,2,0.141,Low,0
35.7,48.5,7.9,6.6,1,95.0,1,8,0.785,Critical,1
26.6,88.2,14.8,16.3,2,90.8,0,11,0.0,Low,0
25.8,70.3,7.7,0.5,22,40.4,0,10,0.466,Medium,1
28.9,44.5,4.1,0.0,7,79.5,1,6,0.772,Critical,1
29.4,80.8,7.1,2.9,3,89.7,1,10,0.353,Medium,0
27.0,81.0,9.6,10.0,4,86.0,0,12,0.038,Low,0
31.1,35.7,16.2,0.0,17,55.5,0,6,0.781,Critical,1
27.7,67.1,11.2,0.7,8,76.3,0,11,0.252,Low,0
30.8,35.8,5.2,0.0,6,82.9,0,7,0.713,High,1
25.2,68.1,3.0,23.3,3,87.6,0,10,0.0,Low,0
27.1,75.4,11.9,32.4,2,91.1,1,5,0.02,Low,0
27.3,65.6,3.4,8.1,3,88.7,0,11,0.0,Low,1
24.7,75.9,5.8,2.6,3,87.3,1,3,0.188,Low,0
30.4,50.8,15.3,0.0,19,50.2,0,6,0.669,High,1
29.4,78.8,9.3,4.0,2,92.2,1,1,0.194,Low,0
32.3,46.0,11.1,0.0,6,83.7,0,8,0.561,High,1
31.9,50.3,1.1,0.0,24,38.4,0,7,0.655,High,1
29.1,84.4,8.3,7.1,1,94.5,0,11,0.175,Low,0
30.0,48.4,27.0,0.0,11,70.0,0,9,0.737,High,0
27.4,70.8,9.3,11.3,0,95.0,0,5,0.0,Low,0
28.0,69.3,11.9,6.7,1,94.0,1,3,0.236,Low,0
30.2,68.6,7.6,9.2,1,95.0,0,2,0.211,Low,0
27.3,75.8,7.9,5.7,0,95.0,0,1,0.046,Low,1
26.2,70.5,9.2,0.6,11,68.1,1,3,0.325,Low,0
24.8,71.3,12.5,4.0,2,89.9,0,5,0.113,Low,0
24.0,93.7,11.9,15.8,3,87.0,1,4,0.0,Low,0
28.5,80.6,0.8,6.4,0,95.0,0,4,0.066,Low,0
30.3,53.5,0.6,0.0,6,82.7,1,8,0.928,Critical,0
29.8,47.9,4.4,0.0,18,52.4,1,8,0.911,Critical,1
28.8,92.5,8.6,7.8,0,95.0,1,11,0.232,Low,0
30.8,53.2,5.2,0.0,12,67.9,0,8,0.662,High,1
30.2,80.9,13.9,0.1,22,42.6,0,5,0.521,Medium,0
28.2,75.8,5.7,8.8,1,94.1,0,11,0.04,Low,0
34.3,65.4,11.7,0.0,13,67.1,0,7,0.644,High,1
24.4,76.1,8.7,8.1,0,94.7,0,2,0.002,Low,0
31.4,55.5,9.9,0.0,5,85.7,1,7,0.717,High,0
30.0,30.5,3.9,0.0,17,55.0,0,8,0.762,Critical,0
25.7,83.2,5.9,33.3,2,90.4,0,10,0.094,Low,0
24.0,75.4,10.3,6.5,2,89.5,0,4,0.073,Low,0
27.0,76.5,16.1,13.8,0,95.0,0,5,0.066,Low,0
30.7,49.4,5.0,0.0,8,77.9,0,7,0.633,High,0
32.2,48.0,11.0,1.9,9,76.1,0,7,0.537,Medium,0
30.0,73.9,5.6,4.8,3,90.0,0,5,0.125,Low,0
31.4,31.2,4.3,2.4,0,95.0,0,9,0.566,High,1
27.9,94.3,6.5,17.5,0,95.0,0,2,0.029,Low,0
26.1,80.1,2.8,13.6,4,85.5,0,2,0.0,Low,0
29.1,71.0,3.1,12.7,0,95.0,0,2,0.042,Low,1
26.7,76.9,20.6,9.6,2,90.9,1,11,0.042,Low,0
25.4,77.1,10.5,0.3,5,82.7,0,1,0.148,Low,0
28.4,77.3,15.3,57.4,4,86.7,0,11,0.196,Low,0
28.2,75.3,5.9,4.7,1,94.1,0,10,0.105,Low,0
31.2,83.3,4.1,1.5,24,38.1,1,12,0.694,High,1
24.9,71.8,11.2,16.3,1,92.5,0,12,0.0,Low,1
27.8,81.5,12.0,18.8,4,86.4,0,2,0.006,Low,0
28.2,79.9,17.8,1.6,20,46.6,1,5,0.585,High,0
36.3,53.3,7.7,0.0,13,68.1,0,7,0.732,High,0
29.0,42.9,3.4,3.3,0,95.0,0,7,0.341,Low,1
27.5,73.6,12.2,0.5,8,76.2,0,1,0.278,Low,0
27.5,73.5,28.4,24.4,2,91.3,0,3,0.062,Low,0
31.1,58.7,7.8,0.0,13,65.5,1,6,0.815,Critical,1
32.9,63.2,16.0,3.3,2,94.0,1,8,0.498,Medium,1
29.0,26.1,6.6,0.0,23,39.5,1,7,0.975,Critical,1
24.0,70.4,7.2,19.3,3,87.0,0,12,0.019,Low,0
31.7,75.5,12.4,13.8,0,95.0,0,10,0.248,Low,0
29.8,58.3,3.3,0.0,22,42.4,0,8,0.462,Medium,1
27.2,67.6,4.2,11.1,0,95.0,1,6,0.088,Low,0
34.8,43.4,4.6,0.8,12,69.9,0,7,0.756,Critical,0
27.6,72.3,13.7,25.7,4,86.3,1,4,0.0,Low,0
30.5,54.2,21.7,0.0,5,85.2,0,6,0.596,High,0
27.3,81.6,10.5,37.2,4,86.2,0,11,0.0,Low,0
29.5,48.7,4.6,0.0,21,44.8,1,9,0.876,Critical,1
25.9,78.3,8.0,40.7,0,95.0,0,1,0.045,Low,0
25.1,80.5,19.9,0.2,7,77.5,0,1,0.321,Low,0
26.5,71.0,1.5,36.4,0,95.0,0,4,0.038,Low,0
24.5,71.6,15.6,0.6,11,67.3,0,2,0.376,Medium,0
25.8,87.8,14.8,8.5,2,90.4,1,11,0.059,Low,0
25.4,89.0,8.8,15.2,0,95.0,0,5,0.069,Low,0
26.5,94.2,15.2,6.8,3,88.3,1,2,0.072,Low,0
27.1,78.3,36.0,21.7,1,93.6,1,3,0.05,Low,0
30.1,77.2,8.5,45.7,1,95.0,0,5,0.259,Low,0
27.2,76.0,10.6,6.4,1,93.6,1,2,0.088,Low,0
26.3,75.3,10.8,2.8,0,95.0,1,5,0.198,Low,0
24.0,82.0,4.3,6.1,0,94.5,1,5,0.062,Low,0
27.4,82.6,19.7,4.4,3,88.7,0,1,0.145,Low,0
28.0,65.6,6.4,33.3,4,86.5,0,2,0.102,Low,0
25.8,80.1,9.6,25.6,3,87.9,1,2,0.0,Low,0
27.6,74.1,7.8,18.4,2,91.3,1,12,0.007,Low,0
28.3,70.8,13.1,20.8,1,94.2,0,5,0.062,Low,0
25.3,79.5,23.1,8.0,0,95.0,1,2,0.103,Low,1
27.3,80.1,1.2,11.6,3,88.6,0,2,0.0,Low,0
30.0,64.9,0.9,2.5,4,87.5,0,3,0.27,Low,0
33.3,51.4,4.6,3.1,3,91.6,1,7,0.767,Critical,1
25.7,69.4,3.5,8.8,2,90.4,1,4,0.078,Low,0
25.3,75.1,7.7,11.9,1,92.6,0,4,0.0,Low,0
26.8,70.6,2.2,7.2,1,93.4,0,12,0.11,Low,0
32.0,56.2,9.1,4.7,1,95.0,1,9,0.404,Medium,1
26.0,86.1,11.8,4.2,1,93.0,0,3,0.063,Low,1
25.5,70.4,23.3,23.3,3,87.8,0,3,0.096,Low,0
30.3,61.7,13.7,0.0,7,80.2,0,6,0.487,Medium,0
29.6,25.0,1.4,2.5,4,87.3,1,9,0.604,High,1
24.0,76.9,3.7,1.8,11,67.0,0,2,0.183,Low,0
26.1,50.7,11.3,33.3,3,88.1,1,5,0.26,Low,0
26.2,73.0,17.3,8.9,1,93.1,0,3,0.057,Low,0
31.4,46.3,4.6,0.0,11,70.7,0,6,0.606,High,1
33.3,40.7,10.7,0.0,10,74.1,1,7,1.0,Critical,1
27.4,70.7,14.3,46.0,4,86.2,0,4,0.0,Low,0
27.6,82.3,7.2,13.1,0,95.0,0,5,0.016,Low,1
27.9,75.6,6.1,1.7,11,69.0,1,11,0.307,Low,0
29.4,70.3,24.7,24.9,4,87.2,1,12,0.247,Low,0
32.9,46.3,9.2,0.0,15,61.4,1,9,1.0,Critical,1
24.3,67.7,25.1,11.8,2,89.6,1,4,0.367,Medium,0
37.0,40.8,2.4,2.2,2,95.0,0,7,0.557,High,1
28.7,85.9,2.1,11.8,3,89.3,0,5,0.104,Low,1
25.5,69.0,25.5,23.7,4,85.3,1,10,0.179,Low,0
28.4,85.2,5.7,8.4,3,89.2,1,1,0.114,Low,0
25.4,82.6,1.9,5.1,2,90.2,0,3,0.002,Low,0
24.6,84.2,1.9,15.6,0,94.8,0,12,0.081,Low,0
26.6,63.6,3.1,9.5,3,88.3,1,3,0.0,Low,0
25.1,75.8,14.0,29.6,4,85.1,1,2,0.037,Low,1
27.3,71.7,22.1,2.9,2,91.2,0,5,0.215,Low,0
27.2,87.3,10.3,0.7,17,53.6,0,1,0.329,Low,0
27.4,76.8,4.8,2.7,1,93.7,0,10,0.092,Low,0
32.4,56.0,8.9,0.0,14,63.7,0,8,0.553,High,1
27.1,91.4,7.7,9.2,0,95.0,0,2,0.02,Low,0
29.0,44.1,24.3,2.5,0,95.0,0,6,0.453,Medium,0
25.2,85.3,2.2,11.3,4,85.1,0,1,0.0,Low,0
29.7,84.9,1.5,8.6,2,92.3,0,2,0.187,Low,0
26.8,76.7,12.2,48.1,4,85.9,1,10,0.06,Low,0
29.3,84.1,5.8,26.8,2,92.1,0,1,0.103,Low,1
28.1,95.0,3.1,4.5,3,89.0,0,1,0.112,Low,0
28.4,49.3,11.5,0.0,24,36.7,1,6,0.887,Critical,1
24.0,76.9,32.4,8.9,3,87.0,1,4,0.11,Low,0
30.2,49.6,6.7,0.0,22,42.6,0,8,0.704,High,1
24.0,83.0,3.9,15.9,2,89.5,0,5,0.0,Low,0
25.3,92.7,10.3,36.9,1,92.7,0,3,0.0,Low,0
33.7,52.5,3.7,1.6,7,81.8,1,9,0.904,Critical,1
28.3,74.0,5.0,17.7,1,94.1,1,12,0.092,Low,0
31.3,29.8,2.9,0.0,7,80.7,1,8,1.0,Critical,0
28.8,75.3,10.2,6.0,0,95.0,1,3,0.224,Low,1
25.5,68.8,20.0,11.7,2,90.3,0,4,0.086,Low,0
32.8,57.5,14.1,7.8,3,91.4,1,9,0.46,Medium,1
26.5,89.6,5.5,2.2,4,85.8,0,4,0.107,Low,0
26.8,76.1,23.6,0.0,18,50.9,1,8,0.704,High,1
32.8,50.2,11.0,0.0,21,46.4,0,7,0.71,High,1
27.2,70.5,11.5,10.2,0,95.0,0,5,0.064,Low,0
27.5,76.7,7.0,21.8,4,86.3,1,4,0.0,Low,0
26.5,77.7,8.6,3.7,1,93.2,1,4,0.093,Low,0
24.0,82.5,1.9,17.4,4,84.5,0,4,0.056,Low,0
31.4,65.5,1.8,2.1,3,90.7,0,6,0.385,Medium,1
33.2,45.4,13.0,2.1,3,91.6,0,6,0.552,High,1
29.0,89.8,11.9,12.1,4,87.0,1,2,0.196,Low,0
27.7,76.3,8.1,2.9,1,93.9,0,10,0.145,Low,0
32.8,49.6,13.1,2.0,1,95.0,0,7,0.43,Medium,0
31.5,65.5,5.8,5.0,1,95.0,0,7,0.229,Low,1
26.5,84.1,8.8,11.6,0,95.0,1,4,0.0,Low,0
28.8,83.7,6.3,3.6,3,89.4,1,2,0.269,Low,0
27.6,74.1,5.5,37.2,4,86.3,0,11,0.0,Low,0
34.3,54.0,12.3,0.0,18,54.6,0,8,0.879,Critical,1
26.3,76.3,2.9,12.1,3,88.2,0,12,0.0,Low,0
29.1,89.1,25.1,10.9,0,95.0,0,11,0.212,Low,0
32.8,60.0,14.0,0.0,17,56.4,0,9,0.639,High,1
28.0,79.5,3.5,20.3,2,91.5,0,3,0.0,Low,0
24.0,77.3,22.8,16.0,3,87.0,1,10,0.197,Low,0
28.9,61.4,11.8,0.0,24,36.9,0,9,0.607,High,1
26.6,74.6,8.6,6.4,1,93.3,1,3,0.079,Low,0
29.9,42.3,12.0,0.0,7,80.0,1,9,0.676,High,1
27.5,69.8,1.0,4.5,1,93.8,0,4,0.169,Low,0
29.2,49.2,11.2,3.9,1,94.6,1,7,0.326,Low,0
29.7,70.9,17.6,6.0,2,92.4,1,2,0.321,Low,0
28.5,72.9,4.2,20.3,2,91.7,0,12,0.088,Low,0
24.9,66.8,8.6,3.1,1,92.5,0,10,0.151,Low,0
35.7,36.7,13.5,0.3,22,45.4,1,8,0.954,Critical,0
29.0,78.7,15.8,6.0,2,92.0,1,5,0.252,Low,0
26.6,85.4,1.6,17.5,0,95.0,1,10,0.007,Low,0
27.5,62.6,8.7,2.4,2,91.2,0,6,0.21,Low,0
28.7,91.1,16.9,7.4,1,94.3,0,1,0.162,Low,1
25.1,90.3,3.1,41.6,1,92.5,0,11,0.065,Low,0
30.2,32.5,11.8,2.7,4,87.6,1,8,0.839,Critical,1
24.0,83.8,8.3,0.0,19,47.0,0,2,0.322,Low,0
24.0,67.7,10.7,27.1,0,94.5,1,5,0.077,Low,0
27.9,84.2,15.1,15.9,3,89.0,1,2,0.095,Low,0
26.4,64.6,31.6,27.3,3,88.2,0,12,0.153,Low,0
26.9,85.9,8.2,2.9,0,95.0,0,11,0.099,Low,0
27.3,83.4,3.9,5.0,1,93.7,1,1,0.136,Low,0
24.5,83.9,9.6,39.6,2,89.7,1,4,0.006,Low,0
32.8,50.3,8.2,0.0,22,43.9,1,9,1.0,Critical,1
26.3,68.3,2.3,29.4,2,90.7,0,2,0.1,Low,0
29.9,79.0,14.3,24.6,2,92.5,1,3,0.161,Low,0
25.1,68.6,15.4,19.1,2,90.0,1,3,0.056,Low,0
27.7,82.3,7.8,7.4,0,95.0,0,1,0.049,Low,0
32.4,56.9,27.5,1.6,15,61.2,0,8,0.422,Medium,0
26.8,85.4,15.9,6.0,3,88.4,1,1,0.164,Low,0
30.9,76.0,4.3,8.8,4,87.9,0,5,0.113,Low,0
26.6,81.4,1.9,1.7,5,83.3,1,2,0.147,Low,0
32.7,43.9,2.8,0.0,8,78.9,0,6,0.59,High,1
29.8,45.6,17.6,0.0,18,52.4,1,6,0.913,Critical,1
33.1,29.3,10.2,0.0,21,46.5,1,6,1.0,Critical,1
26.7,63.7,13.1,0.6,20,45.8,0,6,0.471,Medium,0
24.2,75.7,14.4,24.9,2,89.6,0,4,0.009,Low,0
35.1,45.7,19.1,4.3,0,95.0,1,8,0.822,Critical,1
25.9,73.5,5.1,20.0,3,87.9,1,1,0.0,Low,0
29.8,79.9,15.0,6.4,3,89.9,0,3,0.281,Low,0
33.4,51.3,13.8,8.1,3,91.7,0,7,0.513,Medium,1
30.3,49.6,11.3,0.0,8,77.7,0,9,0.527,Medium,0
26.5,68.6,12.1,4.1,3,88.3,0,12,0.183,Low,1
25.5,89.2,11.4,57.2,1,92.7,1,5,0.012,Low,0
29.5,82.4,5.1,26.9,4,87.2,0,12,0.043,Low,0
29.7,63.2,17.8,0.0,23,39.9,1,9,0.878,Critical,1
33.8,53.6,4.3,2.7,2,94.4,0,8,0.466,Medium,1
26.1,83.3,4.7,1.6,21,43.1,0,2,0.228,Low,0
27.6,76.7,7.8,0.7,14,61.3,0,3,0.272,Low,0
27.4,74.4,30.0,0.8,10,71.2,0,2,0.361,Medium,0
30.0,82.5,8.1,4.6,4,87.5,1,5,0.221,Low,0
27.5,70.3,2.1,30.1,4,86.3,1,4,0.082,Low,0
31.2,37.0,5.0,0.0,9,75.6,0,6,0.704,High,0
35.7,57.0,6.1,0.0,21,47.8,0,9,0.631,High,0
31.7,38.4,8.1,0.0,12,68.4,0,7,0.784,Critical,1
31.3,65.5,6.5,11.0,4,88.1,0,11,0.242,Low,0
26.7,75.0,14.7,62.0,1,93.3,0,5,0.044,Low,0
26.8,79.6,9.7,36.2,3,88.4,0,2,0.038,Low,0
28.3,60.0,5.8,7.2,1,94.2,1,4,0.315,Low,0
28.8,77.3,2.7,1.2,20,46.9,0,12,0.368,Medium,1
25.3,81.9,22.1,12.3,4,85.2,1,1,0.076,Low,0
34.9,47.3,22.0,3.8,2,95.0,1,9,0.843,Critical,0
28.7,77.8,18.8,100.0,2,91.9,1,11,0.184,Low,0
24.0,59.0,9.3,3.4,2,89.5,1,3,0.121,Low,1
32.1,61.6,1.4,0.0,22,43.6,1,9,0.88,Critical,1
29.2,85.3,2.8,5.3,0,95.0,1,1,0.28,Low,0
28.5,79.1,36.0,3.6,3,89.3,0,10,0.25,Low,0
30.5,43.2,4.1,0.0,24,37.7,1,9,1.0,Critical,0
32.9,42.1,3.9,3.7,1,95.0,0,6,0.436,Medium,0
32.7,45.5,12.9,0.0,19,51.3,0,9,0.766,Critical,0
25.7,68.9,5.5,5.2,0,95.0,0,1,0.109,Low,1
29.2,82.4,6.1,9.2,1,94.6,1,11,0.159,Low,0
26.8,74.7,3.2,25.5,1,93.4,0,10,0.068,Low,0
33.2,45.3,13.1,0.0,16,59.1,1,7,0.991,Critical,1
30.9,40.9,1.1,0.0,15,60.5,0,6,0.667,High,1
24.0,75.5,14.0,5.5,2,89.5,0,10,0.031,Low,0
24.0,83.5,10.8,1.6,15,57.0,1,1,0.378,Medium,1
26.6,81.6,9.7,5.4,3,88.3,0,2,0.031,Low,0
29.5,79.5,0.6,25.0,1,94.8,0,12,0.137,Low,0
24.0,80.9,4.1,32.4,0,94.5,0,5,0.022,Low,0
34.1,52.7,16.4,0.0,11,72.0,1,7,0.981,Critical,1
29.3,86.8,4.3,24.9,2,92.1,0,11,0.107,Low,0
31.0,54.3,14.1,0.0,15,60.5,0,6,0.673,High,0
27.5,75.8,6.6,7.1,4,86.2,0,2,0.116,Low,0
24.0,85.7,11.6,6.8,0,94.5,0,12,0.112,Low,0
30.8,43.5,3.7,14.7,1,95.0,0,8,0.364,Medium,1
29.7,88.7,18.2,23.2,2,92.4,0,10,0.125,Low,0
26.8,76.8,5.0,20.5,2,90.9,1,1,0.008,Low,0
35.7,32.0,5.0,0.8,13,67.8,0,8,0.765,Critical,1
35.8,56.9,11.4,0.0,15,62.9,0,6,0.7,High,1
33.8,37.6,8.5,0.0,19,51.9,0,7,0.866,Critical,1
29.9,83.9,16.0,2.6,0,95.0,1,5,0.434,Medium,0
26.9,68.2,13.4,9.4,1,93.4,0,12,0.147,Low,1
24.9,54.8,15.3,18.6,4,85.0,1,5,0.383,Medium,1
26.9,76.7,12.5,3.6,2,91.0,0,10,0.093,Low,1
26.1,68.8,34.6,9.9,1,93.0,1,11,0.213,Low,0
33.9,39.9,17.1,0.0,17,56.9,0,8,0.971,Critical,1
34.5,42.9,40.3,0.0,21,47.3,1,8,1.0,Critical,1
24.9,65.6,22.5,0.3,8,74.9,1,4,0.525,Medium,0
24.2,79.1,1.7,0.8,5,82.1,0,10,0.18,Low,0
27.3,74.8,22.9,0.8,19,48.6,0,4,0.438,Medium,0
32.7,66.5,5.1,1.6,14,63.8,0,7,0.468,Medium,0
35.1,59.8,11.6,0.0,6,85.0,0,9,0.594,High,0
26.2,73.4,1.1,4.0,0,95.0,0,2,0.0,Low,0
31.5,43.6,15.1,7.5,3,90.8,0,6,0.432,Medium,0
27.2,65.1,4.6,7.3,1,93.6,1,5,0.132,Low,0
25.8,70.0,10.4,6.1,0,95.0,1,3,0.134,Low,0
31.8,78.4,4.2,1.1,11,70.9,1,2,0.62,High,1
24.8,78.8,26.8,32.5,3,87.4,0,12,0.1,Low,0
31.1,36.2,5.4,0.0,12,68.1,0,9,0.739,High,1
25.0,75.2,7.9,19.6,0,95.0,0,2,0.007,Low,0
30.0,74.8,7.4,5.4,0,95.0,0,5,0.217,Low,0
25.8,82.7,14.1,5.6,2,90.4,1,12,0.146,Low,0
30.2,59.2,26.0,0.0,23,40.1,1,9,0.999,Critical,1
32.6,50.3,19.8,0.0,17,56.3,0,9,0.836,Critical,1
25.0,76.0,10.3,13.8,1,92.5,0,10,0.016,Low,0
29.3,79.5,4.2,18.0,2,92.1,1,11,0.123,Low,0
27.7,65.8,4.3,18.3,3,88.8,1,2,0.0,Low,1
31.3,46.5,8.2,1.6,13,65.6,0,8,0.493,Medium,0
30.6,33.5,17.6,1.2,6,82.8,1,9,0.987,Critical,1
33.0,61.6,14.6,3.2,4,89.0,1,8,0.699,High,1
32.5,56.0,15.2,0.0,6,83.8,0,9,0.524,Medium,0
35.4,44.5,18.4,0.0,18,55.2,1,6,0.941,Critical,1
24.6,70.7,6.5,19.2,2,89.8,0,2,0.0,Low,0
34.0,56.2,6.3,6.4,0,95.0,1,7,0.632,High,1
30.0,77.3,13.3,14.0,3,90.0,0,1,0.181,Low,0
26.7,74.1,18.1,36.3,3,88.3,0,5,0.088,Low,1
25.9,61.1,5.9,67.3,1,93.0,0,10,0.104,Low,1
24.6,75.1,15.2,9.3,3,87.3,0,5,0.0,Low,0
29.3,70.4,4.1,0.0,15,59.7,0,6,0.375,Medium,1
26.3,86.6,9.5,11.2,1,93.2,0,3,0.018,Low,1
28.0,74.4,24.3,38.5,1,94.0,0,2,0.137,Low,0
26.0,82.3,4.4,11.8,2,90.5,0,12,0.0,Low,0
38.0,38.0,1.9,0.0,11,74.0,0,6,0.791,Critical,0
30.9,70.9,11.9,0.7,24,38.0,1,4,0.798,Critical,1
31.7,46.1,16.5,0.0,24,38.4,1,8,0.975,Critical,0
27.5,76.1,4.6,7.1,0,95.0,0,4,0.024,Low,0
32.0,49.1,2.0,1.1,20,48.5,1,8,0.856,Critical,1
25.8,66.7,13.7,38.8,0,95.0,1,4,0.111,Low,0
26.7,70.0,6.2,4.5,0,95.0,0,11,0.102,Low,0
28.5,80.7,3.7,16.5,0,95.0,0,11,0.2,Low,1
29.2,84.1,4.0,23.0,0,95.0,0,2,0.125,Low,0
29.0,83.3,7.0,55.7,1,94.5,1,2,0.178,Low,0
33.3,42.8,13.8,2.9,1,95.0,0,9,0.604,High,1
31.5,80.6,18.1,0.8,24,38.2,1,2,0.916,Critical,1
25.8,78.2,1.3,1.4,9,72.9,1,3,0.238,Low,0
29.3,80.1,10.4,7.3,4,87.1,0,10,0.222,Low,1
33.7,68.0,21.9,0.0,11,71.9,1,6,1.0,Critical,1
32.9,55.1,11.3,0.5,15,61.5,0,9,0.603,High,1
30.1,75.0,5.3,11.9,4,87.5,0,4,0.291,Low,0
28.2,48.1,21.7,1.5,6,81.6,1,6,0.678,High,0
27.2,79.6,7.3,23.5,0,95.0,0,11,0.038,Low,0
25.4,67.1,7.2,20.0,2,90.2,0,12,0.07,Low,0
28.0,95.0,20.6,7.3,2,91.5,0,1,0.209,Low,0
27.8,82.8,13.3,2.2,0,95.0,1,3,0.238,Low,0
34.8,37.0,9.6,0.0,21,47.4,1,9,1.0,Critical,1
30.1,64.7,10.3,0.0,11,70.0,0,6,0.574,High,1
27.4,63.7,19.8,20.2,2,91.2,1,12,0.102,Low,0
30.6,47.7,2.1,0.4,21,45.3,0,7,0.725,High,1
29.8,74.6,4.9,4.8,4,87.4,0,1,0.179,Low,0
28.4,66.8,19.2,10.0,0,95.0,0,1,0.228,Low,0
30.1,49.4,14.7,0.0,23,40.1,0,6,0.719,High,0
27.0,82.4,4.3,10.8,1,93.5,0,2,0.013,Low,0
36.1,34.5,8.4,0.0,14,65.5,0,8,0.923,Critical,1
25.2,75.7,7.4,1.8,7,77.6,1,1,0.157,Low,0
32.7,73.2,21.2,0.0,13,66.3,0,9,0.526,Medium,0
27.9,89.2,6.8,3.7,0,95.0,1,12,0.066,Low,0
25.4,31.0,3.9,0.0,12,65.2,0,6,0.473,Medium,1
32.7,47.7,4.4,0.0,11,71.3,0,7,0.641,High,1
30.8,55.9,24.0,0.0,17,55.4,0,8,0.667,High,1
34.1,29.2,7.2,1.7,12,69.5,1,8,0.958,Critical,1
36.6,64.0,7.0,0.0,13,68.3,0,6,0.542,Medium,0
27.6,92.3,5.3,0.3,21,43.8,1,3,0.549,Medium,1
34.5,36.8,7.3,0.0,5,87.2,1,9,0.951,Critical,0
25.3,83.4,6.2,2.6,2,90.1,0,5,0.115,Low,1
34.8,26.9,12.4,0.0,6,84.9,0,6,0.819,Critical,1
32.6,63.6,11.6,0.0,16,58.8,0,6,0.582,High,0
29.3,91.1,20.8,12.6,4,87.2,0,11,0.089,Low,1
27.4,69.2,7.7,13.3,0,95.0,0,1,0.103,Low,0
33.3,68.4,2.9,0.8,19,51.7,0,8,0.698,High,1
25.8,75.0,17.8,38.8,0,95.0,0,10,0.048,Low,0
24.0,87.1,5.2,3.6,3,87.0,0,11,0.037,Low,0
34.7,43.9,14.7,0.0,18,54.8,0,8,0.928,Critical,0
26.5,82.0,1.2,2.5,1,93.3,1,3,0.082,Low,0
31.0,54.3,3.4,0.0,7,80.5,0,6,0.607,High,1
28.4,35.0,5.5,3.7,0,95.0,0,7,0.467,Medium,0
26.6,72.3,10.1,29.6,0,95.0,0,5,0.0,Low,0
27.3,78.4,7.5,23.5,0,95.0,1,1,0.0,Low,1
33.3,25.0,7.2,1.2,12,69.1,0,6,0.706,High,0
30.1,85.9,1.3,26.0,3,90.0,1,5,0.277,Low,0
25.7,79.5,17.6,11.4,0,95.0,0,3,0.074,Low,0
29.4,63.4,15.8,0.7,23,39.7,0,8,0.459,Medium,1
28.1,88.5,4.5,27.3,4,86.5,1,12,0.176,Low,0
27.2,84.3,10.5,0.6,24,36.1,1,1,0.53,Medium,1
30.3,45.1,12.8,1.8,8,77.6,0,7,0.611,High,1
31.7,47.9,1.9,0.0,6,83.4,1,6,0.939,Critical,1
28.3,82.7,24.0,10.0,0,95.0,1,2,0.19,Low,0
28.0,65.4,4.9,7.6,0,95.0,0,11,0.144,Low,0
27.3,82.4,5.8,11.0,1,93.7,0,1,0.021,Low,0
24.0,69.9,29.7,29.0,0,94.5,0,10,0.21,Low,1
26.5,66.7,38.5,19.2,0,95.0,1,4,0.176,Low,0
27.8,74.1,12.7,12.1,3,88.9,0,5,0.038,Low,0
27.1,81.6,1.4,27.0,1,93.5,0,5,0.0,Low,0
29.6,56.5,6.1,0.0,23,39.8,1,7,0.683,High,1
32.2,43.6,3.5,0.0,20,48.6,0,9,0.659,High,1
26.9,94.9,8.0,24.1,2,90.9,0,10,0.0,Low,0
31.5,41.1,5.2,0.0,23,40.7,0,7,0.647,High,1
26.2,95.0,15.3,0.2,11,68.1,0,12,0.316,Low,0
26.8,66.4,10.3,19.4,1,93.4,0,2,0.072,Low,0
36.8,31.8,13.2,0.0,7,83.4,0,6,0.844,Critical,1
27.3,79.5,3.5,8.6,4,86.2,0,3,0.0,Low,0
25.4,89.6,10.2,0.0,7,77.7,1,4,0.306,Low,0
25.1,73.8,9.8,39.8,4,85.1,0,10,0.035,Low,0
32.7,46.7,10.0,0.0,22,43.9,1,9,1.0,Critical,1
29.2,80.5,1.8,40.1,4,87.1,0,2,0.139,Low,0
26.0,81.0,21.9,10.0,1,93.0,1,1,0.118,Low,0
28.4,68.0,7.6,3.6,1,94.2,0,1,0.21,Low,0
33.3,42.6,10.0,0.0,12,69.2,0,6,0.671,High,1
27.7,87.6,12.5,19.7,0,95.0,1,4,0.136,Low,0
27.3,52.5,11.1,0.0,18,51.1,1,7,0.713,High,1
34.8,49.3,7.4,1.6,11,72.4,1,7,1.0,Critical,1
31.7,53.1,7.8,0.8,20,48.4,0,6,0.68,High,0
26.9,84.1,15.6,18.4,1,93.5,0,11,0.005,Low,0
25.6,82.6,15.5,77.4,4,85.3,0,12,0.015,Low,0
24.0,74.9,11.5,39.8,4,84.5,1,11,0.0,Low,0
32.5,54.8,26.5,3.2,0,95.0,1,9,0.739,High,1
33.7,38.5,2.5,0.0,20,49.4,1,8,0.982,Critical,1
28.5,60.5,15.8,1.1,24,36.8,1,9,0.668,High,1
34.7,61.9,9.0,0.0,12,69.8,0,6,0.664,High,1
33.9,36.1,10.6,4.5,1,95.0,0,8,0.628,High,0
28.3,72.9,4.9,5.0,4,86.7,0,11,0.152,Low,0
26.5,81.8,1.7,8.5,4,85.8,0,8,0.0,Low,0
26.3,83.2,4.1,17.1,3,88.1,0,11,0.0,Low,0
27.7,82.6,8.7,0.1,13,63.9,1,5,0.486,Medium,0
33.5,36.5,3.6,0.0,18,54.2,0,7,0.915,Critical,1
26.3,76.7,4.1,2.8,4,85.6,1,10,0.176,Low,0
28.8,79.6,14.9,9.6,3,89.4,1,3,0.217,Low,0
32.1,44.8,6.9,0.0,21,46.0,1,7,0.998,Critical,1
24.0,80.0,6.0,39.4,3,87.0,0,4,0.0,Low,0
29.6,75.9,5.3,12.5,3,89.8,0,4,0.1,Low,0
28.1,50.3,8.5,0.0,18,51.6,0,8,0.596,High,0
28.1,78.3,2.0,6.3,0,95.0,0,5,0.208,Low,0
28.2,77.8,1.5,18.3,0,95.0,0,4,0.123,Low,0
32.6,31.4,8.0,0.6,15,61.3,1,8,0.989,Critical,1
26.9,67.3,3.6,20.2,1,93.5,0,3,0.041,Low,0
25.9,78.0,16.2,3.7,0,95.0,1,10,0.141,Low,0
28.2,82.2,9.0,2.9,1,94.1,0,11,0.247,Low,1
26.5,83.4,21.3,1.4,15,58.3,0,12,0.355,Medium,1
30.2,72.5,19.5,3.0,2,92.6,0,1,0.272,Low,0
31.8,60.6,15.4,0.0,16,58.4,1,7,0.992,Critical,1
28.5,84.2,4.3,15.3,1,94.3,1,1,0.189,Low,0
32.1,49.2,21.8,3.6,4,88.6,1,7,0.675,High,1
33.2,65.0,8.5,0.0,21,46.6,1,8,1.0,Critical,1
30.5,78.6,8.4,0.9,21,45.2,0,4,0.579,High,1
26.1,70.2,10.4,2.5,2,90.5,1,10,0.142,Low,0
34.2,64.8,7.5,0.0,13,67.1,1,8,0.965,Critical,1
24.8,64.2,12.5,5.8,0,94.9,0,11,0.068,Low,0
34.5,67.0,27.0,0.0,9,77.2,0,7,0.738,High,1
25.3,89.6,6.5,4.2,3,87.6,1,2,0.103,Low,0
26.9,81.9,16.5,14.0,1,93.4,1,3,0.07,Low,0
26.9,79.7,9.8,4.6,0,95.0,0,3,0.095,Low,0
27.0,68.7,7.4,14.7,3,88.5,0,4,0.024,Low,0
28.5,90.7,8.6,0.4,15,59.2,1,12,0.604,High,1
35.8,45.5,0.5,0.4,8,80.4,0,7,0.676,High,1
25.8,72.2,32.5,21.6,0,95.0,1,4,0.106,Low,0
24.3,75.3,6.5,6.2,1,92.2,0,4,0.069,Low,0
27.5,81.2,16.2,1.9,16,56.3,1,12,0.447,Medium,1
30.2,86.4,11.2,12.7,4,87.6,0,5,0.163,Low,0
25.6,77.7,4.4,14.2,2,90.3,1,10,0.0,Low,0
24.5,73.9,14.7,25.0,1,92.3,0,1,0.049,Low,0
26.3,78.0,12.2,30.0,2,90.6,0,1,0.093,Low,0
28.2,74.4,12.7,8.7,0,95.0,0,5,0.152,Low,0
25.8,75.7,7.3,20.4,2,90.4,1,11,0.0,Low,0
27.3,79.7,8.1,10.5,0,95.0,0,5,0.0,Low,0
33.0,46.2,14.3,0.0,21,46.5,0,6,0.826,Critical,1
29.8,80.1,12.5,3.3,2,92.4,0,4,0.167,Low,0
26.9,79.2,10.4,37.3,2,91.0,1,10,0.0,Low,0
24.3,77.2,1.5,11.7,0,94.6,1,3,0.017,Low,1
25.3,70.5,12.3,14.9,1,92.6,0,12,0.039,Low,0
24.0,70.7,4.7,9.5,3,87.0,1,12,0.0,Low,0
32.6,45.2,0.6,1.0,21,46.3,0,7,0.691,High,1
26.7,52.1,10.6,2.0,22,40.8,0,6,0.391,Medium,0
26.6,85.5,4.5,11.8,3,88.3,0,3,0.0,Low,0
27.8,52.5,10.6,2.1,4,86.4,0,8,0.238,Low,0
29.7,72.9,2.1,8.4,2,92.4,1,1,0.186,Low,0
30.4,46.1,4.9,2.7,3,90.2,1,7,0.608,High,1
31.2,50.1,39.7,0.0,12,68.1,0,6,0.702,High,0
25.6,82.8,17.5,20.5,1,92.8,0,12,0.077,Low,0
28.4,56.3,10.2,0.0,10,71.7,1,8,0.635,High,0
26.9,82.7,2.0,16.8,3,88.4,0,5,0.016,Low,0
36.4,37.6,7.0,1.2,18,55.7,0,7,0.928,Critical,0
30.4,85.0,40.4,26.7,1,95.0,0,12,0.264,Low,0
27.2,85.7,14.5,16.3,0,95.0,0,10,0.0,Low,0
26.5,81.6,15.3,7.4,0,95.0,0,11,0.064,Low,0
25.8,80.4,7.4,74.3,0,95.0,0,10,0.0,Low,0
29.4,70.0,12.5,5.3,4,87.2,1,12,0.25,Low,0
29.4,76.1,16.9,0.0,17,54.7,0,9,0.459,Medium,1
37.2,26.2,9.8,0.0,19,53.6,1,7,0.984,Critical,1
32.3,60.3,11.2,0.0,14,63.7,1,8,0.779,Critical,1
31.5,65.6,3.3,4.7,0,95.0,0,8,0.268,Low,0
30.3,42.9,2.1,0.0,17,55.2,1,7,1.0,Critical,1
25.8,74.6,8.0,69.8,1,92.9,1,2,0.0,Low,1
27.7,81.5,10.6,2.2,3,88.9,1,11,0.165,Low,0
30.6,42.6,3.5,0.0,12,67.8,0,9,0.681,High,0
33.1,45.7,4.0,4.9,1,95.0,1,8,0.784,Critical,1
26.2,70.8,4.0,5.6,3,88.1,0,11,0.067,Low,0
33.0,54.9,8.1,0.0,13,66.5,1,8,0.993,Critical,1
26.0,91.9,17.4,26.2,0,95.0,1,10,0.067,Low,0
25.2,81.8,7.0,16.0,4,85.1,0,1,0.0,Low,0
30.6,68.2,1.2,40.1,0,95.0,0,2,0.304,Low,0
24.0,68.5,5.5,12.8,0,94.5,0,2,0.013,Low,0
29.9,75.3,10.7,1.6,5,85.0,1,3,0.297,Low,0
26.7,72.7,22.6,25.4,0,95.0,1,10,0.105,Low,0
30.7,68.3,7.1,20.1,1,95.0,0,3,0.332,Low,0
26.1,82.3,0.4,20.7,4,85.6,1,12,0.04,Low,0
28.2,84.0,2.1,2.0,4,86.6,0,10,0.206,Low,0
31.2,64.8,12.0,0.0,23,40.6,1,6,0.87,Critical,1
32.7,37.7,15.2,0.0,10,73.8,1,6,1.0,Critical,1
28.4,66.7,6.9,22.9,2,91.7,0,5,0.115,Low,0
38.0,44.3,15.2,0.3,6,86.5,0,9,0.761,Critical,1
26.8,81.8,25.9,17.4,2,90.9,0,12,0.025,Low,0
26.8,69.8,9.6,4.6,4,85.9,0,12,0.123,Low,0
26.7,83.3,5.7,14.6,2,90.9,1,1,0.0,Low,0
34.9,40.9,14.8,0.0,14,65.0,0,6,0.854,Critical,1
31.5,73.5,4.9,10.9,3,90.7,0,2,0.215,Low,0
24.7,78.9,7.8,13.7,3,87.3,1,2,0.016,Low,0
30.8,42.2,7.4,0.0,22,42.9,1,9,0.991,Critical,1
25.7,72.1,12.3,6.6,3,87.8,1,3,0.184,Low,0
29.1,80.9,7.0,1.1,23,39.5,0,1,0.265,Low,0
25.5,86.8,12.5,0.0,13,62.8,1,11,0.531,Medium,0
30.6,68.1,11.1,39.8,3,90.3,0,12,0.269,Low,0
35.8,51.0,9.8,0.0,13,67.9,0,9,0.729,High,1
26.0,78.4,2.4,7.0,0,95.0,0,12,0.079,Low,0
30.0,74.1,22.8,4.8,0,95.0,1,5,0.588,High,1
29.2,67.8,13.1,4.9,3,89.6,0,5,0.228,Low,0
27.4,82.1,18.0,26.3,3,88.7,0,2,0.0,Low,0
25.3,36.5,6.7,0.0,9,72.7,0,8,0.457,Medium,1
30.0,58.6,9.4,0.0,18,52.5,0,6,0.6,High,1
25.4,70.1,4.0,0.6,6,80.2,0,1,0.217,Low,0
27.8,82.0,14.2,6.3,3,88.9,0,11,0.113,Low,0
32.0,33.6,11.3,4.8,2,93.5,0,6,0.564,High,0
30.8,67.9,3.3,1.5,21,45.4,1,1,0.697,High,0
29.1,70.2,2.8,22.3,3,89.6,0,5,0.065,Low,1
28.6,70.2,7.5,25.2,3,89.3,0,3,0.124,Low,0
33.6,45.6,2.9,0.7,19,51.8,0,9,0.84,Critical,1
28.9,71.0,16.4,7.2,0,95.0,1,5,0.185,Low,0
35.5,45.8,4.7,0.0,9,77.7,1,8,1.0,Critical,1
29.6,62.8,14.4,29.2,3,89.8,0,11,0.194,Low,0
27.7,90.1,5.8,0.4,11,68.9,0,1,0.314,Low,0
26.8,45.0,6.9,0.0,17,53.4,0,7,0.466,Medium,0
24.0,77.3,5.4,4.0,1,92.0,1,3,0.1,Low,0
29.0,94.7,4.1,37.3,3,89.5,1,3,0.168,Low,1
33.9,60.0,24.5,3.8,3,92.0,1,8,0.716,High,1
29.1,73.6,4.5,14.3,3,89.5,0,2,0.134,Low,0
28.9,88.6,6.7,25.8,4,86.9,1,10,0.138,Low,0
29.1,73.6,3.8,10.2,2,92.0,0,2,0.053,Low,0
32.9,43.4,15.6,1.9,7,81.4,1,7,0.774,Critical,1
25.2,80.4,1.9,100.0,2,90.1,0,3,0.04,Low,0
34.2,59.5,3.8,3.6,4,89.6,0,8,0.381,Medium,0
30.1,62.2,5.1,42.4,0,95.0,1,3,0.313,Low,0
25.8,77.0,7.0,74.5,4,85.4,0,11,0.0,Low,1
36.1,51.7,16.6,0.0,19,53.1,1,9,1.0,Critical,1
27.6,59.4,1.8,0.0,12,66.3,1,9,0.402,Medium,0
27.0,74.7,7.3,38.3,4,86.0,1,11,0.0,Low,0
28.4,81.4,9.7,7.6,2,91.7,1,2,0.093,Low,0
24.0,84.4,9.2,50.6,0,94.5,1,2,0.104,Low,0
28.5,79.3,13.4,18.9,3,89.2,0,12,0.14,Low,0
26.3,83.1,13.5,0.1,23,38.1,1,10,0.666,High,1
33.9,61.4,7.0,0.0,6,84.4,1,9,0.902,Critical,0
27.8,77.1,12.6,1.4,13,63.9,0,1,0.195,Low,0
31.1,67.1,11.3,38.6,1,95.0,1,4,0.404,Medium,1
27.8,63.1,8.0,9.7,0,95.0,1,4,0.089,Low,0
28.0,76.3,7.4,10.1,4,86.5,1,1,0.0,Low,0
26.8,63.8,12.1,4.9,3,88.4,1,2,0.112,Low,0
26.4,72.8,12.6,17.9,0,95.0,0,11,0.0,Low,0
27.3,65.8,2.0,3.1,2,91.2,0,12,0.099,Low,0
25.4,73.8,15.3,32.9,0,95.0,0,1,0.059,Low,0
29.6,68.9,18.2,12.2,4,87.3,0,5,0.16,Low,0
28.4,64.1,4.8,20.8,4,86.7,1,12,0.188,Low,0
27.6,78.4,4.1,2.4,2,91.3,1,10,0.18,Low,0
26.8,63.9,5.2,24.0,0,95.0,0,5,0.065,Low,0
28.5,66.9,14.0,17.7,0,95.0,0,3,0.106,Low,0
27.8,85.9,3.7,7.9,1,93.9,0,2,0.024,Low,0
27.6,83.4,17.4,4.7,4,86.3,1,3,0.054,Low,1
27.8,80.9,10.0,20.7,4,86.4,0,4,0.0,Low,0
29.2,77.8,5.9,33.3,1,94.6,0,10,0.049,Low,0
29.2,84.1,18.7,29.7,1,94.6,1,12,0.28,Low,0
31.3,59.7,3.1,0.0,13,65.7,1,7,0.788,Critical,1
24.0,68.1,7.9,1.0,19,47.0,1,5,0.578,High,0
25.6,77.6,9.3,5.9,1,92.8,0,12,0.026,Low,0
28.4,71.9,7.5,3.1,0,95.0,1,2,0.205,Low,0
26.6,81.2,4.9,9.9,4,85.8,0,12,0.0,Low,1
24.9,72.1,2.4,7.9,2,89.9,1,12,0.06,Low,1
34.8,49.4,14.7,0.0,23,42.4,1,8,0.982,Critical,1
27.1,72.8,2.8,5.5,1,93.5,1,5,0.08,Low,1
26.0,80.3,4.2,23.0,0,95.0,1,2,0.0,Low,0
33.1,56.8,4.2,8.7,0,95.0,0,8,0.348,Low,0
33.0,44.9,8.7,0.0,20,49.0,1,7,1.0,Critical,0
25.3,83.1,4.1,29.7,4,85.1,1,12,0.069,Low,0
24.5,76.8,3.6,44.5,1,92.2,0,1,0.014,Low,0
31.0,51.8,18.3,4.5,1,95.0,0,6,0.427,Medium,0
25.7,83.1,24.1,6.5,4,85.4,0,1,0.137,Low,0
28.7,72.6,11.7,3.5,1,94.4,0,2,0.218,Low,0
26.6,67.5,29.9,8.4,2,90.8,1,11,0.162,Low,0
25.5,81.0,1.3,2.1,4,85.2,1,5,0.178,Low,1
25.7,76.8,4.5,8.7,1,92.8,0,3,0.0,Low,0
24.2,71.4,2.7,26.7,1,92.1,0,1,0.064,Low,1
29.6,53.9,24.5,0.0,20,47.3,1,7,0.956,Critical,1
24.7,73.8,16.1,25.2,4,84.8,0,10,0.032,Low,0
27.4,79.8,8.7,7.7,1,93.7,1,3,0.14,Low,1
27.4,69.7,2.2,1.4,14,61.2,1,1,0.341,Low,0
26.7,73.4,4.6,16.7,3,88.4,1,10,0.0,Low,0
25.5,68.5,4.7,11.6,3,87.7,0,2,0.042,Low,0
25.7,93.6,14.5,9.2,1,92.9,0,5,0.071,Low,0
32.5,43.3,15.0,0.7,16,58.7,0,7,0.723,High,1
29.6,91.2,6.9,20.3,3,89.8,1,12,0.163,Low,0
26.1,76.9,19.2,4.7,0,95.0,1,10,0.248,Low,0
26.6,75.9,5.3,11.7,1,93.3,1,5,0.01,Low,0
25.8,71.9,7.1,7.6,2,90.4,0,5,0.032,Low,0
24.7,77.1,1.5,0.6,22,39.9,1,2,0.516,Medium,0
26.8,83.6,13.9,15.3,0,95.0,1,1,0.13,Low,0
30.6,64.8,18.5,3.7,0,95.0,0,8,0.391,Medium,1
25.8,95.0,2.6,4.2,1,92.9,0,1,0.057,Low,0
29.7,39.6,10.8,0.0,11,69.9,1,8,0.898,Critical,1
26.7,72.2,8.9,9.0,4,85.8,1,11,0.035,Low,0
27.5,66.1,6.6,6.0,3,88.8,1,11,0.124,Low,0
25.4,71.2,5.5,3.4,4,85.2,0,10,0.1,Low,0
28.7,83.7,21.4,19.3,1,94.4,0,4,0.186,Low,1
26.7,78.2,6.0,19.3,1,93.3,1,10,0.0,Low,0
27.8,85.0,2.6,34.5,2,91.4,0,11,0.0,Low,0
24.0,87.2,16.1,26.6,1,92.0,0,2,0.0,Low,0
26.8,47.0,14.8,0.0,11,68.4,1,8,0.763,Critical,1
28.0,80.7,1.3,6.5,2,91.5,0,3,0.01,Low,0
24.5,75.8,5.1,9.8,3,87.2,0,3,0.026,Low,0
27.2,76.6,4.2,16.9,1,93.6,0,11,0.0,Low,0
34.5,63.1,18.4,0.0,18,54.8,0,6,0.821,Critical,1
25.9,83.1,5.2,6.3,1,93.0,1,2,0.105,Low,0
26.9,69.7,2.5,50.4,2,90.9,1,1,0.106,Low,0
34.0,60.0,5.3,0.2,17,57.0,0,9,0.653,High,0
26.8,82.7,25.0,5.4,1,93.4,0,2,0.147,Low,0
33.6,67.4,10.8,0.0,15,61.8,1,6,0.906,Critical,1
24.0,78.8,23.1,5.3,3,87.0,0,10,0.127,Low,0
31.9,25.0,8.9,0.0,5,85.9,1,6,0.938,Critical,1
26.8,74.4,18.6,100.0,1,93.4,1,11,0.114,Low,0
27.5,82.0,3.6,12.9,4,86.3,0,11,0.0,Low,0
26.3,76.3,7.8,68.9,0,95.0,0,11,0.0,Low,0
27.0,83.7,2.0,6.3,0,95.0,0,10,0.113,Low,0
29.5,86.6,20.3,2.7,4,87.3,1,11,0.413,Medium,0
25.6,80.8,7.7,2.2,4,85.3,0,11,0.125,Low,1
28.5,90.9,8.4,24.2,3,89.3,0,4,0.091,Low,1
27.5,64.7,3.0,45.6,1,93.7,0,3,0.103,Low,0
32.4,57.3,1.5,0.0,11,71.2,1,6,0.874,Critical,1
25.0,65.2,26.0,20.2,4,85.0,1,5,0.328,Low,0
29.0,82.5,25.2,63.6,0,95.0,0,5,0.259,Low,0
26.9,94.5,8.1,11.3,2,90.9,1,5,0.096,Low,0
24.8,72.1,14.4,12.9,0,94.9,0,12,0.066,Low,1
26.1,75.8,6.3,19.1,4,85.6,1,5,0.0,Low,0
26.4,71.5,10.8,28.6,0,95.0,0,11,0.055,Low,0
30.0,52.2,9.0,0.3,24,37.5,0,9,0.621,High,1
27.2,76.6,2.9,21.6,1,93.6,0,4,0.0,Low,0
26.7,76.8,3.5,19.0,4,85.9,0,1,0.031,Low,0
31.6,81.5,8.2,6.3,1,95.0,0,3,0.338,Low,0
31.5,25.0,4.9,0.0,17,55.8,0,8,0.788,Critical,1
26.6,66.3,5.3,3.8,4,85.8,0,11,0.103,Low,0
29.8,52.7,11.4,0.0,22,42.4,1,7,0.89,Critical,0
32.7,52.9,19.2,0.0,13,66.4,0,9,0.694,High,0
26.0,81.5,8.3,5.4,2,90.5,0,12,0.029,Low,0
34.5,51.8,7.2,2.3,0,95.0,0,7,0.579,High,1
34.4,63.1,11.2,1.9,22,44.7,0,7,0.582,High,1
27.4,77.0,13.3,15.5,1,93.7,0,11,0.0,Low,0
24.0,63.7,12.8,21.7,4,84.5,0,1,0.054,Low,0
25.9,60.8,1.7,6.7,1,92.9,1,10,0.158,Low,0
24.7,77.3,15.8,100.0,1,92.3,0,12,0.022,Low,0
27.5,67.4,13.0,15.9,3,88.8,0,1,0.074,Low,0
32.1,32.3,3.8,2.3,1,95.0,1,7,0.795,Critical,1
27.2,79.1,23.4,19.0,1,93.6,1,5,0.049,Low,0
32.3,48.8,9.7,0.0,20,48.7,0,7,0.66,High,1
28.9,92.0,7.8,4.9,0,95.0,0,4,0.183,Low,0
26.2,71.3,11.5,19.2,4,85.6,1,4,0.0,Low,0
28.0,95.0,3.1,22.3,0,95.0,1,3,0.0,Low,0
26.4,84.9,14.6,18.6,3,88.2,1,2,0.083,Low,0
28.5,76.5,2.6,27.9,3,89.2,0,10,0.002,Low,0
31.4,45.8,3.0,0.0,20,48.2,1,8,1.0,Critical,1
26.8,65.9,11.6,36.6,1,93.4,1,5,0.083,Low,0
29.0,63.6,4.3,19.7,0,95.0,0,11,0.171,Low,0
25.9,78.4,7.7,9.8,0,95.0,0,12,0.015,Low,1
28.4,73.0,17.3,9.8,3,89.2,1,5,0.224,Low,0
24.2,80.3,1.9,16.8,0,94.6,1,11,0.0,Low,0
31.2,57.5,11.1,1.0,24,38.1,1,7,0.742,High,1
34.6,61.7,7.7,4.3,0,95.0,0,8,0.42,Medium,0
27.6,95.0,15.8,6.6,4,86.3,1,3,0.11,Low,0
29.0,49.7,2.1,5.6,0,95.0,0,7,0.359,Medium,0
34.7,57.4,15.0,0.2,22,44.8,1,7,0.895,Critical,1
25.8,82.0,3.9,10.5,2,90.4,1,1,0.0,Low,0
24.5,85.6,7.2,9.8,1,92.2,0,3,0.0,Low,1
27.0,76.5,6.9,3.5,3,88.5,0,11,0.121,Low,0
33.8,32.8,16.4,0.0,8,79.4,0,7,0.806,Critical,1
38.0,44.9,14.6,0.0,15,64.0,1,6,1.0,Critical,0
27.9,75.0,9.2,0.2,12,66.4,1,1,0.498,Medium,1
26.4,73.4,2.3,1.5,18,50.7,0,10,0.228,Low,0
33.9,30.4,7.5,4.4,3,92.0,1,8,0.842,Critical,1
29.6,51.2,10.0,0.0,19,49.8,1,7,0.926,Critical,1
24.8,72.0,7.5,4.7,1,92.4,0,11,0.023,Low,0
25.6,78.5,17.0,10.9,2,90.3,0,1,0.016,Low,0
26.9,83.4,5.5,9.8,4,85.9,1,2,0.0,Low,0
27.9,83.3,15.6,27.5,3,88.9,0,3,0.066,Low,0
29.7,71.4,15.7,4.4,0,95.0,0,4,0.16,Low,0
31.2,82.0,2.9,7.7,0,95.0,1,12,0.426,Medium,0
27.2,79.8,26.1,9.3,3,88.6,1,10,0.173,Low,0
27.7,48.6,21.2,0.0,5,83.8,0,9,0.479,Medium,1
31.6,43.6,3.2,0.0,19,50.8,0,7,0.682,High,1
26.4,85.2,17.7,2.0,8,75.7,1,5,0.217,Low,0
26.8,88.3,1.9,32.5,2,90.9,0,5,0.0,Low,0
29.2,69.6,8.8,1.0,14,62.1,0,3,0.404,Medium,0
34.4,52.2,7.5,0.6,16,59.7,1,9,1.0,Critical,1
25.2,71.6,2.2,31.2,4,85.1,0,2,0.013,Low,0
30.1,36.0,2.5,6.8,0,95.0,0,7,0.552,High,0
27.5,75.8,9.4,26.1,4,86.3,0,10,0.085,Low,0
35.2,55.8,10.6,0.0,14,65.1,0,7,0.601,High,1
27.7,63.3,11.7,13.2,3,88.9,0,2,0.124,Low,0
25.5,91.5,25.0,23.5,0,95.0,1,11,0.084,Low,0
27.6,81.3,36.4,55.2,4,86.3,0,5,0.127,Low,0
24.9,81.3,25.1,9.4,0,94.9,1,4,0.171,Low,0
27.1,45.7,7.5,0.0,7,78.5,0,8,0.467,Medium,0
30.8,81.0,4.4,27.3,1,95.0,0,12,0.173,Low,1
29.9,40.1,24.8,7.9,2,92.4,0,7,0.336,Low,0
26.6,95.0,2.3,15.6,3,88.3,0,1,0.019,Low,0
28.8,84.2,14.0,39.3,3,89.4,0,5,0.117,Low,0
26.5,71.1,8.3,39.2,4,85.8,0,2,0.035,Low,0
26.2,82.2,2.7,5.4,0,95.0,1,5,0.038,Low,0
28.7,79.9,9.5,3.4,0,95.0,0,12,0.24,Low,0
24.0,78.5,9.9,13.1,2,89.5,1,3,0.0,Low,0
24.0,78.1,8.6,43.1,0,94.5,1,10,0.066,Low,0
26.4,78.2,13.3,9.4,4,85.7,1,5,0.023,Low,0
27.4,83.2,20.9,7.4,0,95.0,0,1,0.077,Low,0
30.6,25.0,15.5,0.0,9,75.3,0,6,0.63,High,0
37.8,52.2,1.8,0.0,14,66.4,1,7,0.986,Critical,1
25.5,76.1,12.9,0.6,14,60.2,0,10,0.339,Low,0
31.5,41.4,5.8,1.0,19,50.7,0,9,0.638,High,1
25.5,71.2,4.0,19.6,2,90.3,0,10,0.0,Low,0
26.8,73.2,4.4,5.7,0,95.0,1,2,0.0,Low,0
26.5,77.7,11.9,2.4,0,95.0,0,4,0.063,Low,0
27.9,75.2,15.2,27.4,3,88.9,1,4,0.0,Low,0
24.4,76.7,2.2,45.7,0,94.7,0,4,0.0,Low,0
26.4,77.9,9.5,21.3,1,93.2,1,1,0.0,Low,0
29.2,80.0,8.9,13.6,2,92.1,0,5,0.044,Low,0
30.6,87.1,22.6,19.0,3,90.3,0,5,0.301,Low,0
30.0,74.5,5.1,5.4,4,87.5,0,12,0.27,Low,0
25.5,65.6,17.2,0.4,10,70.2,0,5,0.288,Low,0
27.7,38.4,5.6,0.0,9,73.8,0,7,0.444,Medium,1
27.1,71.3,9.7,3.3,1,93.5,0,3,0.091,Low,0
24.0,76.2,6.8,0.2,12,64.5,0,10,0.243,Low,0
30.9,46.1,13.8,4.7,0,95.0,1,7,0.601,High,0
27.6,74.2,8.9,14.9,0,95.0,0,12,0.003,Low,0
30.5,58.0,6.2,0.0,9,75.2,0,9,0.453,Medium,0
27.9,46.2,1.6,2.7,0,95.0,1,7,0.343,Low,0
25.0,79.4,17.1,1.6,17,52.5,0,4,0.299,Low,0
26.9,75.1,8.3,7.7,2,91.0,1,5,0.019,Low,0
30.2,68.3,18.5,27.0,1,95.0,1,3,0.56,High,0
27.3,82.9,15.3,11.0,3,88.7,0,11,0.076,Low,0
24.0,88.2,7.5,18.9,4,84.5,1,10,0.0,Low,0
27.5,79.0,8.9,7.8,0,95.0,0,2,0.0,Low,0
27.5,66.9,27.9,6.9,2,91.3,0,4,0.121,Low,0
29.6,75.5,5.4,9.7,4,87.3,0,5,0.112,Low,0
24.7,81.4,5.2,8.6,0,94.9,0,3,0.0,Low,0
27.6,84.6,33.8,4.6,2,91.3,0,5,0.187,Low,0
24.9,70.4,7.8,52.3,1,92.5,0,2,0.0,Low,0
27.1,77.6,7.3,19.7,0,95.0,0,3,0.058,Low,0
33.3,54.9,5.0,0.2,5,86.7,0,9,0.679,High,1
25.7,71.9,7.8,3.6,2,90.3,1,11,0.065,Low,0
29.3,75.4,2.6,4.4,2,92.1,0,1,0.12,Low,0
32.5,51.6,11.6,0.2,20,48.7,1,8,1.0,Critical,1
27.5,90.7,6.3,13.1,3,88.7,0,5,0.0,Low,0
24.3,76.4,2.8,10.1,1,92.2,0,12,0.044,Low,0
27.5,76.3,7.0,5.4,3,88.8,1,4,0.08,Low,0
29.5,78.2,9.1,28.4,1,94.7,0,1,0.054,Low,0
31.6,37.7,2.0,4.9,0,95.0,1,6,0.778,Critical,1
26.8,76.5,0.7,22.6,0,95.0,1,4,0.01,Low,0
25.9,88.2,16.1,25.2,3,88.0,0,11,0.073,Low,0
24.0,74.6,13.0,31.3,1,92.0,1,5,0.008,Low,0
26.6,66.0,19.2,0.3,17,53.3,1,10,0.72,High,1
31.3,40.0,3.7,0.0,5,85.7,1,8,0.896,Critical,1
26.9,66.5,8.4,11.5,3,88.4,0,2,0.052,Low,0
29.7,73.1,8.3,9.2,1,94.9,0,12,0.099,Low,1
28.5,68.4,6.7,0.5,19,49.3,0,3,0.483,Medium,0
27.2,82.3,8.0,0.2,5,83.6,1,11,0.219,Low,0
24.0,79.3,6.4,49.6,0,94.5,1,11,0.025,Low,0
28.3,77.6,1.6,43.3,2,91.6,0,12,0.132,Low,0
26.1,76.2,11.9,6.3,0,95.0,0,4,0.03,Low,0
28.6,61.8,3.6,25.9,4,86.8,0,5,0.129,Low,0
24.6,86.3,18.9,6.7,4,84.8,0,1,0.091,Low,0
28.6,76.7,1.4,8.0,1,94.3,1,10,0.117,Low,0
31.9,76.9,14.4,0.0,14,63.4,1,8,0.62,High,1
27.2,89.5,1.4,2.3,2,91.1,0,5,0.135,Low,0
29.6,71.0,11.3,42.2,0,95.0,0,12,0.07,Low,0
29.1,32.4,8.7,0.0,11,69.5,1,6,1.0,Critical,0
25.2,88.9,15.0,7.5,3,87.6,1,12,0.151,Low,0
33.1,34.2,2.9,0.0,11,71.5,1,6,0.923,Critical,1
29.2,84.6,10.9,7.5,1,94.6,0,2,0.146,Low,1
30.0,52.8,5.8,0.0,19,50.0,0,9,0.692,High,0
25.2,80.2,8.5,77.4,2,90.1,1,10,0.0,Low,0
30.2,81.7,26.9,1.3,9,75.1,1,10,0.574,High,1
33.6,44.0,19.7,4.2,3,91.8,1,8,0.887,Critical,1
32.6,38.7,16.0,0.0,8,78.8,0,6,0.741,High,0
26.5,75.8,7.4,4.5,2,90.8,0,11,0.055,Low,0
26.6,73.2,4.1,19.1,4,85.8,1,1,0.0,Low,0
25.1,61.5,3.1,9.5,4,85.0,1,5,0.036,Low,0
27.4,73.1,20.3,54.4,4,86.2,1,11,0.137,Low,0
25.5,73.3,0.8,25.4,0,95.0,0,1,0.038,Low,0
31.0,58.8,3.5,0.0,9,75.5,1,9,0.693,High,1
33.8,45.3,5.5,0.0,9,76.9,0,8,0.707,High,0
25.1,83.1,7.2,0.7,17,52.5,0,2,0.299,Low,0
33.7,25.0,2.9,0.0,22,44.4,0,9,0.97,Critical,0
26.9,71.4,14.7,17.1,4,85.9,0,1,0.107,Low,0
27.1,73.3,4.9,30.7,1,93.6,1,11,0.0,Low,0
24.0,80.0,16.5,8.8,2,89.5,0,10,0.0,Low,0
29.2,66.6,15.2,0.0,5,84.6,1,6,0.542,Medium,0
29.2,79.8,10.4,9.5,4,87.1,0,2,0.085,Low,0
27.5,79.8,11.1,3.0,1,93.7,0,5,0.213,Low,1
27.0,83.7,3.1,12.2,2,91.0,0,4,0.0,Low,0
29.1,43.4,6.1,0.0,13,64.5,1,6,0.903,Critical,1
29.7,71.5,5.1,11.9,1,94.8,0,3,0.089,Low,0
31.0,72.0,3.8,37.1,4,88.0,0,10,0.22,Low,0
29.3,84.8,3.4,19.4,4,87.2,0,10,0.044,Low,0
25.2,94.4,7.4,11.8,2,90.1,1,2,0.13,Low,0
27.1,68.7,8.7,55.7,4,86.1,0,1,0.073,Low,0
29.9,72.4,17.8,45.6,0,95.0,1,10,0.094,Low,0
28.8,53.2,7.5,0.4,23,39.4,0,9,0.505,Medium,1
30.8,61.2,8.7,0.7,12,67.9,1,8,0.747,High,1
26.5,73.6,19.8,4.9,0,95.0,0,4,0.115,Low,0
28.7,84.6,12.4,9.7,2,91.9,0,1,0.126,Low,1
31.1,43.8,9.3,2.7,1,95.0,0,7,0.46,Medium,1
29.4,81.2,14.6,43.1,1,94.7,1,3,0.317,Low,0
25.2,92.6,15.1,15.5,1,92.6,0,10,0.009,Low,0
27.3,86.3,9.4,16.4,3,88.7,0,10,0.044,Low,0
29.2,82.6,15.2,4.1,1,94.6,1,3,0.279,Low,0
36.3,48.5,3.8,0.0,6,85.6,0,7,0.752,Critical,0
28.3,77.6,6.5,4.0,0,95.0,1,11,0.222,Low,0
26.7,72.9,9.2,21.8,4,85.8,1,10,0.0,Low,0
26.7,76.8,5.4,2.1,2,90.8,1,4,0.172,Low,0
28.7,70.3,10.9,4.1,2,91.8,1,4,0.149,Low,0
24.0,74.5,19.7,31.8,0,94.5,1,11,0.111,Low,0
26.6,85.9,21.8,10.7,0,95.0,0,11,0.005,Low,0
25.6,73.1,27.7,5.7,0,95.0,0,3,0.197,Low,0
27.6,77.9,2.2,0.2,14,61.3,0,12,0.247,Low,0
28.6,65.1,0.7,6.3,4,86.8,1,6,0.331,Low,0
28.9,75.9,2.5,14.9,0,95.0,0,3,0.15,Low,0
34.9,59.3,5.9,0.0,5,87.5,0,7,0.53,Medium,1
26.7,30.1,8.6,3.0,3,88.4,0,8,0.293,Low,0
24.9,72.2,5.0,44.3,3,87.4,1,12,0.0,Low,0
24.0,80.5,15.0,8.1,2,89.5,0,12,0.072,Low,0
29.2,80.6,10.5,6.6,3,89.6,0,11,0.207,Low,0
27.6,77.6,4.3,11.6,3,88.8,0,1,0.0,Low,0
29.5,90.8,8.0,14.8,0,95.0,1,10,0.188,Low,0
32.5,46.0,5.6,0.0,18,53.8,1,9,1.0,Critical,1
29.9,81.2,13.0,24.9,4,87.4,0,10,0.157,Low,0
26.8,76.9,8.0,3.8,3,88.4,0,5,0.153,Low,0
28.2,67.7,10.2,0.0,15,59.1,0,5,0.469,Medium,1
28.0,41.5,6.1,1.3,5,84.0,0,7,0.324,Low,0
25.3,83.6,11.2,19.1,4,85.2,0,5,0.015,Low,0
28.9,81.9,6.6,6.5,3,89.5,1,12,0.255,Low,0
30.2,85.8,3.5,19.3,3,90.1,0,4,0.176,Low,0
26.1,83.1,5.4,3.3,3,88.1,0,10,0.066,Low,1
35.2,53.9,17.6,0.9,14,65.1,0,8,0.729,High,1
28.5,93.2,6.9,11.7,4,86.7,0,10,0.078,Low,0
31.2,66.2,30.1,0.0,16,58.1,1,7,0.957,Critical,1
35.6,61.4,5.5,2.7,0,95.0,1,9,0.626,High,1
26.9,85.9,15.9,1.7,20,45.9,0,5,0.308,Low,0
29.3,59.2,8.6,0.1,16,57.2,1,8,0.751,Critical,1
31.8,62.1,15.6,0.0,5,85.9,0,8,0.511,Medium,0
26.2,72.7,22.6,2.4,4,85.6,1,3,0.228,Low,0
33.3,49.7,4.2,0.0,16,59.1,1,7,0.972,Critical,1
25.1,51.6,1.3,0.0,20,45.0,0,9,0.497,Medium,1
33.2,41.5,4.0,0.0,24,39.1,1,8,1.0,Critical,1
27.3,87.8,2.4,2.5,2,91.2,0,2,0.033,Low,0
30.7,31.4,6.1,0.0,13,65.3,0,6,0.727,High,1
32.0,39.2,19.9,0.4,7,81.0,1,9,1.0,Critical,0
27.2,90.7,11.2,4.0,1,93.6,0,3,0.083,Low,1
31.1,43.7,5.7,3.4,3,90.5,0,7,0.502,Medium,0
28.6,79.4,12.3,0.1,10,71.8,0,5,0.425,Medium,0
32.8,40.0,5.5,0.6,6,83.9,1,8,0.978,Critical,1
31.9,46.4,19.7,0.0,8,78.5,0,7,0.673,High,1
28.0,75.8,4.9,52.5,4,86.5,0,11,0.071,Low,0
26.8,76.0,6.7,22.8,0,95.0,1,2,0.091,Low,0
26.1,77.5,15.3,1.8,6,80.6,0,12,0.175,Low,0
30.2,83.5,1.2,1.5,7,80.1,0,11,0.347,Low,1
24.0,74.3,10.6,1.8,19,47.0,0,2,0.28,Low,0
31.3,68.3,14.6,15.2,2,93.1,1,4,0.311,Low,0
30.0,45.3,6.5,0.0,24,37.5,0,6,0.541,Medium,1
35.6,55.1,10.9,0.0,10,75.3,1,7,0.963,Critical,0
32.3,25.0,2.3,9.2,1,95.0,1,8,0.612,High,1
26.1,83.3,2.8,0.6,19,48.1,0,2,0.348,Low,0
35.5,49.4,17.6,0.0,14,65.2,0,9,0.704,High,1
27.1,78.0,2.2,3.1,4,86.1,1,10,0.123,Low,0
25.7,87.1,8.8,3.0,2,90.3,0,4,0.07,Low,0
29.1,72.4,3.1,8.1,3,89.6,1,4,0.081,Low,1
32.1,47.2,0.7,0.0,14,63.5,1,8,0.932,Critical,1
27.9,82.1,25.9,66.8,4,86.4,0,12,0.052,Low,0
28.4,71.4,2.8,3.9,0,95.0,0,9,0.121,Low,0
26.0,73.0,9.5,13.3,1,93.0,0,5,0.0,Low,0
24.0,68.0,3.9,8.8,2,89.5,1,2,0.066,Low,0
30.4,54.6,9.8,8.3,4,87.7,0,6,0.35,Low,0
30.9,45.9,12.5,0.0,10,73.0,0,9,0.619,High,1
24.2,81.6,11.7,2.0,5,82.1,0,2,0.103,Low,0
24.9,81.5,8.1,23.7,0,95.0,1,10,0.023,Low,0
29.6,54.7,5.0,0.0,23,39.8,1,8,0.975,Critical,1
29.4,78.2,0.9,26.0,1,94.7,1,2,0.151,Low,0
29.5,36.3,4.3,1.9,6,82.2,1,8,0.771,Critical,1
30.0,86.1,5.2,14.2,2,92.5,1,4,0.324,Low,0
27.0,72.2,17.3,14.7,1,93.5,0,5,0.031,Low,0
31.9,79.0,19.4,1.8,18,53.4,0,4,0.602,High,1
25.8,75.6,16.4,18.7,0,95.0,0,1,0.0,Low,0
33.9,48.9,9.2,0.0,6,84.5,0,7,0.74,High,0
25.8,89.0,21.3,9.2,2,90.4,0,12,0.041,Low,0
26.4,81.9,2.3,0.2,7,78.2,0,4,0.306,Low,0
30.4,52.7,10.4,4.3,2,92.7,0,6,0.425,Medium,0
33.7,65.1,6.2,0.0,7,81.9,1,8,0.907,Critical,1
25.2,71.0,5.3,46.0,0,95.0,0,2,0.0,Low,0
26.9,30.2,5.3,0.0,24,36.0,1,8,0.923,Critical,1
27.0,65.2,8.7,18.9,1,93.5,1,10,0.108,Low,0
29.1,63.4,8.3,0.0,16,57.0,0,9,0.5,Medium,1
25.5,89.4,2.7,4.0,0,95.0,0,3,0.1,Low,0
26.7,71.5,21.1,0.8,21,43.4,1,4,0.63,High,0
27.4,78.7,3.3,7.2,0,95.0,0,11,0.095,Low,0
30.3,42.9,13.2,0.0,20,47.6,0,8,0.753,Critical,1
30.6,69.6,20.0,8.9,1,95.0,0,11,0.334,Low,1
25.9,75.5,4.2,0.0,6,80.5,0,6,0.362,Medium,0
26.9,62.9,6.9,7.8,3,88.5,1,8,0.182,Low,0
24.9,84.8,6.9,3.4,1,92.4,1,1,0.092,Low,0
27.9,70.3,2.6,2.5,4,86.4,0,12,0.026,Low,0
32.5,36.7,2.3,0.0,9,76.3,1,6,0.999,Critical,1
27.3,79.5,9.8,17.1,0,95.0,0,11,0.034,Low,0
28.1,31.1,23.3,8.3,3,89.0,0,9,0.319,Low,0
24.4,76.8,8.3,3.2,0,94.7,0,10,0.071,Low,0
24.6,75.1,1.8,45.9,1,92.3,1,11,0.0,Low,0
29.4,47.4,1.9,2.0,3,89.7,0,7,0.328,Low,0
32.8,56.8,18.4,2.8,4,88.9,0,7,0.406,Medium,0
32.4,49.5,7.2,3.9,1,95.0,0,9,0.394,Medium,0
29.6,84.3,4.9,2.6,4,87.3,0,5,0.192,Low,0
29.3,74.9,17.7,26.1,1,94.6,1,12,0.208,Low,0
34.1,41.8,4.1,2.0,0,95.0,1,8,0.792,Critical,1
32.1,44.0,10.9,0.0,13,66.1,1,8,0.89,Critical,1
25.2,95.0,10.8,20.2,1,92.6,0,10,0.045,Low,0
29.5,80.7,29.3,11.5,0,95.0,1,2,0.303,Low,0
28.0,74.8,2.6,23.7,1,94.0,0,10,0.052,Low,0
30.6,71.1,4.5,0.5,13,65.3,1,7,0.792,Critical,1
27.8,82.3,2.0,2.6,4,86.4,1,5,0.123,Low,0
30.1,90.8,8.9,20.8,0,95.0,1,11,0.348,Low,0
26.6,87.9,11.1,37.7,3,88.3,1,3,0.0,Low,0
25.5,55.5,7.3,10.4,2,90.3,0,1,0.118,Low,1
26.7,85.9,3.8,1.2,17,53.3,0,11,0.257,Low,0
26.8,79.0,6.1,5.6,1,93.4,1,12,0.072,Low,1
26.4,75.5,16.5,14.4,3,88.2,0,1,0.008,Low,0
28.0,86.0,10.4,8.6,2,91.5,0,12,0.067,Low,0
30.4,32.9,7.0,1.6,16,57.7,1,7,0.964,Critical,1
26.8,71.2,5.0,5.4,3,88.4,1,10,0.128,Low,0
26.5,69.9,2.7,8.9,3,88.2,1,4,0.096,Low,0
24.4,78.4,16.6,13.0,2,89.7,1,4,0.0,Low,0
31.2,50.3,29.9,0.0,21,45.6,0,6,0.832,Critical,1
30.9,65.1,11.6,0.0,16,57.9,0,7,0.636,High,0
24.8,68.1,26.4,21.2,2,89.9,0,5,0.181,Low,0
31.0,75.5,10.2,20.2,4,88.0,1,12,0.322,Low,0
27.5,75.4,7.6,0.3,14,61.2,0,4,0.27,Low,0
24.0,79.0,10.1,2.0,23,37.0,1,5,0.372,Medium,0
26.9,92.4,3.8,16.6,2,91.0,0,4,0.007,Low,0
24.0,71.2,19.0,2.9,2,89.5,1,10,0.3,Low,0
24.0,59.8,8.7,8.2,1,92.0,0,4,0.111,Low,0
24.9,78.0,4.9,3.1,3,87.5,0,1,0.028,Low,0
32.4,47.7,13.2,0.0,18,53.7,1,6,1.0,Critical,1
38.0,47.0,5.4,5.4,1,95.0,0,6,0.467,Medium,0
32.0,53.4,4.4,0.0,22,43.5,1,7,0.985,Critical,1
32.1,80.4,36.0,40.0,1,95.0,0,2,0.289,Low,0
26.7,72.7,15.2,9.9,0,95.0,0,10,0.032,Low,0
29.2,57.1,7.9,0.0,14,62.1,0,8,0.419,Medium,0
26.9,77.0,7.7,2.6,1,93.5,0,3,0.06,Low,0
29.1,77.7,4.4,1.9,14,62.0,0,4,0.238,Low,0
27.3,70.0,23.4,5.4,4,86.2,0,1,0.197,Low,0
24.0,72.3,4.8,18.5,0,94.5,1,11,0.095,Low,0
24.0,79.5,5.1,17.5,4,84.5,1,5,0.077,Low,0
26.3,88.7,9.2,30.0,4,85.7,0,5,0.0,Low,0
28.4,79.8,5.3,19.4,3,89.2,0,10,0.0,Low,0
26.2,78.9,9.3,4.2,4,85.6,1,10,0.114,Low,0
25.3,60.8,4.4,11.4,1,92.6,0,2,0.024,Low,0
28.2,80.4,4.2,2.2,1,94.1,0,11,0.258,Low,0
26.6,75.7,8.8,3.9,1,93.3,0,11,0.073,Low,0
25.9,80.1,14.0,5.6,0,95.0,1,11,0.036,Low,0
33.2,34.9,5.1,0.0,20,49.1,1,9,1.0,Critical,1
35.5,80.9,2.3,0.0,11,72.7,1,7,0.902,Critical,1
31.6,54.0,16.5,2.7,4,88.3,1,8,0.771,Critical,1
27.7,60.2,21.5,0.3,10,71.4,0,12,0.331,Low,0
26.8,71.5,7.6,18.3,4,85.9,0,5,0.0,Low,0
24.0,73.6,11.0,5.7,0,94.5,1,3,0.0,Low,0
25.2,69.4,10.2,2.6,4,85.1,0,11,0.26,Low,0
24.0,76.8,10.4,22.4,3,87.0,1,12,0.0,Low,0
28.0,89.7,5.0,18.2,2,91.5,0,12,0.16,Low,1
26.5,76.3,5.7,3.1,3,88.3,0,5,0.009,Low,0
26.7,81.3,3.3,21.5,4,85.8,0,10,0.0,Low,0
30.9,48.0,9.2,9.4,2,92.9,0,9,0.344,Low,0
31.6,68.5,3.9,0.5,20,48.3,0,8,0.615,High,0
27.4,77.1,8.0,8.9,3,88.7,1,4,0.049,Low,0
26.2,86.7,3.0,1.9,17,53.1,1,5,0.351,Medium,0
32.6,61.3,16.1,3.3,2,93.8,0,6,0.303,Low,0
28.2,61.5,6.0,7.1,4,86.6,1,2,0.258,Low,0
29.9,40.5,9.6,2.0,21,45.0,1,8,0.806,Critical,1
